customerID,ChurnProbability,risk_tier,Contract,tenure,MonthlyCharges
4424-TKOPW,0.87,High Risk,Month-to-month,2,93.85
9300-AGZNL,0.87,High Risk,Month-to-month,1,94.0
5178-LMXOP,0.87,High Risk,Month-to-month,1,95.1
2720-WGKHP,0.87,High Risk,Month-to-month,2,94.0
9497-QCMMS,0.87,High Risk,Month-to-month,1,93.55
7024-OHCCK,0.87,High Risk,Month-to-month,2,93.85
7216-EWTRS,0.87,High Risk,Month-to-month,1,100.8
8098-LLAZX,0.86,High Risk,Month-to-month,4,95.45
1374-DMZUI,0.86,High Risk,Month-to-month,4,94.3
5567-WSELE,0.86,High Risk,Month-to-month,3,94.6
5150-ITWWB,0.86,High Risk,Month-to-month,3,94.85
3068-OMWZA,0.85,High Risk,Month-to-month,1,88.8
4822-RVYBB,0.85,High Risk,Month-to-month,8,100.6
6496-SLWHQ,0.85,High Risk,Month-to-month,3,105.0
4910-GMJOT,0.85,High Risk,Month-to-month,1,94.6
8149-RSOUN,0.85,High Risk,Month-to-month,1,93.85
5419-JPRRN,0.85,High Risk,Month-to-month,1,101.45
6861-XWTWQ,0.85,High Risk,Month-to-month,7,99.25
5192-EBGOV,0.84,High Risk,Month-to-month,1,85.7
9681-OXGVC,0.84,High Risk,Month-to-month,5,100.5
4695-WJZUE,0.84,High Risk,Month-to-month,2,88.55
0295-PPHDO,0.84,High Risk,Month-to-month,1,95.45
8884-ADFVN,0.84,High Risk,Month-to-month,7,101.95
6023-YEBUP,0.84,High Risk,Month-to-month,3,100.95
1400-MMYXY,0.84,High Risk,Month-to-month,3,105.9
3158-MOERK,0.84,High Risk,Month-to-month,2,96.0
7851-WZEKY,0.84,High Risk,Month-to-month,2,95.15
0781-LKXBR,0.84,High Risk,Month-to-month,9,100.5
3049-SOLAY,0.84,High Risk,Month-to-month,3,95.2
2446-BEGGB,0.84,High Risk,Month-to-month,6,98.25
1273-MTETI,0.83,High Risk,Month-to-month,4,88.85
2545-EBUPK,0.83,High Risk,Month-to-month,2,84.05
1069-XAIEM,0.83,High Risk,Month-to-month,1,85.05
2660-EMUBI,0.83,High Risk,Month-to-month,10,95.35
4826-XTSOH,0.83,High Risk,Month-to-month,1,86.05
9057-SIHCH,0.83,High Risk,Month-to-month,3,96.6
2865-TCHJW,0.83,High Risk,Month-to-month,4,89.2
3389-YGYAI,0.83,High Risk,Month-to-month,8,105.5
7450-NWRTR,0.83,High Risk,Month-to-month,12,99.45
1415-YFWLT,0.83,High Risk,Month-to-month,1,89.3
6630-UJZMY,0.83,High Risk,Month-to-month,4,83.25
9305-CDSKC,0.83,High Risk,Month-to-month,8,99.65
2012-NWRPA,0.83,High Risk,Month-to-month,11,99.55
5277-ZLOOR,0.83,High Risk,Month-to-month,2,85.55
6521-YYTYI,0.82,High Risk,Month-to-month,1,93.3
8161-QYMTT,0.82,High Risk,Month-to-month,7,94.1
3793-MMFUH,0.82,High Risk,Month-to-month,13,95.05
0107-YHINA,0.82,High Risk,Month-to-month,1,99.75
4626-GYCZP,0.82,High Risk,Month-to-month,7,93.85
6350-XFYGW,0.82,High Risk,Month-to-month,4,94.75
4750-ZRXIU,0.82,High Risk,Month-to-month,4,84.6
3988-RQIXO,0.82,High Risk,Month-to-month,1,91.3
1455-UGQVH,0.81,High Risk,Month-to-month,10,98.5
4145-UQXUQ,0.81,High Risk,Month-to-month,8,92.1
7668-XCFYV,0.81,High Risk,Month-to-month,17,92.55
1075-BGWOH,0.81,High Risk,Month-to-month,16,98.75
4078-SAYYN,0.81,High Risk,Month-to-month,11,100.75
0897-FEGMU,0.81,High Risk,Month-to-month,11,99.5
2205-YMZZJ,0.81,High Risk,Month-to-month,7,84.8
0196-VULGZ,0.81,High Risk,Month-to-month,6,84.35
2968-SSGAA,0.81,High Risk,Month-to-month,10,100.6
4587-VVTOX,0.81,High Risk,Month-to-month,6,105.3
2656-TABEH,0.81,High Risk,Month-to-month,4,100.2
7943-RQCHR,0.81,High Risk,Month-to-month,9,94.75
9061-TIHDA,0.81,High Risk,Month-to-month,13,95.25
4847-TAJYI,0.81,High Risk,Month-to-month,6,89.35
6969-MVBAI,0.81,High Risk,Month-to-month,9,90.1
9546-CQJSU,0.81,High Risk,Month-to-month,2,91.4
1724-BQUHA,0.81,High Risk,Month-to-month,5,89.5
3320-VEOYC,0.81,High Risk,Month-to-month,14,95.6
4912-PIGUY,0.81,High Risk,Month-to-month,1,84.6
9282-IZGQK,0.81,High Risk,Month-to-month,1,85.0
0564-JJHGS,0.81,High Risk,Month-to-month,9,95.5
8775-LHDJH,0.81,High Risk,Month-to-month,1,90.6
8414-MYSHR,0.8,High Risk,Month-to-month,5,91.4
3722-WPXTK,0.8,High Risk,Month-to-month,1,88.35
8603-IJWDN,0.8,High Risk,Month-to-month,1,86.6
3489-HHPFY,0.8,High Risk,Month-to-month,2,84.05
0754-UKWQP,0.8,High Risk,Month-to-month,2,95.85
6683-VLCTZ,0.8,High Risk,Month-to-month,20,98.55
5935-FCCNB,0.8,High Risk,Month-to-month,17,94.2
9221-OTIVJ,0.8,High Risk,Month-to-month,14,104.85
4927-WWOOZ,0.8,High Risk,Month-to-month,2,91.45
9965-YOKZB,0.8,High Risk,Month-to-month,9,83.85
8245-UMPYT,0.8,High Risk,Month-to-month,16,96.4
0259-GBZSH,0.8,High Risk,Month-to-month,2,85.65
5383-MMTWC,0.8,High Risk,Month-to-month,8,84.0
2265-CYWIV,0.8,High Risk,Month-to-month,4,99.6
5519-NPHVG,0.8,High Risk,Month-to-month,12,94.2
8972-HJWNV,0.8,High Risk,Month-to-month,7,84.55
1304-NECVQ,0.8,High Risk,Month-to-month,2,78.55
4115-NZRKS,0.8,High Risk,Month-to-month,7,89.15
3319-DWOEP,0.8,High Risk,Month-to-month,6,95.75
0021-IKXGC,0.8,High Risk,Month-to-month,1,72.1
3811-VBYBZ,0.8,High Risk,Month-to-month,7,99.8
5565-FILXA,0.8,High Risk,Month-to-month,16,96.15
7234-FECYN,0.8,High Risk,Month-to-month,8,101.35
1875-QIVME,0.8,High Risk,Month-to-month,2,104.4
1455-ESIQH,0.8,High Risk,Month-to-month,1,89.1
8058-JMEQO,0.8,High Risk,Month-to-month,9,84.45
7577-SWIFR,0.8,High Risk,Month-to-month,1,89.25
1143-NMNQJ,0.8,High Risk,Month-to-month,2,85.7
2982-VPSGI,0.8,High Risk,Month-to-month,11,94.0
1833-VGRUM,0.8,High Risk,Month-to-month,1,74.2
0970-ETWGE,0.8,High Risk,Month-to-month,1,89.55
3027-ZTDHO,0.8,High Risk,Month-to-month,1,89.9
1624-NALOJ,0.79,High Risk,Month-to-month,5,89.8
6230-BSUXY,0.79,High Risk,Month-to-month,1,85.0
9611-CTWIH,0.79,High Risk,Month-to-month,3,89.45
7488-MXJIV,0.79,High Risk,Month-to-month,4,85.65
7228-OMTPN,0.79,High Risk,Month-to-month,4,88.45
3551-HUAZH,0.79,High Risk,Month-to-month,1,74.4
8739-XNIKG,0.79,High Risk,Month-to-month,5,84.0
0187-QSXOE,0.79,High Risk,Month-to-month,7,89.0
4988-IQIGL,0.79,High Risk,Month-to-month,1,75.35
5380-AFSSK,0.79,High Risk,Month-to-month,5,93.9
2725-KXXWT,0.79,High Risk,Month-to-month,1,90.75
8473-VUVJN,0.79,High Risk,Month-to-month,1,73.65
1658-BYGOY,0.79,High Risk,Month-to-month,18,95.45
5240-IJOQT,0.79,High Risk,Month-to-month,1,74.7
2642-DTVCO,0.79,High Risk,Month-to-month,9,85.05
4102-OQUPX,0.79,High Risk,Month-to-month,1,74.4
6894-LFHLY,0.79,High Risk,Month-to-month,1,75.75
3621-CEOVK,0.79,High Risk,Month-to-month,14,100.2
3902-FOIGH,0.79,High Risk,Month-to-month,12,101.35
6567-HOOPW,0.79,High Risk,Month-to-month,1,79.2
2034-GDRCN,0.79,High Risk,Month-to-month,2,90.4
4548-SDBKE,0.79,High Risk,Month-to-month,5,85.2
7225-CBZPL,0.79,High Risk,Month-to-month,17,94.8
9134-CEQMF,0.79,High Risk,Month-to-month,7,89.5
1564-NTYXF,0.79,High Risk,Month-to-month,13,82.0
7526-BEZQB,0.79,High Risk,Month-to-month,12,96.05
6513-EECDB,0.79,High Risk,Month-to-month,1,73.55
6474-FVJLC,0.79,High Risk,Month-to-month,2,86.0
8580-AECUZ,0.79,High Risk,Month-to-month,1,79.1
3606-TWKGI,0.79,High Risk,Month-to-month,13,106.9
8593-WHYHV,0.79,High Risk,Month-to-month,3,85.3
0723-DRCLG,0.79,High Risk,Month-to-month,1,74.45
8337-UPOAQ,0.79,High Risk,Month-to-month,10,89.8
3452-GWUIN,0.79,High Risk,Month-to-month,19,94.95
7274-RTAPZ,0.79,High Risk,Month-to-month,1,90.55
7398-SKNQZ,0.79,High Risk,Month-to-month,3,94.9
4094-NSEDU,0.78,High Risk,Month-to-month,21,94.25
1197-BVMVG,0.78,High Risk,Month-to-month,4,74.45
3727-RJMEO,0.78,High Risk,Month-to-month,6,82.85
4713-LZDRV,0.78,High Risk,Month-to-month,2,79.6
6108-OQZDQ,0.78,High Risk,Month-to-month,4,97.95
3097-NQYSN,0.78,High Risk,Month-to-month,2,86.85
0236-HFWSV,0.78,High Risk,Month-to-month,15,93.35
0697-ZMSWS,0.78,High Risk,Month-to-month,4,85.65
4140-MUHUG,0.78,High Risk,Month-to-month,3,86.85
3643-AHCFP,0.78,High Risk,Month-to-month,7,95.6
4192-GORJT,0.78,High Risk,Month-to-month,5,94.45
1626-ERCMM,0.78,High Risk,Month-to-month,20,94.55
2462-XIIJB,0.78,High Risk,Month-to-month,5,92.5
0722-TROQR,0.78,High Risk,Month-to-month,4,74.9
1579-KLYDT,0.78,High Risk,Month-to-month,7,90.45
1389-CXMLU,0.78,High Risk,Month-to-month,3,91.05
9248-OJYKK,0.78,High Risk,Month-to-month,1,76.45
3318-NMQXL,0.78,High Risk,Month-to-month,3,92.0
5299-SJCZT,0.78,High Risk,Month-to-month,3,101.55
4929-XIHVW,0.77,High Risk,Month-to-month,2,95.5
2027-FECZV,0.77,High Risk,Month-to-month,12,106.7
9025-AOMKI,0.77,High Risk,Month-to-month,6,93.55
0655-RBDUG,0.77,High Risk,Month-to-month,7,98.05
7779-LGOVN,0.77,High Risk,Month-to-month,10,86.65
8931-GJJIQ,0.77,High Risk,Month-to-month,9,83.3
8357-EQXFO,0.77,High Risk,Month-to-month,7,95.35
6328-ZPBGN,0.77,High Risk,Month-to-month,11,95.15
2672-HUYVI,0.77,High Risk,Month-to-month,6,91.1
0680-DFNNY,0.77,High Risk,Month-to-month,15,101.1
8258-GSTJK,0.77,High Risk,Month-to-month,3,77.0
1925-TIBLE,0.77,High Risk,Month-to-month,7,86.5
5698-BQJOH,0.77,High Risk,Month-to-month,9,94.4
9231-ZJYAM,0.77,High Risk,Month-to-month,4,78.85
4086-YQSNZ,0.77,High Risk,Month-to-month,3,80.4
6015-VVHHE,0.77,High Risk,Month-to-month,5,83.15
3387-VATUS,0.77,High Risk,Month-to-month,5,94.85
1173-XZPYF,0.77,High Risk,Month-to-month,11,89.2
7576-OYWBN,0.77,High Risk,Month-to-month,3,76.05
4951-UKAAQ,0.77,High Risk,Month-to-month,4,88.95
3178-FESZO,0.77,High Risk,Month-to-month,1,100.25
4060-LDNLU,0.77,High Risk,Month-to-month,7,96.2
2990-HWIML,0.77,High Risk,Month-to-month,6,89.5
0916-QOFDP,0.77,High Risk,Month-to-month,14,95.8
0325-XBFAC,0.77,High Risk,Month-to-month,8,94.7
6161-UUUTA,0.77,High Risk,Month-to-month,3,79.9
9290-SHCMB,0.77,High Risk,Month-to-month,13,96.85
5956-VKDTT,0.77,High Risk,Month-to-month,5,74.35
9451-LPGOO,0.76,High Risk,Month-to-month,7,86.8
5644-PDMZC,0.76,High Risk,Month-to-month,2,89.5
7156-MHUGY,0.76,High Risk,Month-to-month,13,90.5
7120-RFMVS,0.76,High Risk,Month-to-month,1,84.5
5348-CAGXB,0.76,High Risk,Month-to-month,12,89.55
2202-CUYXZ,0.76,High Risk,Month-to-month,1,84.85
1157-BQCUW,0.76,High Risk,Month-to-month,1,74.95
6734-GMPVK,0.76,High Risk,Month-to-month,5,105.3
5956-YHHRX,0.76,High Risk,Month-to-month,21,104.35
9223-UCPVT,0.76,High Risk,Month-to-month,1,94.4
7074-IEVOJ,0.76,High Risk,Month-to-month,3,79.4
9124-LHCJQ,0.76,High Risk,Month-to-month,1,85.45
5597-GLBUC,0.76,High Risk,Month-to-month,1,85.45
6892-EZDTG,0.76,High Risk,Month-to-month,4,91.65
9189-JWSHV,0.76,High Risk,Month-to-month,24,93.55
7330-WZLNC,0.76,High Risk,Month-to-month,5,90.8
8087-LGYHQ,0.76,High Risk,Month-to-month,9,94.05
2123-AGEEN,0.76,High Risk,Month-to-month,7,84.35
6857-VWJDT,0.76,High Risk,Month-to-month,1,95.65
8816-VXNZD,0.76,High Risk,Month-to-month,1,75.1
9809-IMGCQ,0.76,High Risk,Month-to-month,22,96.7
4228-ZGYUW,0.76,High Risk,Month-to-month,4,90.05
9944-HKVVB,0.76,High Risk,Month-to-month,3,95.1
5229-PRWKT,0.76,High Risk,Month-to-month,8,86.55
4415-IJZTP,0.76,High Risk,Month-to-month,1,74.5
0702-PGIBZ,0.76,High Risk,Month-to-month,4,101.7
2691-NZETQ,0.76,High Risk,Month-to-month,9,85.35
6358-LYNGM,0.76,High Risk,Month-to-month,1,74.9
4514-GFCFI,0.76,High Risk,Month-to-month,16,84.75
8780-IXSTS,0.76,High Risk,Month-to-month,6,90.1
7181-BQYBV,0.76,High Risk,Month-to-month,1,102.45
3462-BJQQA,0.76,High Risk,Month-to-month,6,89.75
6210-KBBPI,0.76,High Risk,Month-to-month,9,99.45
8382-SHQEH,0.76,High Risk,Month-to-month,8,84.9
6688-UZPWD,0.76,High Risk,Month-to-month,11,102.0
6979-ZNSFF,0.76,High Risk,Month-to-month,8,87.05
4273-MBHYA,0.76,High Risk,Month-to-month,1,89.35
2215-ZAFGX,0.76,High Risk,Month-to-month,9,85.5
5052-PNLOS,0.76,High Risk,Month-to-month,3,105.35
9957-YODKZ,0.76,High Risk,Month-to-month,6,80.8
7503-ZGUZJ,0.76,High Risk,Month-to-month,1,84.65
1618-CFHME,0.75,High Risk,Month-to-month,2,75.9
1941-HOSAM,0.75,High Risk,Month-to-month,1,90.1
6615-NGGZJ,0.75,High Risk,Month-to-month,14,100.55
7439-DKZTW,0.75,High Risk,Month-to-month,1,80.55
7817-BOQPW,0.75,High Risk,Month-to-month,2,75.55
2454-RPBRZ,0.75,High Risk,Month-to-month,12,98.1
9306-CPCBC,0.75,High Risk,Month-to-month,3,74.25
7130-VTEWQ,0.75,High Risk,Month-to-month,8,75.75
9725-SCPZG,0.75,High Risk,Month-to-month,1,90.85
8168-UQWWF,0.75,High Risk,Month-to-month,11,97.85
9334-GWGOW,0.75,High Risk,Month-to-month,7,74.85
4090-KPJIP,0.75,High Risk,Month-to-month,3,74.95
8740-CRYFY,0.75,High Risk,Month-to-month,1,78.95
2868-MZAGQ,0.75,High Risk,Month-to-month,1,79.25
3295-YVUSR,0.75,High Risk,Month-to-month,2,72.6
0709-TVGUR,0.75,High Risk,Month-to-month,9,74.55
8510-AWCXC,0.75,High Risk,Month-to-month,13,100.8
5494-HECPR,0.75,High Risk,Month-to-month,1,80.25
0365-BZUWY,0.75,High Risk,Month-to-month,17,102.55
7209-JCUDS,0.75,High Risk,Month-to-month,10,94.9
5955-ERIHD,0.75,High Risk,Month-to-month,18,94.7
1981-INRFU,0.75,High Risk,Month-to-month,2,79.75
5349-IECLD,0.75,High Risk,Month-to-month,2,94.95
3398-FSHON,0.75,High Risk,Month-to-month,12,91.3
7613-LLQFO,0.75,High Risk,Month-to-month,12,84.45
1761-AEZZR,0.75,High Risk,Month-to-month,1,79.55
2982-IHMFT,0.75,High Risk,Month-to-month,1,74.45
8808-ELEHO,0.75,High Risk,Month-to-month,8,81.25
1450-GALXR,0.75,High Risk,Month-to-month,10,98.5
0404-SWRVG,0.75,High Risk,Month-to-month,3,74.4
3006-XIMLN,0.75,High Risk,Month-to-month,2,94.2
5834-ASPWA,0.75,High Risk,Month-to-month,1,75.45
4844-JJWUY,0.75,High Risk,Month-to-month,1,86.0
6860-YRJZP,0.75,High Risk,Month-to-month,9,74.05
7294-TMAOP,0.75,High Risk,Month-to-month,1,90.55
2514-GINMM,0.75,High Risk,Month-to-month,1,79.5
1567-DSCIC,0.75,High Risk,Month-to-month,8,94.0
8058-INTPH,0.75,High Risk,Month-to-month,1,79.65
5797-APWZC,0.75,High Risk,Month-to-month,1,90.6
7402-EYFXX,0.75,High Risk,Month-to-month,26,93.6
3372-KWFBM,0.75,High Risk,Month-to-month,16,86.6
9787-XVQIU,0.75,High Risk,Month-to-month,1,75.3
0011-IGKFF,0.75,High Risk,Month-to-month,13,98.0
1452-VOQCH,0.75,High Risk,Month-to-month,1,75.1
5960-WPXQM,0.75,High Risk,Month-to-month,1,79.05
6229-LSCKB,0.75,High Risk,Month-to-month,6,79.7
0094-OIFMO,0.75,High Risk,Month-to-month,11,95.0
1200-TUZHR,0.75,High Risk,Month-to-month,8,85.2
9300-RENDD,0.75,High Risk,Month-to-month,1,79.95
9094-AZPHK,0.75,High Risk,Month-to-month,15,100.15
2077-MPJQO,0.75,High Risk,Month-to-month,7,75.4
2609-IAICY,0.75,High Risk,Month-to-month,1,77.15
4112-LUEIZ,0.75,High Risk,Month-to-month,10,89.5
7249-WBIYX,0.75,High Risk,Month-to-month,10,85.6
9402-ORRAH,0.75,High Risk,Month-to-month,15,91.5
3096-GKWEB,0.75,High Risk,Month-to-month,18,94.75
0495-RVCBF,0.75,High Risk,Month-to-month,1,79.7
0334-GDDSO,0.74,High Risk,Month-to-month,3,81.35
4234-XTNEA,0.74,High Risk,Month-to-month,2,79.95
2004-OCQXK,0.74,High Risk,Month-to-month,1,81.95
3519-ZKXGG,0.74,High Risk,Month-to-month,3,75.85
6457-USBER,0.74,High Risk,Month-to-month,1,80.8
9689-PTNPG,0.74,High Risk,Month-to-month,2,80.25
2235-DWLJU,0.74,High Risk,Month-to-month,6,44.4
0880-TKATG,0.74,High Risk,Month-to-month,4,101.15
7079-QRCBC,0.74,High Risk,Month-to-month,24,98.75
8118-LSUEL,0.74,High Risk,Month-to-month,23,106.4
7760-OYPDY,0.74,High Risk,Month-to-month,2,80.65
9885-CSMWE,0.74,High Risk,Month-to-month,1,78.45
5419-CONWX,0.74,High Risk,Month-to-month,4,99.8
3473-XIIIT,0.74,High Risk,Month-to-month,16,100.0
7858-GTZSP,0.74,High Risk,Month-to-month,12,86.55
3217-FZDMN,0.74,High Risk,Month-to-month,8,94.45
9172-ANCRX,0.74,High Risk,Month-to-month,10,98.7
3338-CVVEH,0.74,High Risk,Month-to-month,12,94.55
0637-KVDLV,0.74,High Risk,Month-to-month,2,76.5
8622-ZLFKO,0.74,High Risk,Month-to-month,6,90.75
4952-YSOGZ,0.74,High Risk,Month-to-month,4,85.95
4581-SSPWD,0.74,High Risk,Month-to-month,3,75.8
1320-HTRDR,0.74,High Risk,Month-to-month,3,75.5
7548-SEPYI,0.74,High Risk,Month-to-month,5,96.25
8083-YTZES,0.74,High Risk,Month-to-month,4,74.35
8242-SOQUO,0.74,High Risk,Month-to-month,5,84.7
2985-FMWYF,0.74,High Risk,Month-to-month,23,93.5
4614-NUVZD,0.74,High Risk,Month-to-month,1,81.1
2645-QTLMB,0.74,High Risk,Month-to-month,7,94.25
0318-QUUOB,0.74,High Risk,Month-to-month,1,80.55
2180-DXNEG,0.74,High Risk,Month-to-month,12,96.0
4529-CKBCL,0.74,High Risk,Month-to-month,2,80.2
5995-SNNEW,0.74,High Risk,Month-to-month,23,104.45
6357-JJPQT,0.74,High Risk,Month-to-month,3,80.5
8086-OVPWV,0.74,High Risk,Month-to-month,2,80.2
4021-RQSNY,0.74,High Risk,Month-to-month,29,98.5
3045-XETSH,0.74,High Risk,Month-to-month,10,94.85
5889-LFOLL,0.74,High Risk,Month-to-month,13,84.6
8752-STIVR,0.74,High Risk,Month-to-month,4,79.0
9919-KNPOO,0.74,High Risk,Month-to-month,21,94.3
0220-EBGCE,0.74,High Risk,Month-to-month,2,85.85
2516-VQRRV,0.74,High Risk,Month-to-month,2,75.45
0195-IESCP,0.74,High Risk,Month-to-month,10,85.25
3292-PBZEJ,0.74,High Risk,Month-to-month,11,111.4
6892-XPFPU,0.74,High Risk,Month-to-month,24,104.25
7235-NXZCP,0.74,High Risk,Month-to-month,2,74.85
5561-NWEVX,0.74,High Risk,Month-to-month,2,79.2
1678-FYZOW,0.74,High Risk,Month-to-month,3,79.4
4749-OJKQU,0.74,High Risk,Month-to-month,4,75.65
9837-BMCLM,0.74,High Risk,Month-to-month,3,78.5
7029-RPUAV,0.74,High Risk,Month-to-month,17,100.45
7938-OUHIO,0.73,High Risk,Month-to-month,3,98.7
5550-VFRLC,0.73,High Risk,Month-to-month,1,69.85
2506-TNFCO,0.73,High Risk,Month-to-month,1,69.55
4795-KTRTH,0.73,High Risk,Month-to-month,5,81.0
8000-REIQB,0.73,High Risk,Month-to-month,1,69.95
1393-IMKZG,0.73,High Risk,Month-to-month,1,95.85
5382-SOYZL,0.73,High Risk,Month-to-month,22,95.1
7206-GZCDC,0.73,High Risk,Month-to-month,1,69.25
8225-BTJAU,0.73,High Risk,Month-to-month,10,79.25
8051-HJRLT,0.73,High Risk,Month-to-month,1,70.55
7341-LXCAF,0.73,High Risk,Month-to-month,4,74.65
8348-HFYIV,0.73,High Risk,Month-to-month,2,49.25
7493-TPUWZ,0.73,High Risk,Month-to-month,1,79.15
4735-ASGMA,0.73,High Risk,Month-to-month,26,98.35
2754-SDJRD,0.73,High Risk,Month-to-month,8,100.15
2789-HQBOU,0.73,High Risk,Month-to-month,3,80.35
8875-AKBYH,0.73,High Risk,Month-to-month,20,84.35
9360-OMDZZ,0.73,High Risk,Month-to-month,24,94.1
9605-WGJVW,0.73,High Risk,Month-to-month,1,70.2
5357-TZHPP,0.73,High Risk,Month-to-month,9,84.4
9878-TNQGW,0.73,High Risk,Month-to-month,2,80.95
6087-MVHJH,0.73,High Risk,Month-to-month,16,88.45
5835-BEQEU,0.73,High Risk,Month-to-month,3,76.95
8062-YBDOE,0.73,High Risk,Month-to-month,1,69.65
6326-MTTXK,0.73,High Risk,Month-to-month,8,100.85
9603-OAIHC,0.73,High Risk,Month-to-month,1,70.05
8992-JQYUN,0.73,High Risk,Month-to-month,1,50.35
2371-JQHZZ,0.73,High Risk,Month-to-month,24,93.0
8775-ERLNB,0.73,High Risk,Month-to-month,1,74.3
7145-FEJWU,0.73,High Risk,Month-to-month,12,105.3
1846-XWOQN,0.73,High Risk,Month-to-month,1,70.15
8375-DKEBR,0.73,High Risk,Month-to-month,1,69.6
5539-TMZLF,0.73,High Risk,Month-to-month,1,69.75
1704-NRWYE,0.73,High Risk,Month-to-month,9,80.85
1960-UYCNN,0.73,High Risk,Month-to-month,10,95.25
4132-KALRO,0.73,High Risk,Month-to-month,4,100.85
4871-JTKJF,0.73,High Risk,Month-to-month,1,69.65
5276-KQWHG,0.73,High Risk,Month-to-month,2,69.6
2880-FPNAE,0.73,High Risk,Month-to-month,2,74.2
2612-RANWT,0.73,High Risk,Month-to-month,12,100.15
8443-ZRDBZ,0.73,High Risk,Month-to-month,4,76.05
2876-GZYZC,0.73,High Risk,Month-to-month,13,85.95
2636-ALXXZ,0.73,High Risk,Month-to-month,1,69.6
2688-BHGOG,0.73,High Risk,Month-to-month,9,79.55
7969-AULMZ,0.73,High Risk,Month-to-month,21,97.35
9488-HGMJH,0.73,High Risk,Month-to-month,1,71.15
4210-QFJMF,0.73,High Risk,Month-to-month,4,79.15
0122-OAHPZ,0.73,High Risk,Month-to-month,7,73.85
3878-AVSOQ,0.72,High Risk,Month-to-month,1,71.25
3834-XUIFC,0.72,High Risk,Month-to-month,7,85.2
7638-QVMVY,0.72,High Risk,Month-to-month,7,79.0
0345-HKJVM,0.72,High Risk,Month-to-month,6,89.3
4706-AXVKM,0.72,High Risk,Month-to-month,11,84.8
3422-GALYP,0.72,High Risk,Month-to-month,2,79.45
9799-CAYJJ,0.72,High Risk,Month-to-month,2,69.3
2929-ERCFZ,0.72,High Risk,Month-to-month,8,94.2
4342-HENTK,0.72,High Risk,Month-to-month,2,70.65
9253-QXKBE,0.72,High Risk,Month-to-month,29,94.45
6711-FLDFB,0.72,High Risk,Month-to-month,7,74.9
2430-USGXP,0.72,High Risk,Month-to-month,24,101.05
6127-ISGTU,0.72,High Risk,Month-to-month,16,84.95
4806-KEXQR,0.72,High Risk,Month-to-month,4,79.9
4597-NUCQV,0.72,High Risk,Month-to-month,24,101.25
7218-HKQFK,0.72,High Risk,Month-to-month,2,94.2
5804-LEPIM,0.72,High Risk,Month-to-month,2,70.35
7508-MYBOG,0.72,High Risk,Month-to-month,14,86.1
7563-BIUPC,0.72,High Risk,Month-to-month,5,80.6
0871-URUWO,0.72,High Risk,Month-to-month,13,102.25
1195-OIYEJ,0.72,High Risk,Month-to-month,13,91.1
6100-QQHEB,0.72,High Risk,Month-to-month,17,92.55
0840-DFEZH,0.72,High Risk,Month-to-month,7,75.35
4229-CZMLL,0.72,High Risk,Month-to-month,6,74.9
8185-UPYBR,0.72,High Risk,Month-to-month,6,75.5
6618-RYATB,0.72,High Risk,Month-to-month,1,79.55
8541-QVFKM,0.72,High Risk,Month-to-month,8,73.5
5868-YWPDW,0.72,High Risk,Month-to-month,6,84.2
6356-ELRKD,0.72,High Risk,Month-to-month,1,95.6
9185-TQCVP,0.72,High Risk,Month-to-month,14,85.15
4395-PZMSN,0.72,High Risk,Month-to-month,5,85.55
3874-EQOEP,0.72,High Risk,Month-to-month,7,95.0
6941-PMGEP,0.72,High Risk,Month-to-month,5,80.0
6583-KQJLK,0.72,High Risk,Month-to-month,15,94.65
1980-KXVPM,0.72,High Risk,Month-to-month,3,75.05
2272-QAGFO,0.72,High Risk,Month-to-month,14,74.3
4445-ZJNMU,0.72,High Risk,Month-to-month,9,99.3
2737-WFVYW,0.72,High Risk,Month-to-month,2,45.25
9239-ZBZZV,0.72,High Risk,Month-to-month,6,47.95
8644-XLFBW,0.72,High Risk,Month-to-month,1,71.65
1363-TXLSL,0.72,High Risk,Month-to-month,1,70.3
2612-RRIDN,0.72,High Risk,Month-to-month,4,81.0
6198-RTPMF,0.72,High Risk,Month-to-month,17,92.6
6060-DRTNL,0.72,High Risk,Month-to-month,5,84.85
3254-YRILK,0.72,High Risk,Month-to-month,19,88.2
2055-PDADH,0.72,High Risk,Month-to-month,3,70.4
6437-UKHMV,0.72,High Risk,Month-to-month,7,79.7
4298-OYIFC,0.72,High Risk,Month-to-month,15,103.45
8779-QRDMV,0.72,High Risk,Month-to-month,1,39.65
8361-LTMKD,0.72,High Risk,Month-to-month,4,74.4
2369-UAPKZ,0.72,High Risk,Month-to-month,5,104.1
6168-WFVVF,0.72,High Risk,Month-to-month,3,70.3
5883-GTGVD,0.72,High Risk,Month-to-month,19,99.95
3247-ZVOUO,0.72,High Risk,Month-to-month,10,85.55
7479-NITWS,0.72,High Risk,Month-to-month,7,89.35
5288-AHOUP,0.72,High Risk,Month-to-month,11,78.5
5429-LWCMV,0.72,High Risk,Month-to-month,12,89.15
2959-MJHIC,0.72,High Risk,Month-to-month,4,80.35
0684-AOSIH,0.72,High Risk,Month-to-month,1,95.0
7831-QGOXH,0.71,High Risk,Month-to-month,18,85.2
2107-FBPTK,0.71,High Risk,Month-to-month,30,104.1
5609-CEBID,0.71,High Risk,Month-to-month,20,94.1
2026-TGDHM,0.71,High Risk,Month-to-month,7,79.3
2495-INZWQ,0.71,High Risk,Month-to-month,4,44.55
4633-MKHYU,0.71,High Risk,Month-to-month,9,88.4
2952-QAYZF,0.71,High Risk,Month-to-month,5,85.3
8290-YWKHZ,0.71,High Risk,Month-to-month,32,93.2
7903-CMPEY,0.71,High Risk,Month-to-month,1,80.3
6689-TCZHQ,0.71,High Risk,Month-to-month,5,78.95
8372-JUXUI,0.71,High Risk,Month-to-month,1,74.35
9274-CNFMO,0.71,High Risk,Month-to-month,4,74.95
4285-GYRQC,0.71,High Risk,Month-to-month,7,86.25
4282-YMKNA,0.71,High Risk,Month-to-month,9,74.75
5293-WXJAK,0.71,High Risk,Month-to-month,11,104.05
5366-IJEQJ,0.71,High Risk,Month-to-month,20,88.7
3276-HDUEG,0.71,High Risk,Month-to-month,1,75.05
5760-IFJOZ,0.71,High Risk,Month-to-month,3,107.95
1628-BIZYP,0.71,High Risk,Month-to-month,1,85.0
5919-TMRGD,0.71,High Risk,Month-to-month,1,79.35
3707-GNWHM,0.71,High Risk,Month-to-month,1,74.25
8413-VONUO,0.71,High Risk,Month-to-month,2,95.65
9734-YWGEX,0.71,High Risk,Month-to-month,9,98.3
1977-STDKI,0.71,High Risk,Month-to-month,1,73.0
3030-YDNRM,0.71,High Risk,Month-to-month,8,74.85
7314-OXENN,0.71,High Risk,Month-to-month,2,82.0
3199-XGZCY,0.71,High Risk,Month-to-month,8,75.25
9330-IJWIO,0.71,High Risk,Month-to-month,13,100.35
3957-LXOLK,0.71,High Risk,Month-to-month,28,106.15
9685-WKZGT,0.71,High Risk,Month-to-month,14,74.95
3629-ZNKXA,0.71,High Risk,Month-to-month,17,101.8
3776-EKTKM,0.71,High Risk,Month-to-month,1,36.45
5168-MSWXT,0.71,High Risk,Month-to-month,8,94.75
5167-ZFFMM,0.71,High Risk,Month-to-month,1,90.85
8313-NDOIA,0.71,High Risk,Month-to-month,24,104.15
7028-DVOIQ,0.7,High Risk,Month-to-month,35,99.05
1731-TVIUK,0.7,High Risk,Month-to-month,4,93.5
5244-IRFIH,0.7,High Risk,Month-to-month,33,94.5
2754-VDLTR,0.7,High Risk,Month-to-month,10,95.2
1219-NNDDO,0.7,High Risk,Month-to-month,9,76.85
5928-QLDHB,0.7,High Risk,Month-to-month,9,76.25
3049-NDXFL,0.7,High Risk,Month-to-month,1,85.8
4566-NECEV,0.7,High Risk,Month-to-month,5,96.55
0644-OQMDK,0.7,High Risk,Month-to-month,4,70.65
6215-NQCPY,0.7,High Risk,Month-to-month,15,99.7
1251-STYSZ,0.7,High Risk,Month-to-month,4,80.25
2984-AFWNC,0.7,High Risk,Month-to-month,3,95.4
8065-YKXKD,0.7,High Risk,Month-to-month,10,74.75
6960-HVYXR,0.7,High Risk,Month-to-month,1,76.0
7660-HDPJV,0.7,High Risk,Month-to-month,1,69.2
9317-WZPGV,0.7,High Risk,Month-to-month,2,79.75
6856-RAURS,0.7,High Risk,Month-to-month,2,74.9
2845-HSJCY,0.7,High Risk,Month-to-month,14,87.25
8699-ASUFO,0.7,High Risk,Month-to-month,7,74.4
2840-XANRC,0.7,High Risk,Month-to-month,24,93.15
7354-OIJLX,0.7,High Risk,Month-to-month,9,75.85
2799-ARNLO,0.7,High Risk,Month-to-month,5,69.35
2777-PHDEI,0.7,High Risk,Month-to-month,1,78.05
7180-PISOG,0.7,High Risk,Month-to-month,1,74.5
9391-EOYLI,0.7,High Risk,Month-to-month,12,80.45
6996-KNSML,0.7,High Risk,Month-to-month,1,74.9
7594-RQHXR,0.7,High Risk,Month-to-month,1,79.6
0329-GTIAJ,0.7,High Risk,Month-to-month,3,97.9
4853-OITSN,0.7,High Risk,Month-to-month,5,89.15
7392-YYPYJ,0.7,High Risk,Month-to-month,22,100.65
7044-YAACC,0.7,High Risk,Month-to-month,4,70.2
7273-TEFQD,0.7,High Risk,Month-to-month,3,41.15
9728-FTTVZ,0.7,High Risk,Month-to-month,1,69.2
0306-JAELE,0.7,High Risk,Month-to-month,5,96.1
2657-VPXTA,0.7,High Risk,Month-to-month,10,88.85
0872-NXJYS,0.7,High Risk,Month-to-month,9,79.55
6543-XRMYR,0.7,High Risk,Month-to-month,30,99.7
4884-ZTHVF,0.7,High Risk,Month-to-month,8,87.1
9279-CJEOJ,0.7,High Risk,Month-to-month,21,95.4
8107-KNCIM,0.7,High Risk,Month-to-month,14,75.1
0722-SVSFK,0.7,High Risk,Month-to-month,7,100.4
1569-TTNYJ,0.7,High Risk,Month-to-month,5,78.75
9019-QVLZD,0.7,High Risk,Month-to-month,1,79.55
8800-JOOCF,0.7,High Risk,Month-to-month,12,84.05
8625-AZYZY,0.7,High Risk,Month-to-month,24,104.65
5445-UTODQ,0.7,High Risk,Month-to-month,7,81.1
6986-IXNDM,0.7,High Risk,Month-to-month,14,92.9
5442-UTCVD,0.69,High Risk,Month-to-month,3,91.85
1820-TQVEV,0.69,High Risk,Month-to-month,1,69.55
5376-DEQCP,0.69,High Risk,Month-to-month,1,70.6
1254-IZEYF,0.69,High Risk,Month-to-month,31,99.95
4813-HQMGZ,0.69,High Risk,Month-to-month,8,90.25
3663-MITLP,0.69,High Risk,Month-to-month,15,101.25
6372-RFVNS,0.69,High Risk,Month-to-month,1,78.8
0689-NKYLF,0.69,High Risk,Month-to-month,13,83.2
4702-IOQDC,0.69,High Risk,Month-to-month,1,70.1
6502-MJQAE,0.69,High Risk,Month-to-month,1,69.6
6275-YDUVO,0.69,High Risk,Month-to-month,2,86.2
4143-OOBWZ,0.69,High Risk,Month-to-month,5,81.3
4283-FUTGF,0.69,High Risk,Month-to-month,19,79.85
0328-GRPMV,0.69,High Risk,Month-to-month,1,70.1
6331-EWIEB,0.69,High Risk,Month-to-month,20,85.25
3244-DCJWY,0.69,High Risk,Month-to-month,1,70.25
3428-XZMAZ,0.69,High Risk,Month-to-month,1,69.35
1640-PLFMP,0.69,High Risk,Month-to-month,1,70.25
6507-ZJSUR,0.69,High Risk,Month-to-month,23,90.45
4603-JANFB,0.69,High Risk,Month-to-month,1,69.85
6221-AVQYL,0.69,High Risk,Month-to-month,2,73.25
7823-JSOAG,0.69,High Risk,Month-to-month,3,74.5
7625-XCQRH,0.69,High Risk,Month-to-month,11,76.5
6851-WEFYX,0.69,High Risk,Month-to-month,35,100.8
7465-ZZRVX,0.69,High Risk,Month-to-month,1,70.35
1031-IIDEO,0.69,High Risk,Month-to-month,1,70.85
1965-AKTSX,0.69,High Risk,Month-to-month,14,78.95
2446-PLQVO,0.69,High Risk,Month-to-month,1,70.3
9547-ITEFG,0.69,High Risk,Month-to-month,9,102.6
7240-ETPTR,0.69,High Risk,Month-to-month,9,48.75
0235-KGSLC,0.69,High Risk,Month-to-month,1,85.55
2379-ENZGV,0.69,High Risk,Month-to-month,6,84.85
4510-HIMLV,0.69,High Risk,Month-to-month,1,69.8
0168-XZKBB,0.69,High Risk,Month-to-month,19,86.85
5095-AESKG,0.69,High Risk,Month-to-month,3,91.5
6653-CBBOM,0.69,High Risk,Month-to-month,1,70.3
4482-EWFMI,0.69,High Risk,Month-to-month,2,69.7
7363-QTBIW,0.69,High Risk,Month-to-month,9,79.75
3716-BDVDB,0.69,High Risk,Month-to-month,1,69.1
3585-ISXZP,0.69,High Risk,Month-to-month,8,95.65
8861-HGGKB,0.69,High Risk,Month-to-month,10,86.45
5393-RXQSZ,0.69,High Risk,Month-to-month,1,79.6
4631-OACRM,0.69,High Risk,Month-to-month,15,79.4
1226-IENZN,0.69,High Risk,Month-to-month,16,78.75
5875-YPQFJ,0.69,High Risk,Month-to-month,1,69.9
3393-FMZPV,0.69,High Risk,Month-to-month,25,100.25
4958-XCBDQ,0.69,High Risk,Month-to-month,35,101.4
4806-HIPDW,0.69,High Risk,Month-to-month,1,68.95
5542-TBBWB,0.69,High Risk,Month-to-month,1,69.9
6000-APYLU,0.69,High Risk,Month-to-month,9,80.8
3494-JCHRQ,0.69,High Risk,Month-to-month,1,70.05
7394-FKDNK,0.69,High Risk,Month-to-month,9,89.45
6702-OHFWR,0.69,High Risk,Month-to-month,1,43.3
9804-ICWBG,0.69,High Risk,Month-to-month,1,69.9
0488-GSLFR,0.69,High Risk,Month-to-month,1,69.5
1465-VINDH,0.69,High Risk,Month-to-month,10,102.1
7198-GLXTC,0.69,High Risk,Month-to-month,2,79.0
7254-IQWOZ,0.69,High Risk,Month-to-month,1,69.65
8943-URTMR,0.69,High Risk,Month-to-month,2,79.65
3750-CKVKH,0.69,High Risk,Month-to-month,2,67.75
0495-ZBNGW,0.69,High Risk,Month-to-month,5,79.9
1447-GIQMR,0.69,High Risk,Month-to-month,1,69.15
7665-TOALD,0.69,High Risk,Month-to-month,1,69.6
2761-OCIAX,0.69,High Risk,Month-to-month,2,74.7
0925-VYDLG,0.69,High Risk,Month-to-month,3,75.25
3106-ULWFW,0.69,High Risk,Month-to-month,8,85.2
6457-GIRWB,0.69,High Risk,Month-to-month,1,69.35
5159-YFPKQ,0.69,High Risk,Month-to-month,2,75.8
3990-QYKBE,0.68,High Risk,Month-to-month,37,92.5
2254-DLXRI,0.68,High Risk,Month-to-month,1,79.15
5299-RULOA,0.68,High Risk,Month-to-month,10,100.25
3138-BKYAV,0.68,High Risk,Month-to-month,6,85.35
2276-YDAVZ,0.68,High Risk,Month-to-month,3,75.1
5937-EORGB,0.68,High Risk,Month-to-month,15,96.5
3370-HXOPH,0.68,High Risk,Month-to-month,3,76.1
6077-BDPXA,0.68,High Risk,Month-to-month,3,70.15
2897-DOVND,0.68,High Risk,Month-to-month,2,69.8
1016-DJTSV,0.68,High Risk,Month-to-month,8,69.7
2018-QKYGT,0.68,High Risk,Month-to-month,1,81.05
2081-VEYEH,0.68,High Risk,Month-to-month,3,107.95
6407-UTSLV,0.68,High Risk,Month-to-month,2,83.8
7005-CCBKV,0.68,High Risk,Month-to-month,6,84.4
6110-OHIHY,0.68,High Risk,Month-to-month,3,79.25
4123-DVHPH,0.68,High Risk,Month-to-month,9,88.05
1602-IJQQE,0.68,High Risk,Month-to-month,4,75.35
9633-XQABV,0.68,High Risk,Month-to-month,3,70.25
9897-KXHCM,0.68,High Risk,Month-to-month,3,80.3
8873-GLDMH,0.68,High Risk,Month-to-month,6,73.85
9921-ZVRHG,0.68,High Risk,Month-to-month,14,80.45
2636-OHFMN,0.68,High Risk,Month-to-month,4,48.55
2665-NPTGL,0.68,High Risk,Month-to-month,26,98.1
2737-YNGYW,0.68,High Risk,Month-to-month,2,80.55
6376-GAHQE,0.68,High Risk,Month-to-month,4,77.85
3992-YWPKO,0.68,High Risk,Month-to-month,6,109.9
1268-ASBGA,0.68,High Risk,Month-to-month,16,85.35
3317-HRTNN,0.68,High Risk,Month-to-month,5,45.7
3329-WDIOK,0.68,High Risk,Month-to-month,3,50.6
5138-WVKYJ,0.68,High Risk,Month-to-month,10,98.55
9314-IJWSQ,0.68,High Risk,Month-to-month,14,84.8
2357-COQEK,0.68,High Risk,Month-to-month,28,103.3
0004-TLHLJ,0.68,High Risk,Month-to-month,4,73.9
5628-FCGYG,0.68,High Risk,Month-to-month,21,84.1
1285-OKIPP,0.68,High Risk,Month-to-month,1,79.9
6435-SRWBJ,0.68,High Risk,Month-to-month,5,82.75
9717-QEBGU,0.68,High Risk,Month-to-month,2,70.3
6029-WTIPC,0.68,High Risk,Month-to-month,37,101.1
0375-HVGXO,0.68,High Risk,Month-to-month,1,34.7
1024-VRZHF,0.68,High Risk,Month-to-month,11,74.95
9121-PHQSR,0.68,High Risk,Month-to-month,16,85.05
7321-VGNKU,0.68,High Risk,Month-to-month,2,70.35
8183-ONMXC,0.68,High Risk,Month-to-month,2,80.75
7994-UYIVZ,0.68,High Risk,Month-to-month,8,85.65
7245-NIIWQ,0.68,High Risk,Month-to-month,3,69.85
0480-BIXDE,0.68,High Risk,Month-to-month,19,96.8
2472-OVKUP,0.68,High Risk,Month-to-month,6,91.0
8063-GBATB,0.68,High Risk,Month-to-month,27,85.25
3191-CSNMG,0.68,High Risk,Month-to-month,3,80.7
2867-UIMSS,0.68,High Risk,Month-to-month,1,80.5
9237-HQITU,0.68,High Risk,Month-to-month,2,70.7
4385-GZQXV,0.68,High Risk,Month-to-month,16,94.45
9208-OLGAQ,0.68,High Risk,Month-to-month,18,84.95
0679-IDSTG,0.68,High Risk,Month-to-month,1,69.25
3318-OSATS,0.68,High Risk,Month-to-month,35,95.45
3721-CNEYS,0.68,High Risk,Month-to-month,2,70.95
7409-KIUTL,0.68,High Risk,Month-to-month,1,71.0
8648-PFRMP,0.68,High Risk,Month-to-month,14,46.35
8714-CTZJW,0.68,High Risk,Month-to-month,4,82.85
1184-PJVDB,0.68,High Risk,Month-to-month,10,79.95
7394-LWLYN,0.68,High Risk,Month-to-month,2,70.15
5275-SQEIZ,0.68,High Risk,Month-to-month,1,80.85
3999-QGRJH,0.68,High Risk,Month-to-month,8,69.7
2034-CGRHZ,0.68,High Risk,Month-to-month,24,102.95
8739-WWKDU,0.67,High Risk,Month-to-month,25,89.5
7861-UVUFT,0.67,High Risk,Month-to-month,15,84.3
8835-VSDSE,0.67,High Risk,Month-to-month,2,70.7
8017-LXHFA,0.67,High Risk,Month-to-month,23,94.75
5519-YLDGW,0.67,High Risk,Month-to-month,21,103.9
6899-PPEEA,0.67,High Risk,Month-to-month,37,96.55
0432-CAJZV,0.67,High Risk,Month-to-month,3,90.7
2057-ZBLPD,0.67,High Risk,Month-to-month,21,86.5
5570-PTWEH,0.67,High Risk,Month-to-month,3,75.15
4598-XLKNJ,0.67,High Risk,Month-to-month,25,98.5
7511-YMXVQ,0.67,High Risk,Month-to-month,9,45.4
0390-DCFDQ,0.67,High Risk,Month-to-month,1,70.45
2114-MGINA,0.67,High Risk,Month-to-month,14,89.8
8010-EZLOU,0.67,High Risk,Month-to-month,15,80.2
7780-OTDSO,0.67,High Risk,Month-to-month,18,99.4
9507-EXLTT,0.67,High Risk,Month-to-month,1,79.35
3908-BLSYF,0.67,High Risk,Month-to-month,6,83.9
0875-CABNR,0.67,High Risk,Month-to-month,10,84.6
4854-CIDCF,0.67,High Risk,Month-to-month,3,73.85
2809-ZMYOQ,0.67,High Risk,Month-to-month,32,101.35
9846-GKXAS,0.67,High Risk,Month-to-month,9,90.8
0302-JOIVN,0.67,High Risk,Month-to-month,8,101.15
6005-OBZPH,0.67,High Risk,Month-to-month,26,89.15
6198-ZFIOJ,0.67,High Risk,Month-to-month,5,75.6
0420-HLGXF,0.67,High Risk,Month-to-month,39,99.75
2038-OEQZH,0.67,High Risk,Month-to-month,4,86.05
3746-EUBYR,0.67,High Risk,Month-to-month,1,74.6
3871-IKPYH,0.67,High Risk,Month-to-month,1,69.1
1342-JPNKI,0.67,High Risk,Month-to-month,10,86.05
6712-OAWRH,0.67,High Risk,Month-to-month,26,91.25
3346-BRMIS,0.67,High Risk,Month-to-month,18,48.35
9250-WYPLL,0.67,High Risk,Month-to-month,5,75.55
7568-PODML,0.67,High Risk,Month-to-month,1,45.3
5378-IKEEG,0.67,High Risk,Month-to-month,1,35.75
9696-RMYBA,0.67,High Risk,Month-to-month,5,80.1
9850-OWRHQ,0.67,High Risk,Month-to-month,3,74.1
1112-CUNAO,0.67,High Risk,Month-to-month,15,89.85
8868-WOZGU,0.67,High Risk,Month-to-month,28,105.7
2013-SGDXK,0.67,High Risk,Month-to-month,1,84.3
9408-SSNVZ,0.67,High Risk,Month-to-month,4,70.15
6877-TJMBR,0.67,High Risk,Month-to-month,1,84.8
3198-VELRD,0.67,High Risk,Month-to-month,3,84.75
9912-GVSEQ,0.67,High Risk,Month-to-month,26,93.85
1891-UAWWU,0.67,High Risk,Month-to-month,20,90.8
8519-IMDHU,0.67,High Risk,Month-to-month,15,85.6
0137-OCGAB,0.67,High Risk,Month-to-month,1,80.2
3420-YJLQT,0.67,High Risk,Month-to-month,2,79.55
1792-UXAFY,0.67,High Risk,Month-to-month,17,89.15
6424-ELEYH,0.67,High Risk,Month-to-month,3,74.75
2025-JKFWI,0.67,High Risk,Month-to-month,13,99.0
1508-DFXCU,0.67,High Risk,Month-to-month,12,81.45
8309-IEYJD,0.67,High Risk,Month-to-month,1,70.6
1571-SAVHK,0.67,High Risk,Month-to-month,12,99.95
8111-RKSPX,0.67,High Risk,Month-to-month,4,72.2
8922-LIEGH,0.67,High Risk,Month-to-month,25,89.7
6595-YGXIT,0.67,High Risk,Month-to-month,25,88.95
5117-IFGPS,0.66,High Risk,Month-to-month,29,84.3
4822-NGOCH,0.66,High Risk,Month-to-month,13,84.45
7615-ESMYF,0.66,High Risk,Month-to-month,2,44.6
0742-NXBGR,0.66,High Risk,Month-to-month,1,82.3
0685-MLYYM,0.66,High Risk,Month-to-month,2,70.75
6137-NICCO,0.66,High Risk,Month-to-month,6,94.05
5196-SGOAK,0.66,High Risk,Month-to-month,1,75.7
0822-GAVAP,0.66,High Risk,Month-to-month,2,34.7
3565-UNOCC,0.66,High Risk,Month-to-month,29,99.05
1309-BXVOQ,0.66,High Risk,Month-to-month,21,106.1
5228-EXCET,0.66,High Risk,Month-to-month,13,80.85
6833-JMZYP,0.66,High Risk,Month-to-month,15,94.0
4441-NIHPT,0.66,High Risk,Month-to-month,13,74.3
4039-HEUNW,0.66,High Risk,Month-to-month,36,96.5
3317-VLGQT,0.66,High Risk,Month-to-month,14,78.1
1196-AMORA,0.66,High Risk,Month-to-month,7,73.6
3001-UNBTL,0.66,High Risk,Month-to-month,29,103.95
7379-POKDZ,0.66,High Risk,Month-to-month,3,70.3
0841-NULXI,0.66,High Risk,Month-to-month,1,35.55
4124-MMETB,0.66,High Risk,Month-to-month,22,94.65
3440-JPSCL,0.66,High Risk,Month-to-month,6,99.95
2074-GKOWZ,0.66,High Risk,Month-to-month,2,89.55
6918-UMQCG,0.66,High Risk,Month-to-month,5,80.2
6116-RFVHN,0.66,High Risk,Month-to-month,34,100.45
9436-ZBZCT,0.66,High Risk,Month-to-month,14,89.95
3753-TSEMP,0.66,High Risk,Month-to-month,15,88.15
8266-VBFQL,0.66,High Risk,Month-to-month,4,90.4
6772-KSATR,0.66,High Risk,Month-to-month,1,81.7
1866-RZZQS,0.66,High Risk,Month-to-month,41,98.4
0023-XUOPT,0.66,High Risk,Month-to-month,13,94.1
6047-YHPVI,0.66,High Risk,Month-to-month,5,69.7
9992-RRAMN,0.66,High Risk,Month-to-month,22,85.1
8224-DWCKX,0.66,High Risk,Month-to-month,12,73.3
1302-UHBDD,0.66,High Risk,Month-to-month,20,89.95
0939-YAPAF,0.66,High Risk,Month-to-month,35,100.25
2568-BRGYX,0.66,High Risk,Month-to-month,4,70.2
3453-RTHJQ,0.66,High Risk,Month-to-month,6,69.1
3765-JXVKY,0.66,High Risk,Month-to-month,1,74.7
1475-VWVDO,0.66,High Risk,Month-to-month,7,74.9
6786-OBWQR,0.66,High Risk,Month-to-month,5,80.85
3427-GGZZI,0.66,High Risk,Month-to-month,19,89.1
9190-MFJLN,0.66,High Risk,Month-to-month,19,95.9
0018-NYROU,0.66,High Risk,Month-to-month,5,68.95
9050-IKDZA,0.66,High Risk,Month-to-month,2,81.5
4274-OWWYO,0.66,High Risk,Month-to-month,1,74.35
5564-NEMQO,0.66,High Risk,Month-to-month,1,75.3
8325-QRPZR,0.66,High Risk,Month-to-month,7,75.15
0928-XUTSN,0.66,High Risk,Month-to-month,13,80.5
2058-DCJBE,0.66,High Risk,Month-to-month,5,69.75
3091-FYHKI,0.66,High Risk,Month-to-month,1,35.45
4505-EXZHB,0.65,High Risk,Month-to-month,6,74.4
3249-ZPQRG,0.65,High Risk,Month-to-month,4,78.45
0793-TWELN,0.65,High Risk,Month-to-month,4,80.15
3223-DWFIO,0.65,High Risk,Month-to-month,4,69.35
4612-SSVHJ,0.65,High Risk,Month-to-month,20,81.45
4822-YCXMX,0.65,High Risk,Month-to-month,25,84.8
4770-UEZOX,0.65,High Risk,Month-to-month,2,74.75
2674-MIAHT,0.65,High Risk,Month-to-month,4,80.3
6400-BWQKW,0.65,High Risk,Month-to-month,6,79.05
7315-WYOAW,0.65,High Risk,Month-to-month,13,100.75
2408-WITXK,0.65,High Risk,Month-to-month,10,34.7
6339-YPSAH,0.65,High Risk,Month-to-month,9,73.8
5339-PXDVH,0.65,High Risk,Month-to-month,4,90.65
2024-BASKD,0.65,High Risk,Month-to-month,1,74.6
2860-RANUS,0.65,High Risk,Month-to-month,20,85.8
3904-UKFRE,0.65,High Risk,Month-to-month,4,80.1
2656-FMOKZ,0.65,High Risk,Month-to-month,15,74.45
3070-DVEYC,0.65,High Risk,Month-to-month,7,73.75
7801-KICAO,0.65,High Risk,Month-to-month,18,74.15
3677-IYRBF,0.65,High Risk,Month-to-month,2,30.4
9102-IAYHT,0.65,High Risk,Month-to-month,17,85.45
5119-NZPTV,0.65,High Risk,Month-to-month,2,70.1
5186-SAMNZ,0.65,High Risk,Month-to-month,1,69.5
4325-NFSKC,0.65,High Risk,Month-to-month,19,90.6
0576-WNXXC,0.65,High Risk,Month-to-month,27,95.55
2439-LYPMQ,0.65,High Risk,Month-to-month,38,102.6
2845-AFFTX,0.65,High Risk,Month-to-month,41,99.8
3488-PGMQJ,0.65,High Risk,Month-to-month,8,74.5
8485-GJCDN,0.65,High Risk,Month-to-month,5,69.05
4291-SHSBH,0.65,High Risk,Month-to-month,7,69.55
7206-PQBBZ,0.65,High Risk,Month-to-month,11,70.2
1768-ZAIFU,0.65,High Risk,Month-to-month,1,25.2
4971-PUYQO,0.65,High Risk,Month-to-month,27,94.55
8397-MVTAZ,0.65,High Risk,Month-to-month,34,100.05
4873-ILOLJ,0.65,High Risk,Month-to-month,24,90.35
2485-ITVKB,0.65,High Risk,Month-to-month,2,35.1
6956-SMUCM,0.65,High Risk,Month-to-month,3,99.0
8035-PWSEV,0.65,High Risk,Month-to-month,6,89.25
3223-WZWJM,0.65,High Risk,Month-to-month,26,83.95
9095-HFAFX,0.65,High Risk,Month-to-month,5,81.0
4559-UWIHT,0.65,High Risk,Month-to-month,14,82.65
5216-WASFJ,0.65,High Risk,Month-to-month,31,84.85
5271-DBYSJ,0.65,High Risk,Month-to-month,11,79.15
0013-EXCHZ,0.65,High Risk,Month-to-month,3,83.9
5701-YVSVF,0.65,High Risk,Month-to-month,11,82.9
0947-IDHRQ,0.65,High Risk,Month-to-month,7,80.3
4817-VYYWS,0.65,High Risk,Month-to-month,30,100.2
0923-PNFUB,0.65,High Risk,Month-to-month,3,83.75
0258-NOKBL,0.65,High Risk,Month-to-month,3,90.4
2260-USTRB,0.64,High Risk,Month-to-month,2,70.2
7932-WPTDS,0.64,High Risk,Month-to-month,1,24.8
7384-GHBPI,0.64,High Risk,Month-to-month,3,35.15
3074-GQWYX,0.64,High Risk,Month-to-month,5,75.9
5405-ZMYXQ,0.64,High Risk,Month-to-month,8,74.6
2398-YPMUR,0.64,High Risk,Month-to-month,13,70.15
1907-UBQFC,0.64,High Risk,Month-to-month,10,72.85
4550-EVXNY,0.64,High Risk,Month-to-month,1,69.65
4412-YLTKF,0.64,High Risk,Month-to-month,27,78.05
8945-GRKHX,0.64,High Risk,Month-to-month,1,78.65
7517-LDMPS,0.64,High Risk,Month-to-month,12,84.6
4301-VVZKA,0.64,High Risk,Month-to-month,16,75.4
4686-UXDML,0.64,High Risk,Month-to-month,21,99.85
9415-DPEWS,0.64,High Risk,Month-to-month,18,88.35
9874-QLCLH,0.64,High Risk,Month-to-month,17,104.2
2856-HYAPG,0.64,High Risk,Month-to-month,1,68.65
7693-LCKZL,0.64,High Risk,Month-to-month,5,80.15
5027-QPKTE,0.64,High Risk,Month-to-month,7,69.35
5219-YIPTK,0.64,High Risk,Month-to-month,33,104.4
0225-ZORZP,0.64,High Risk,Month-to-month,3,84.3
2135-DQWAQ,0.64,High Risk,Month-to-month,5,85.3
5685-IIXLY,0.64,High Risk,Month-to-month,5,83.6
2774-LVQUS,0.64,High Risk,Month-to-month,15,83.05
8008-HAWED,0.64,High Risk,Month-to-month,14,50.75
2815-CPTUL,0.64,High Risk,Month-to-month,5,70.25
5923-GXUOC,0.64,High Risk,Month-to-month,10,104.4
9903-LYSAB,0.64,High Risk,Month-to-month,18,73.15
0023-HGHWL,0.64,High Risk,Month-to-month,1,25.1
2868-SNELZ,0.64,High Risk,Month-to-month,2,80.6
8999-BOHSE,0.64,High Risk,Month-to-month,11,89.7
9840-DVNDC,0.64,High Risk,Month-to-month,6,80.5
1010-DIAUQ,0.64,High Risk,Month-to-month,5,96.5
8821-XNHVZ,0.64,High Risk,Month-to-month,1,80.05
9940-RHLFB,0.64,High Risk,Month-to-month,1,75.3
7495-OOKFY,0.64,High Risk,Month-to-month,8,80.65
6347-DCUIK,0.64,High Risk,Month-to-month,10,74.15
1666-JXLKU,0.64,High Risk,Month-to-month,37,100.05
0125-LZQXK,0.64,High Risk,Month-to-month,15,101.35
0506-LVNGN,0.64,High Risk,Month-to-month,5,75.55
5940-NFXKV,0.64,High Risk,Month-to-month,19,83.65
5652-MSDEY,0.64,High Risk,Month-to-month,10,75.75
5590-BYNII,0.64,High Risk,Month-to-month,22,100.75
5043-TRZWM,0.64,High Risk,Month-to-month,1,75.55
3801-HMYNL,0.64,High Risk,Month-to-month,1,89.15
5599-HVLTW,0.64,High Risk,Month-to-month,14,80.35
7912-SYRQT,0.64,High Risk,Month-to-month,7,75.1
2568-OIADY,0.64,High Risk,Month-to-month,37,99.5
0529-ONKER,0.64,High Risk,Month-to-month,15,75.65
0148-DCDOS,0.63,High Risk,Month-to-month,25,94.7
7908-QCBCA,0.63,High Risk,Month-to-month,1,69.4
5673-FSSMF,0.63,High Risk,Month-to-month,1,60.15
5908-QMGOE,0.63,High Risk,Month-to-month,15,74.2
3877-JRJIP,0.63,High Risk,Month-to-month,1,59.85
5399-ZIMKF,0.63,High Risk,Month-to-month,5,74.65
9741-YLNTD,0.63,High Risk,Month-to-month,6,87.95
6910-HADCM,0.63,High Risk,Month-to-month,1,76.35
9606-PBKBQ,0.63,High Risk,Month-to-month,32,85.0
2800-VEQXM,0.63,High Risk,Month-to-month,3,74.75
6705-LXORM,0.63,High Risk,Month-to-month,5,70.05
3066-RRJIO,0.63,High Risk,Month-to-month,1,69.95
1853-UDXBW,0.63,High Risk,Month-to-month,1,70.0
4585-HETAI,0.63,High Risk,Month-to-month,4,73.75
6416-TVAIH,0.63,High Risk,Month-to-month,1,68.5
2262-SLNVK,0.63,High Risk,Month-to-month,1,70.1
3951-NJCVI,0.63,High Risk,Month-to-month,42,95.05
0928-JMXNP,0.63,High Risk,Month-to-month,4,29.9
5032-MIYKT,0.63,High Risk,Month-to-month,1,70.7
9961-JBNMK,0.63,High Risk,Month-to-month,21,96.8
2619-WFQWU,0.63,High Risk,Month-to-month,1,70.15
4521-YEEHE,0.63,High Risk,Month-to-month,18,88.85
9054-FOWNV,0.63,High Risk,Month-to-month,22,88.75
9985-MWVIX,0.63,High Risk,Month-to-month,1,70.15
3296-SILRA,0.63,High Risk,Month-to-month,1,76.4
0581-BXBUB,0.63,High Risk,Month-to-month,4,72.75
9129-UXERG,0.63,High Risk,Month-to-month,18,103.6
5134-IKDAY,0.63,High Risk,Month-to-month,1,69.8
4998-IKFSE,0.63,High Risk,Month-to-month,30,100.45
0968-GSIKN,0.63,High Risk,Month-to-month,1,70.8
7534-BFESC,0.63,High Risk,Month-to-month,24,76.1
8949-JTMAY,0.63,High Risk,Month-to-month,29,98.6
2154-KVJFF,0.63,High Risk,Month-to-month,15,79.75
0135-NMXAP,0.63,High Risk,Month-to-month,12,89.75
8270-RKSAP,0.63,High Risk,Month-to-month,9,70.5
6030-REHUX,0.63,High Risk,Month-to-month,28,110.85
1636-NTNCO,0.63,High Risk,Month-to-month,4,50.95
0396-YCHWO,0.63,High Risk,Month-to-month,36,95.4
9050-QLROH,0.63,High Risk,Month-to-month,18,90.7
0196-JTUQI,0.63,High Risk,Month-to-month,9,75.2
8734-DKSTZ,0.63,High Risk,Month-to-month,10,85.95
6393-WRYZE,0.63,High Risk,Month-to-month,34,97.65
5879-SESNB,0.63,High Risk,Month-to-month,11,75.25
0115-TFERT,0.63,High Risk,Month-to-month,21,111.2
8709-KRDVL,0.63,High Risk,Month-to-month,33,100.0
9133-AYJZG,0.63,High Risk,Month-to-month,23,98.7
1583-IHQZE,0.63,High Risk,Month-to-month,12,112.95
3001-CBHLQ,0.63,High Risk,Month-to-month,32,104.9
8443-WVPSS,0.63,High Risk,Month-to-month,10,99.85
2080-CAZNM,0.63,High Risk,Month-to-month,41,104.4
9647-ERGBE,0.63,High Risk,Month-to-month,30,100.05
1867-BDVFH,0.63,High Risk,Month-to-month,11,74.35
2959-FENLU,0.63,High Risk,Month-to-month,9,85.3
9494-MRNYX,0.63,High Risk,Month-to-month,10,75.05
6267-DCFFZ,0.63,High Risk,Month-to-month,30,90.05
3420-ZDBMA,0.63,High Risk,Month-to-month,5,71.45
1771-OADNZ,0.63,High Risk,Month-to-month,29,95.9
7714-YXSMB,0.63,High Risk,Month-to-month,26,100.5
1379-FRVEB,0.63,High Risk,Month-to-month,15,91.0
5569-KGJHX,0.63,High Risk,Month-to-month,9,85.35
1028-FFNJK,0.63,High Risk,Month-to-month,30,101.5
2754-XBHTB,0.63,High Risk,Month-to-month,9,77.65
6993-OHLXR,0.63,High Risk,Month-to-month,2,68.95
0455-XFASS,0.62,High Risk,Month-to-month,3,69.55
0674-DGMAQ,0.62,High Risk,Month-to-month,32,93.5
7892-POOKP,0.62,High Risk,Month-to-month,28,104.8
8676-TRMJS,0.62,High Risk,Month-to-month,3,75.0
3365-SAIGS,0.62,High Risk,Month-to-month,17,83.55
2969-QWUBZ,0.62,High Risk,Month-to-month,2,51.4
0749-IRGQE,0.62,High Risk,Month-to-month,13,45.3
9524-EGPJC,0.62,High Risk,Month-to-month,18,90.1
5318-IXUZF,0.62,High Risk,Month-to-month,2,87.15
5692-ICXLW,0.62,High Risk,Month-to-month,31,90.7
7571-YXDAD,0.62,High Risk,Month-to-month,2,74.9
1751-NCDLI,0.62,High Risk,Month-to-month,46,98.85
5091-HFAZW,0.62,High Risk,Month-to-month,2,91.15
8380-PEFPE,0.62,High Risk,Month-to-month,1,71.65
5949-XIKAE,0.62,High Risk,Month-to-month,8,83.55
0611-DFXKO,0.62,High Risk,Month-to-month,20,89.0
1236-WFCDV,0.62,High Risk,Month-to-month,14,90.45
7072-MBHEV,0.62,High Risk,Month-to-month,11,78.1
5899-MQZZL,0.62,High Risk,Month-to-month,13,75.0
5947-SGKCL,0.62,High Risk,Month-to-month,15,105.35
8337-MSSXB,0.62,High Risk,Month-to-month,14,86.3
8132-YPVBX,0.62,High Risk,Month-to-month,6,85.95
3640-PHQXK,0.62,High Risk,Month-to-month,31,89.9
0772-GYEQQ,0.62,High Risk,Month-to-month,3,88.35
9355-NPPFS,0.62,High Risk,Month-to-month,26,78.8
2482-CZGBB,0.62,High Risk,Month-to-month,10,70.0
9367-WXLCH,0.62,High Risk,Month-to-month,8,84.5
3143-JQEGI,0.62,High Risk,Month-to-month,13,88.35
0411-EZJZE,0.62,High Risk,Month-to-month,3,60.25
3797-FKOGQ,0.62,High Risk,Month-to-month,11,86.2
5959-BELXA,0.62,High Risk,Month-to-month,32,96.15
6140-QNRQQ,0.62,High Risk,Month-to-month,1,71.55
5583-SXDAG,0.62,High Risk,Month-to-month,1,70.0
0921-OHLVP,0.62,High Risk,Month-to-month,22,83.05
5442-BHQNG,0.62,High Risk,Month-to-month,2,70.35
6496-JDSSB,0.62,High Risk,Month-to-month,8,80.0
7321-PKUYW,0.62,High Risk,Month-to-month,11,90.15
7379-FNIUJ,0.62,High Risk,Month-to-month,2,100.2
0027-KWYKW,0.62,High Risk,Month-to-month,23,83.75
6502-HCJTI,0.62,High Risk,Month-to-month,7,94.7
8042-JVNFH,0.62,High Risk,Month-to-month,1,71.35
4009-ALQFH,0.62,High Risk,Month-to-month,25,99.5
1689-YQBYY,0.62,High Risk,Month-to-month,12,76.6
8063-RJYNF,0.62,High Risk,Month-to-month,16,94.25
2504-DSHIH,0.62,High Risk,Month-to-month,23,86.8
5931-FLJJF,0.62,High Risk,Month-to-month,7,70.1
7890-VYYWG,0.62,High Risk,Month-to-month,3,36.45
0491-KAPQG,0.62,High Risk,Month-to-month,21,73.7
8111-SLLHI,0.62,High Risk,Month-to-month,39,105.65
9617-INGJY,0.62,High Risk,Month-to-month,1,70.6
5380-WJKOV,0.62,High Risk,Month-to-month,34,106.35
3211-AAPKX,0.62,High Risk,Month-to-month,20,98.55
4647-MUZON,0.62,High Risk,Month-to-month,18,95.95
4759-TRPLW,0.62,High Risk,Month-to-month,1,70.4
0315-LVCRK,0.62,High Risk,Month-to-month,11,84.8
1915-IOFGU,0.62,High Risk,Month-to-month,1,70.5
7538-GWHML,0.62,High Risk,Month-to-month,2,69.65
5934-RMPOV,0.62,High Risk,Month-to-month,22,84.75
3177-LASXD,0.62,High Risk,Month-to-month,1,71.35
3422-LYEPQ,0.62,High Risk,Month-to-month,1,71.0
4277-PVRAN,0.62,High Risk,Month-to-month,8,80.1
9444-JTXHZ,0.62,High Risk,Month-to-month,1,76.2
3855-ONCAR,0.62,High Risk,Month-to-month,4,78.9
1766-GKNMI,0.62,High Risk,Month-to-month,29,84.9
7153-OANIO,0.62,High Risk,Month-to-month,1,69.95
3771-PZOBW,0.62,High Risk,Month-to-month,20,90.7
1448-PWKYE,0.62,High Risk,Month-to-month,1,80.0
8617-ENBDS,0.61,High Risk,Month-to-month,3,73.6
6821-BUXUX,0.61,High Risk,Month-to-month,13,96.65
4391-RESHN,0.61,High Risk,Month-to-month,23,104.05
4299-SIMNS,0.61,High Risk,Month-to-month,9,81.15
2685-SREOM,0.61,High Risk,Month-to-month,25,89.1
4059-IIEBK,0.61,High Risk,Month-to-month,7,78.55
5976-JCJRH,0.61,High Risk,Month-to-month,10,70.3
7598-UAASY,0.61,High Risk,Month-to-month,2,76.4
6432-TWQLB,0.61,High Risk,Month-to-month,5,85.4
3966-HRMZA,0.61,High Risk,Month-to-month,3,75.05
6086-ESGRL,0.61,High Risk,Month-to-month,1,80.15
5130-IEKQT,0.61,High Risk,Month-to-month,25,105.95
6379-RXJRQ,0.61,High Risk,Month-to-month,10,70.1
1513-XNPPH,0.61,High Risk,Month-to-month,12,89.4
3703-KBKZP,0.61,High Risk,Month-to-month,16,74.45
4029-HPFVY,0.61,High Risk,Month-to-month,3,70.3
8481-YYXWG,0.61,High Risk,Month-to-month,5,89.35
7928-VJYAB,0.61,High Risk,Month-to-month,11,90.6
6907-NZZIJ,0.61,High Risk,Month-to-month,36,99.15
1658-TJVOA,0.61,High Risk,Month-to-month,6,74.1
7142-HVGBG,0.61,High Risk,Month-to-month,43,103.0
0378-NHQXU,0.61,High Risk,Month-to-month,17,88.25
5712-PTIWW,0.61,High Risk,Month-to-month,2,79.85
4480-QQRHC,0.61,High Risk,Month-to-month,8,74.05
1641-RQDAY,0.61,High Risk,Month-to-month,32,100.4
0524-IAVZO,0.61,High Risk,Month-to-month,30,85.0
4983-CCWMC,0.61,High Risk,Month-to-month,3,69.6
3597-MVHJT,0.61,High Risk,Month-to-month,27,95.6
3672-YITQD,0.61,High Risk,Month-to-month,36,84.1
1104-TNLZA,0.61,High Risk,Month-to-month,28,105.8
7952-OBOYL,0.61,High Risk,Month-to-month,3,89.85
6319-IEJWJ,0.61,High Risk,Month-to-month,20,90.2
8844-TONUD,0.61,High Risk,Month-to-month,13,96.65
5520-FVEWJ,0.61,High Risk,Month-to-month,12,84.5
7703-ZEKEF,0.61,High Risk,Month-to-month,23,81.0
6101-IMRMM,0.61,High Risk,Month-to-month,6,94.5
0508-OOLTO,0.61,High Risk,Month-to-month,2,71.65
5233-GEEAX,0.61,High Risk,Month-to-month,8,29.4
0637-YLETY,0.61,High Risk,Month-to-month,16,95.6
8565-CLBZW,0.61,High Risk,Month-to-month,24,89.85
4547-LYTDD,0.61,High Risk,Month-to-month,16,72.65
1754-GKYPY,0.61,High Risk,Month-to-month,22,89.75
2739-CACDQ,0.61,High Risk,Month-to-month,17,82.65
1334-FJSVR,0.6,High Risk,Month-to-month,1,24.25
3588-WSTTJ,0.6,High Risk,Month-to-month,35,99.05
6175-IRFIT,0.6,High Risk,Month-to-month,5,78.75
0727-IWKVK,0.6,High Risk,Month-to-month,9,79.9
9866-QEVEE,0.6,High Risk,Month-to-month,19,86.0
7270-BDIOA,0.6,High Risk,Month-to-month,22,90.0
4763-PGDPO,0.6,High Risk,Month-to-month,4,70.4
8104-OSKWT,0.6,High Risk,Month-to-month,12,79.8
8854-CCVSQ,0.6,High Risk,Month-to-month,18,80.65
6032-KRXXO,0.6,High Risk,Month-to-month,30,90.25
5832-XKAES,0.6,High Risk,Month-to-month,2,69.8
5649-ANRML,0.6,High Risk,Month-to-month,2,95.1
7137-RYLPP,0.6,High Risk,Month-to-month,37,85.7
3916-NRPAP,0.6,High Risk,Month-to-month,3,85.7
8637-XJIVR,0.6,High Risk,Month-to-month,12,78.95
5729-KLZAR,0.6,High Risk,Month-to-month,4,80.85
6242-MBHPK,0.6,High Risk,Month-to-month,23,95.1
3669-LVWZB,0.6,High Risk,Month-to-month,5,51.0
8621-MNIHH,0.6,High Risk,Month-to-month,34,94.25
9773-PEQBZ,0.6,High Risk,Month-to-month,10,79.85
9399-APLBT,0.6,High Risk,Month-to-month,1,74.7
6900-PXRMS,0.6,High Risk,Month-to-month,26,105.75
9167-APMXZ,0.6,High Risk,Month-to-month,22,84.15
9492-TOKRI,0.6,High Risk,Month-to-month,18,90.0
0620-DLSLK,0.6,High Risk,Month-to-month,13,81.9
9565-DJPIB,0.6,High Risk,Month-to-month,4,89.6
4137-BTIKL,0.6,High Risk,Month-to-month,2,90.75
3550-SAHFP,0.6,High Risk,Month-to-month,33,83.35
4572-DVCGN,0.6,High Risk,Month-to-month,10,80.25
4716-HHKQH,0.6,High Risk,Month-to-month,20,107.05
9840-EFJQB,0.6,High Risk,Month-to-month,1,74.35
3336-JORSO,0.6,High Risk,Month-to-month,33,110.45
7508-SMHXL,0.6,High Risk,Month-to-month,15,89.0
7365-BVCJH,0.6,High Risk,Month-to-month,1,24.4
8937-RDTHP,0.6,High Risk,Month-to-month,1,84.6
8981-FJGLA,0.6,High Risk,Month-to-month,11,78.0
4433-JCGCG,0.6,High Risk,Month-to-month,46,101.0
5989-PGKJB,0.6,High Risk,Month-to-month,16,86.25
6680-WKXRZ,0.6,High Risk,Month-to-month,3,74.4
8784-CGILN,0.6,High Risk,Month-to-month,18,99.85
0231-LXVAP,0.6,High Risk,Month-to-month,1,75.9
5144-TVGLP,0.6,High Risk,Month-to-month,38,94.75
2091-RFFBA,0.6,High Risk,Month-to-month,31,73.9
9801-GDWGV,0.6,High Risk,Month-to-month,39,103.45
6877-LGWXO,0.6,High Risk,Month-to-month,18,78.55
9506-UXUSK,0.6,High Risk,Month-to-month,13,70.15
6338-AVWCY,0.6,High Risk,Month-to-month,3,40.15
2672-DZUOY,0.6,High Risk,Month-to-month,1,25.15
3196-NVXLZ,0.6,High Risk,Month-to-month,25,84.6
1894-IGFSG,0.6,High Risk,Month-to-month,22,89.25
7295-JOMMD,0.6,High Risk,Month-to-month,4,98.1
2397-BRLOM,0.6,High Risk,Month-to-month,8,80.45
1024-GUALD,0.6,High Risk,Month-to-month,1,24.8
0581-MDMPW,0.6,High Risk,Month-to-month,24,88.95
8182-BJDSI,0.6,High Risk,Month-to-month,28,89.95
6923-JHPMP,0.6,High Risk,Month-to-month,2,80.45
9600-UDOPK,0.6,High Risk,Month-to-month,30,94.05
0654-HMSHN,0.6,High Risk,Month-to-month,21,104.4
3858-VOBET,0.6,High Risk,Month-to-month,23,74.95
9658-WYUFB,0.6,High Risk,Month-to-month,17,94.4
0952-KMEEH,0.6,High Risk,Month-to-month,13,98.15
3644-QXEHN,0.6,High Risk,Month-to-month,13,97.0
4581-LNWUM,0.6,High Risk,Month-to-month,13,49.15
5054-IEXZT,0.6,High Risk,Month-to-month,1,75.35
1989-PRJHP,0.6,High Risk,Month-to-month,27,75.5
2079-FBMZK,0.6,High Risk,Month-to-month,6,69.25
9947-OTFQU,0.6,High Risk,Month-to-month,15,74.4
7278-CKDNC,0.6,High Risk,Month-to-month,24,80.5
0447-RXSGD,0.6,High Risk,Month-to-month,24,99.65
2070-XYMFH,0.6,High Risk,Month-to-month,23,79.35
3797-VTIDR,0.6,High Risk,Month-to-month,1,23.45
9514-JDSKI,0.6,High Risk,Month-to-month,1,40.2
9796-BPKIW,0.6,High Risk,Month-to-month,8,69.95
2905-KFQUV,0.6,High Risk,Month-to-month,2,70.4
9692-TUSXH,0.6,High Risk,Month-to-month,18,96.05
8634-MPHTR,0.6,High Risk,Month-to-month,47,100.05
0378-TOVMS,0.59,High Risk,Month-to-month,3,85.8
7854-FOKSF,0.59,High Risk,Month-to-month,1,35.9
4803-AXVYP,0.59,High Risk,Month-to-month,38,99.55
8650-RHRKE,0.59,High Risk,Month-to-month,4,29.65
3841-CONLJ,0.59,High Risk,Month-to-month,1,35.0
8818-DOPVL,0.59,High Risk,Month-to-month,46,104.45
3496-LFSZU,0.59,High Risk,Month-to-month,4,70.5
8436-BJUMM,0.59,High Risk,Month-to-month,26,83.75
2460-NGXBJ,0.59,High Risk,Month-to-month,11,75.2
4583-PARNH,0.59,High Risk,Month-to-month,16,91.55
0812-WUPTB,0.59,High Risk,Month-to-month,1,70.85
2608-BHKFN,0.59,High Risk,Month-to-month,4,70.05
3411-WLRSQ,0.59,High Risk,Month-to-month,3,74.6
1078-TDCRN,0.59,High Risk,Month-to-month,3,30.75
7410-YTJIK,0.59,High Risk,Month-to-month,7,75.45
7595-EUIVN,0.59,High Risk,Month-to-month,1,75.8
9576-ANLXO,0.59,High Risk,Month-to-month,3,69.55
6719-OXYBR,0.59,High Risk,Month-to-month,15,85.3
2582-FFFZR,0.59,High Risk,Month-to-month,22,50.6
0388-EOPEX,0.59,High Risk,Month-to-month,2,74.4
4919-IKATY,0.59,High Risk,Month-to-month,5,84.5
7326-RIGQZ,0.59,High Risk,Month-to-month,6,69.8
4450-DLLMH,0.59,High Risk,Month-to-month,2,71.3
5183-SNMJQ,0.59,High Risk,Month-to-month,10,95.1
6402-ZFPPI,0.59,High Risk,Month-to-month,25,102.8
2325-NBPZG,0.59,High Risk,Month-to-month,3,74.55
6715-OFDBP,0.59,High Risk,Month-to-month,5,70.05
6103-BOCOU,0.59,High Risk,Month-to-month,26,80.7
0958-YHXGP,0.59,High Risk,Month-to-month,7,69.9
4902-OHLSK,0.59,High Risk,Month-to-month,29,98.65
6692-UDPJC,0.59,High Risk,Month-to-month,14,91.65
0746-JTRFU,0.59,High Risk,Month-to-month,2,25.05
2984-MIIZL,0.59,High Risk,Month-to-month,4,74.8
3647-GMGDH,0.59,High Risk,Month-to-month,22,94.7
3315-TOTBP,0.59,High Risk,Month-to-month,15,76.0
2575-GFSOE,0.59,High Risk,Month-to-month,7,69.0
7284-BUYEC,0.59,High Risk,Month-to-month,5,50.95
8276-MQBYC,0.59,High Risk,Month-to-month,51,97.8
9560-ARGQJ,0.59,High Risk,Month-to-month,16,81.0
0330-IVZHA,0.59,High Risk,Month-to-month,5,69.95
7089-IVVAZ,0.59,High Risk,Month-to-month,8,103.35
8433-WXGNA,0.58,High Risk,Month-to-month,2,75.7
0661-XEYAN,0.58,High Risk,Month-to-month,1,25.8
7318-EIVKO,0.58,High Risk,Month-to-month,8,59.25
0899-LIIBW,0.58,High Risk,Month-to-month,34,100.85
5669-SRAIP,0.58,High Risk,Month-to-month,5,39.5
8263-JQAIK,0.58,High Risk,Month-to-month,2,24.45
1496-GGSUK,0.58,High Risk,Month-to-month,1,25.7
2080-GKCWQ,0.58,High Risk,Month-to-month,2,74.95
0886-QGENL,0.58,High Risk,Month-to-month,27,101.25
7748-UMTRK,0.58,High Risk,Month-to-month,30,101.3
0848-ZGQIJ,0.58,High Risk,Month-to-month,16,94.65
0439-IFYUN,0.58,High Risk,Month-to-month,18,74.7
0376-YMCJC,0.58,High Risk,Month-to-month,23,90.6
5842-POCOP,0.58,High Risk,Month-to-month,5,88.9
2424-WVHPL,0.58,High Risk,Month-to-month,1,74.7
9490-DFPMD,0.58,High Risk,Month-to-month,42,84.65
6298-QDFNH,0.58,High Risk,Month-to-month,22,79.35
4636-QRJKY,0.58,High Risk,Month-to-month,6,80.5
4817-QRJSX,0.58,High Risk,Month-to-month,10,81.0
6088-BXMRG,0.58,High Risk,Month-to-month,32,98.85
4818-QIUFN,0.58,High Risk,Month-to-month,20,79.15
4423-YLHDV,0.58,High Risk,Month-to-month,21,104.4
4546-FOKWR,0.58,High Risk,Month-to-month,16,74.75
4183-MYFRB,0.58,High Risk,Month-to-month,21,90.05
3398-ZOUAA,0.58,High Risk,Month-to-month,21,69.1
5666-CYCYZ,0.58,High Risk,Month-to-month,24,89.55
5482-PLVPE,0.58,High Risk,Month-to-month,2,24.35
1428-GTBJJ,0.58,High Risk,Month-to-month,11,74.55
7426-RHZGU,0.58,High Risk,Month-to-month,9,95.9
2249-YPRNG,0.58,High Risk,Month-to-month,20,105.85
5922-ABDVO,0.58,High Risk,Month-to-month,19,89.65
0612-RTZZA,0.58,High Risk,Month-to-month,1,25.25
2187-PKZAY,0.58,High Risk,Month-to-month,12,79.95
4439-JMPMT,0.58,High Risk,Month-to-month,5,85.75
1918-ZBFQJ,0.58,High Risk,Month-to-month,13,79.25
6645-MXQJT,0.58,High Risk,Month-to-month,2,97.1
4369-HTUIF,0.58,High Risk,Month-to-month,6,85.15
0650-BWOZN,0.58,High Risk,Month-to-month,18,73.55
8066-POXGX,0.58,High Risk,Month-to-month,13,35.1
7895-VONWT,0.58,High Risk,Month-to-month,25,48.25
3050-GBUSH,0.58,High Risk,Month-to-month,3,34.8
5482-VXSXJ,0.58,High Risk,Month-to-month,22,93.2
5261-QSHQM,0.58,High Risk,Month-to-month,4,24.45
9093-FPDLG,0.58,High Risk,Month-to-month,11,94.2
1077-HUUJM,0.58,High Risk,Month-to-month,7,71.05
9894-EZEWG,0.58,High Risk,Month-to-month,1,74.3
8374-XGEJJ,0.58,High Risk,Month-to-month,43,101.0
4547-KQRTM,0.58,High Risk,Month-to-month,10,80.05
2761-XECQW,0.57,High Risk,Month-to-month,8,43.35
0265-EDXBD,0.57,High Risk,Month-to-month,32,74.9
8128-YVJRG,0.57,High Risk,Month-to-month,7,79.65
4659-NZRUF,0.57,High Risk,Month-to-month,19,95.15
5655-JSMZM,0.57,High Risk,Month-to-month,49,96.2
0818-OCPZO,0.57,High Risk,Month-to-month,27,81.45
0515-YPMCW,0.57,High Risk,Month-to-month,1,70.45
4815-GBTCD,0.57,High Risk,Month-to-month,4,25.15
7786-WBJYI,0.57,High Risk,Month-to-month,4,77.95
1086-LXKFY,0.57,High Risk,Month-to-month,1,69.1
0337-CNPZE,0.57,High Risk,Month-to-month,41,106.3
2041-JIJCI,0.57,High Risk,Month-to-month,5,64.0
5449-FIBXJ,0.57,High Risk,Month-to-month,19,103.3
7176-WIONM,0.57,High Risk,Month-to-month,12,49.85
3884-HCSWG,0.57,High Risk,Month-to-month,17,70.0
7240-FQLHE,0.57,High Risk,Month-to-month,18,99.75
4910-AQFFX,0.57,High Risk,Month-to-month,9,79.35
3186-BAXNB,0.57,High Risk,Month-to-month,1,91.7
0219-YTZUE,0.57,High Risk,Month-to-month,4,84.8
5364-EVNIB,0.57,High Risk,Month-to-month,13,79.8
7470-MCQTK,0.57,High Risk,Month-to-month,13,48.75
9625-QSTYE,0.57,High Risk,Month-to-month,13,81.15
8118-TJAFG,0.57,High Risk,Month-to-month,9,101.5
1730-ZMAME,0.57,High Risk,Month-to-month,32,79.5
9540-JYROE,0.57,High Risk,Month-to-month,8,70.1
9851-QXEEQ,0.57,High Risk,Month-to-month,41,104.7
3744-ZRRDZ,0.57,High Risk,Month-to-month,21,82.35
9172-JITSM,0.57,High Risk,Month-to-month,26,90.8
7480-QNVZJ,0.57,High Risk,Month-to-month,50,95.7
4013-UBXWQ,0.57,High Risk,Month-to-month,7,74.65
1391-UBDAR,0.57,High Risk,Month-to-month,11,72.9
4290-BSXUX,0.57,High Risk,Month-to-month,3,79.65
3376-BMGFE,0.57,High Risk,Month-to-month,4,70.9
7422-WNBTY,0.57,High Risk,Month-to-month,33,93.35
5914-DVBWJ,0.57,High Risk,Month-to-month,18,85.45
6352-TWCAU,0.57,High Risk,Month-to-month,35,86.45
0940-OUQEC,0.57,High Risk,Month-to-month,10,80.7
8990-ZXLSU,0.57,High Risk,Month-to-month,9,69.05
5022-KVDQT,0.57,High Risk,Month-to-month,27,81.3
2082-OJVTK,0.57,High Risk,Month-to-month,29,89.2
4110-PFEUZ,0.57,High Risk,Month-to-month,1,69.55
6559-PDZLR,0.57,High Risk,Month-to-month,26,98.65
1212-GLHMD,0.57,High Risk,Month-to-month,3,86.05
0112-QAWRZ,0.57,High Risk,Month-to-month,16,90.8
1740-CSDJP,0.57,High Risk,Month-to-month,1,35.25
1092-GANHU,0.57,High Risk,Month-to-month,17,76.65
6243-OZGFH,0.57,High Risk,Month-to-month,23,44.95
2824-MYYBN,0.57,High Risk,Month-to-month,37,95.25
8685-WHQPW,0.57,High Risk,Month-to-month,22,74.4
0616-ATFGB,0.57,High Risk,Month-to-month,1,25.05
4816-LXZYW,0.57,High Risk,Month-to-month,23,79.15
5747-PMBSQ,0.57,High Risk,Month-to-month,10,92.5
3536-IQCTX,0.56,High Risk,Month-to-month,32,85.3
0362-ZBZWJ,0.56,High Risk,Month-to-month,36,84.9
0114-PEGZZ,0.56,High Risk,Month-to-month,33,107.55
9734-UYXQI,0.56,High Risk,Month-to-month,2,49.4
6818-DJXAA,0.56,High Risk,Month-to-month,10,91.1
5307-DZCVC,0.56,High Risk,Month-to-month,32,85.95
4236-XPXAV,0.56,High Risk,Month-to-month,5,99.15
6365-MTGZX,0.56,High Risk,Month-to-month,24,96.0
9529-OFXHY,0.56,High Risk,Month-to-month,15,87.75
4652-NNHNY,0.56,High Risk,Month-to-month,16,73.85
1965-DDBWU,0.56,High Risk,Month-to-month,16,89.05
3269-ATYWD,0.56,High Risk,Month-to-month,39,95.65
2528-HFYZX,0.56,High Risk,Month-to-month,17,76.45
7802-EFKNY,0.56,High Risk,Month-to-month,5,24.95
2740-TVLFN,0.56,High Risk,Month-to-month,1,50.15
5899-OUVKV,0.56,High Risk,Month-to-month,31,94.5
5857-TYBCJ,0.56,High Risk,Month-to-month,44,89.2
9058-MJLZC,0.56,High Risk,Month-to-month,24,94.6
8630-FJLIB,0.56,High Risk,Month-to-month,18,69.8
1932-UEDCX,0.56,High Risk,Month-to-month,33,100.6
3002-WQZWT,0.56,High Risk,Month-to-month,29,74.2
8189-XRIKE,0.56,High Risk,Month-to-month,32,90.95
1769-GRUIK,0.56,High Risk,Month-to-month,18,71.1
2603-HVKCG,0.56,High Risk,Month-to-month,31,101.4
9432-VOFYX,0.56,High Risk,Month-to-month,17,70.8
0876-WDUUZ,0.56,High Risk,Month-to-month,5,85.4
3627-FCRDW,0.56,High Risk,Month-to-month,9,71.0
5019-GQVCR,0.56,High Risk,Month-to-month,43,84.85
1597-LHYNC,0.56,High Risk,Month-to-month,26,95.0
1062-LHZOD,0.56,High Risk,Month-to-month,1,69.9
0093-EXYQL,0.56,High Risk,Month-to-month,40,91.55
0151-ONTOV,0.56,High Risk,Month-to-month,1,70.9
0248-IPDFW,0.56,High Risk,Month-to-month,1,50.1
0147-ESWWR,0.56,High Risk,Month-to-month,39,101.25
8160-HOWOX,0.56,High Risk,Month-to-month,7,66.85
0511-JTEOY,0.56,High Risk,Month-to-month,1,71.1
0519-XUZJU,0.56,High Risk,Month-to-month,1,70.75
7590-VHVEG,0.56,High Risk,Month-to-month,1,29.85
5569-OUICF,0.56,High Risk,Month-to-month,28,101.3
5605-IYGFG,0.56,High Risk,Month-to-month,7,69.85
9191-MYQKX,0.56,High Risk,Month-to-month,7,75.15
5884-GCYMI,0.56,High Risk,Month-to-month,1,69.4
0434-CSFON,0.56,High Risk,Month-to-month,47,100.5
6260-ONULR,0.56,High Risk,Month-to-month,1,62.8
8645-KWHJO,0.56,High Risk,Month-to-month,14,55.0
5480-HPRRX,0.56,High Risk,Month-to-month,3,25.3
2832-KJCRD,0.56,High Risk,Month-to-month,38,103.65
1271-SJBGZ,0.56,High Risk,Month-to-month,12,43.65
1122-JWTJW,0.56,High Risk,Month-to-month,1,70.65
8490-BXHEO,0.56,High Risk,Month-to-month,18,80.55
8040-MNRTF,0.56,High Risk,Month-to-month,1,71.1
2362-IBOOY,0.56,High Risk,Month-to-month,36,84.75
5980-NOPLP,0.56,High Risk,Month-to-month,44,96.1
0674-EYYZV,0.55,High Risk,Month-to-month,1,54.65
3003-CMDUU,0.55,High Risk,Month-to-month,25,95.15
2359-KMGLI,0.55,High Risk,Month-to-month,24,80.25
3538-WZPHD,0.55,High Risk,Month-to-month,3,29.6
4919-MOAVT,0.55,High Risk,Month-to-month,3,69.65
1307-ATKGB,0.55,High Risk,Month-to-month,24,89.55
2373-NTKOD,0.55,High Risk,Month-to-month,8,66.25
0139-IVFJG,0.55,High Risk,Month-to-month,2,90.35
1384-RCUXW,0.55,High Risk,Month-to-month,16,80.55
0504-HHAPI,0.55,High Risk,Month-to-month,27,88.3
2916-BQZLN,0.55,High Risk,Month-to-month,19,84.75
7924-GJZFI,0.55,High Risk,Month-to-month,25,69.3
6330-JKLPC,0.55,High Risk,Month-to-month,11,80.5
9601-BRXPO,0.55,High Risk,Month-to-month,25,104.95
5044-LRQAQ,0.55,High Risk,Month-to-month,7,69.2
4587-NUKOX,0.55,High Risk,Month-to-month,3,79.1
8903-WMRNW,0.55,High Risk,Month-to-month,15,101.75
1194-HVAIF,0.55,High Risk,Month-to-month,27,95.0
0947-MUGVO,0.55,High Risk,Month-to-month,20,73.65
7855-DIWPO,0.55,High Risk,Month-to-month,21,68.65
1580-BMCMR,0.55,High Risk,Month-to-month,19,87.3
5233-AOZUF,0.55,High Risk,Month-to-month,29,74.95
5087-SUURX,0.55,High Risk,Month-to-month,18,39.05
3717-OEAUQ,0.55,High Risk,Month-to-month,2,70.7
9851-KIELU,0.55,High Risk,Month-to-month,10,110.1
6178-KFNHS,0.55,High Risk,Month-to-month,12,78.3
3748-FVMZZ,0.55,High Risk,Month-to-month,4,40.05
7603-USHJS,0.55,High Risk,Month-to-month,12,73.75
7767-UXAGJ,0.55,High Risk,Month-to-month,1,50.45
1399-UBQIU,0.55,High Risk,Month-to-month,11,69.35
6557-BZXLQ,0.55,High Risk,Month-to-month,16,69.65
9747-DDZOS,0.55,High Risk,Month-to-month,1,73.5
3312-UUMZW,0.55,High Risk,Month-to-month,32,98.85
5950-AAAGJ,0.55,High Risk,Month-to-month,18,84.3
3934-HXCFZ,0.55,High Risk,Month-to-month,23,99.25
8837-VVWLQ,0.55,High Risk,Month-to-month,8,84.95
5940-AHUHD,0.55,High Risk,Month-to-month,1,70.6
4257-GAESD,0.55,High Risk,Month-to-month,6,45.0
8695-ARGXZ,0.55,High Risk,Month-to-month,34,75.55
6311-UEUME,0.55,High Risk,Month-to-month,29,78.9
4289-DTDKW,0.55,High Risk,Month-to-month,40,101.3
4629-NRXKX,0.55,High Risk,Month-to-month,2,70.4
0601-WZHJF,0.55,High Risk,Month-to-month,14,46.35
8429-XIBUM,0.55,High Risk,Month-to-month,22,101.35
0311-UNPFF,0.55,High Risk,Month-to-month,26,88.8
3955-JBZZM,0.55,High Risk,Month-to-month,20,78.8
3956-MGXOG,0.55,High Risk,Month-to-month,28,80.6
9465-RWMXL,0.54,High Risk,Month-to-month,32,78.9
6518-LGAOV,0.54,High Risk,Month-to-month,38,105.0
4360-PNRQB,0.54,High Risk,Month-to-month,18,75.6
2501-XWWTZ,0.54,High Risk,Month-to-month,11,70.2
7881-EVUAD,0.54,High Risk,Month-to-month,2,42.6
7979-CORPM,0.54,High Risk,Month-to-month,24,90.55
7242-QZLXF,0.54,High Risk,Month-to-month,1,25.3
4373-MAVJG,0.54,High Risk,Month-to-month,14,90.9
2719-BDAQO,0.54,High Risk,Month-to-month,17,93.85
4013-TLDHQ,0.54,High Risk,Month-to-month,19,78.25
2203-GHNWN,0.54,High Risk,Month-to-month,24,79.65
7783-YKGDV,0.54,High Risk,Month-to-month,12,99.7
3853-LYGAM,0.54,High Risk,Month-to-month,17,95.65
3063-QFSZL,0.54,High Risk,Month-to-month,1,55.4
4077-CROMM,0.54,High Risk,Month-to-month,31,104.2
1723-HKXJQ,0.54,High Risk,Month-to-month,42,101.75
3583-EKAPL,0.54,High Risk,Month-to-month,1,55.0
8417-FMLZI,0.54,High Risk,Month-to-month,6,83.55
2309-OSFEU,0.54,High Risk,Month-to-month,10,33.9
2956-GGUCQ,0.54,High Risk,Month-to-month,24,78.85
8120-JDCAM,0.54,High Risk,Month-to-month,4,69.55
6652-YFFJO,0.54,High Risk,Month-to-month,11,64.9
9227-LUNBG,0.54,High Risk,Month-to-month,1,24.6
9136-ALYBR,0.54,High Risk,Month-to-month,1,24.45
4128-ETESU,0.54,High Risk,Month-to-month,47,99.7
6481-ESCNL,0.54,High Risk,Month-to-month,29,100.55
0771-WLCLA,0.54,High Risk,Month-to-month,16,112.95
8393-DLHGA,0.54,High Risk,Month-to-month,25,95.9
9430-FRQOC,0.54,High Risk,Month-to-month,4,87.1
2252-ISRNH,0.54,High Risk,One year,9,90.35
7537-RBWEA,0.54,High Risk,Month-to-month,1,25.15
8404-GFGCZ,0.54,High Risk,Month-to-month,4,65.6
7586-ZATGZ,0.54,High Risk,Month-to-month,40,84.9
9822-OAOVB,0.54,High Risk,Month-to-month,1,55.45
5204-QZXPU,0.54,High Risk,Month-to-month,19,39.65
1335-NTIUC,0.54,High Risk,Month-to-month,9,24.95
6032-IGALN,0.54,High Risk,Month-to-month,1,25.1
4690-PKDQG,0.54,High Risk,Month-to-month,42,95.55
4536-PLEQY,0.54,High Risk,Month-to-month,12,85.05
2862-PFNIK,0.54,High Risk,Month-to-month,1,24.7
7562-UXTPG,0.54,High Risk,Month-to-month,13,70.15
9921-QFQUL,0.54,High Risk,Month-to-month,23,90.15
5480-TBGPH,0.54,High Risk,Month-to-month,24,99.3
3914-FDRHP,0.54,High Risk,Month-to-month,9,86.25
7181-OQCUT,0.54,High Risk,Month-to-month,21,103.85
1746-TGTWV,0.54,High Risk,Month-to-month,1,75.35
9274-UARKJ,0.54,High Risk,Month-to-month,15,83.2
6284-AHOOQ,0.54,High Risk,Month-to-month,22,90.5
2920-RNCEZ,0.54,High Risk,Month-to-month,1,69.95
7018-WBJNK,0.54,High Risk,Month-to-month,13,78.3
5909-ECHUI,0.54,High Risk,Month-to-month,1,56.25
2823-LKABH,0.54,High Risk,Month-to-month,18,95.05
4398-HSCJH,0.54,High Risk,Month-to-month,3,63.6
9600-NAXZN,0.54,High Risk,Month-to-month,43,101.4
0570-BFQHT,0.54,High Risk,Month-to-month,9,80.55
5501-TVMGM,0.54,High Risk,Month-to-month,1,55.25
4367-NHWMM,0.54,High Risk,Month-to-month,1,24.9
0988-JRWWP,0.54,High Risk,Month-to-month,3,54.2
8687-BAFGU,0.54,High Risk,Month-to-month,1,74.0
3751-KTZEL,0.54,High Risk,Month-to-month,1,35.05
5533-NHFRF,0.54,High Risk,Month-to-month,7,44.4
0221-WMXNQ,0.54,High Risk,Month-to-month,4,75.35
2018-PZKMU,0.54,High Risk,Month-to-month,9,103.1
1624-WOIWJ,0.54,High Risk,Month-to-month,10,84.7
8778-LMWTJ,0.54,High Risk,Month-to-month,9,74.85
2468-SJFLM,0.54,High Risk,Month-to-month,1,74.3
0212-ISBBF,0.54,High Risk,Month-to-month,22,50.35
1262-OPMFY,0.54,High Risk,Month-to-month,9,75.75
9971-ZWPBF,0.53,High Risk,Month-to-month,34,108.9
8696-JKZNU,0.53,High Risk,Month-to-month,37,76.25
2696-NARTR,0.53,High Risk,Month-to-month,11,73.85
9904-EHEVJ,0.53,High Risk,Month-to-month,32,91.35
4501-EQDRN,0.53,High Risk,Month-to-month,1,69.7
8584-KMVXD,0.53,High Risk,Month-to-month,8,75.6
5442-XSDCW,0.53,High Risk,Month-to-month,11,79.5
8486-AYEQH,0.53,High Risk,Month-to-month,31,76.05
9283-LZQOH,0.53,High Risk,Month-to-month,13,74.4
7892-QVYKW,0.53,High Risk,Month-to-month,23,85.6
6331-LWDTQ,0.53,High Risk,Month-to-month,10,72.15
5226-NOZFC,0.53,High Risk,Month-to-month,26,85.75
6166-ILMNY,0.53,High Risk,Month-to-month,2,69.75
0778-NELLA,0.53,High Risk,Month-to-month,9,34.7
0817-HSUSE,0.53,High Risk,Month-to-month,1,75.5
2919-HBCJO,0.53,High Risk,Month-to-month,4,76.65
5606-AMZBO,0.53,High Risk,Month-to-month,10,78.15
4484-CGXFK,0.53,High Risk,Month-to-month,3,55.3
6212-ATMLK,0.53,High Risk,Month-to-month,50,95.7
1522-VVDMG,0.53,High Risk,Month-to-month,7,89.75
3235-ETOOB,0.53,High Risk,Month-to-month,8,74.5
8708-XPXHZ,0.53,High Risk,Month-to-month,42,94.2
3352-ALMCK,0.53,High Risk,Month-to-month,40,102.65
8059-UDZFY,0.53,High Risk,Month-to-month,33,105.35
5119-KEPFY,0.53,High Risk,Month-to-month,36,95.0
4195-NZGTA,0.53,High Risk,Month-to-month,1,25.25
7351-KYHQH,0.53,High Risk,Month-to-month,7,64.95
8519-QJGJD,0.53,High Risk,Month-to-month,14,75.35
7020-OZKXZ,0.53,High Risk,Month-to-month,9,75.5
2697-NQBPF,0.53,High Risk,Month-to-month,34,105.35
4236-UJPWO,0.53,High Risk,Month-to-month,2,24.5
2971-SGAFL,0.53,High Risk,Month-to-month,13,78.75
8456-QDAVC,0.53,High Risk,Month-to-month,19,78.7
0402-CQAJN,0.53,High Risk,Month-to-month,37,101.9
4718-DHSMV,0.53,High Risk,Month-to-month,11,35.8
2692-BUCFV,0.53,High Risk,Month-to-month,29,101.45
6581-NQCBA,0.53,High Risk,Month-to-month,16,49.95
9779-DPNEJ,0.53,High Risk,Month-to-month,22,80.15
0869-PAPRP,0.53,High Risk,Month-to-month,26,85.7
2507-QZPQS,0.53,High Risk,Month-to-month,15,95.7
8800-ZKRFW,0.53,High Risk,Month-to-month,30,107.5
5028-GZLDO,0.53,High Risk,Month-to-month,2,70.7
8012-SOUDQ,0.53,High Risk,Month-to-month,43,90.25
7901-TBKJX,0.53,High Risk,Month-to-month,56,101.05
0082-OQIQY,0.53,High Risk,Month-to-month,29,94.2
4704-ERYFC,0.53,High Risk,Month-to-month,22,69.25
6235-VDHOM,0.52,High Risk,Month-to-month,5,28.45
5760-FXFVO,0.52,High Risk,Month-to-month,6,78.95
9885-AIBVB,0.52,High Risk,Month-to-month,29,85.8
6646-VRFOL,0.52,High Risk,Month-to-month,53,103.85
1902-XBTFB,0.52,High Risk,Month-to-month,22,89.4
3096-IZETN,0.52,High Risk,Month-to-month,12,78.1
8640-SDGKB,0.52,High Risk,Month-to-month,4,74.4
0224-RLWWD,0.52,High Risk,Month-to-month,2,44.3
5167-GBFRE,0.52,High Risk,Month-to-month,4,25.2
3384-CTMSF,0.52,High Risk,Month-to-month,47,104.1
8563-OYMQY,0.52,High Risk,Month-to-month,17,90.95
0946-CLJTI,0.52,High Risk,Month-to-month,58,98.7
2694-CIUMO,0.52,High Risk,Month-to-month,12,79.55
5153-RTHKF,0.52,High Risk,Month-to-month,34,85.35
9365-SRSZE,0.52,High Risk,Month-to-month,27,70.55
5650-VDUDS,0.52,High Risk,Month-to-month,4,24.25
4846-WHAFZ,0.52,High Risk,Month-to-month,37,76.5
5108-ADXWO,0.52,High Risk,Month-to-month,11,73.5
6661-HBGWL,0.52,High Risk,Month-to-month,42,104.75
4512-ZUIYL,0.52,High Risk,Month-to-month,2,70.0
5373-SFODM,0.52,High Risk,Month-to-month,36,85.25
1608-GMEWB,0.52,High Risk,Month-to-month,45,93.9
0927-LCSMG,0.52,High Risk,Month-to-month,7,74.65
4238-JSSWH,0.52,High Risk,Month-to-month,35,102.05
3754-DXMRT,0.52,High Risk,Month-to-month,2,44.15
9450-TRJUU,0.52,High Risk,Month-to-month,35,83.15
7901-HXJVA,0.52,High Risk,Month-to-month,14,76.45
3671-SHRSP,0.52,High Risk,Month-to-month,4,80.6
7562-GSUHK,0.52,High Risk,Month-to-month,16,93.2
8993-PHFWD,0.52,High Risk,Month-to-month,3,25.25
5439-WIKXB,0.52,High Risk,Month-to-month,41,94.55
2344-JMOGN,0.52,High Risk,Month-to-month,9,94.85
8938-UMKPI,0.52,High Risk,Month-to-month,47,106.4
7268-IGMFD,0.52,High Risk,Month-to-month,18,93.9
5630-IXDXV,0.52,High Risk,Month-to-month,47,106.35
9907-SWKKF,0.51,High Risk,Month-to-month,1,25.05
9420-LOJKX,0.51,High Risk,Month-to-month,15,99.1
3088-LHEFH,0.51,High Risk,Month-to-month,11,79.0
3932-CMDTD,0.51,High Risk,One year,4,105.65
8914-RBTSB,0.51,High Risk,Month-to-month,31,93.8
9512-UIBFX,0.51,High Risk,Month-to-month,18,95.15
1452-KIOVK,0.51,High Risk,Month-to-month,22,89.1
6834-NXDCA,0.51,High Risk,Month-to-month,13,23.9
5626-MGTUK,0.51,High Risk,Month-to-month,20,89.1
1565-RHDJD,0.51,High Risk,Month-to-month,4,84.05
8212-DJRCH,0.51,High Risk,Month-to-month,5,90.35
5281-BUZGT,0.51,High Risk,Month-to-month,36,90.85
5364-XYIRR,0.51,High Risk,Month-to-month,51,94.65
9979-RGMZT,0.51,High Risk,One year,7,94.05
3755-JBMNH,0.51,High Risk,Month-to-month,16,71.8
6693-FRIRW,0.51,High Risk,Month-to-month,18,101.3
3312-ZWLGF,0.51,High Risk,Month-to-month,29,79.3
5175-WLYXL,0.51,High Risk,Month-to-month,22,78.85
3757-NJYBX,0.51,High Risk,Month-to-month,32,106.35
7978-DKUQH,0.51,High Risk,Month-to-month,25,74.6
7825-ECJRF,0.51,High Risk,Month-to-month,19,106.6
9898-KZQDZ,0.51,High Risk,Month-to-month,40,94.55
3374-LXDEV,0.51,High Risk,Month-to-month,13,89.4
4503-BDXBD,0.51,High Risk,Month-to-month,11,74.95
3866-MDTUB,0.51,High Risk,Month-to-month,2,70.75
4248-QPAVC,0.51,High Risk,Month-to-month,17,85.35
8212-CRQXP,0.51,High Risk,Month-to-month,22,80.0
5543-QDCRY,0.51,High Risk,Month-to-month,4,56.4
5222-IMUKT,0.51,High Risk,Month-to-month,32,91.05
0682-USIXD,0.51,High Risk,Month-to-month,21,86.05
9048-JVYVF,0.51,High Risk,Month-to-month,3,69.35
9638-JIQYA,0.51,High Risk,Month-to-month,2,24.9
5035-BVCXS,0.51,High Risk,Month-to-month,11,75.9
4816-JBHOV,0.51,High Risk,Month-to-month,2,44.7
6034-YMTOB,0.51,High Risk,Month-to-month,5,75.65
6994-KERXL,0.51,High Risk,Month-to-month,4,55.9
9743-DQKQW,0.51,High Risk,Month-to-month,3,25.1
6778-YSNIH,0.51,High Risk,Month-to-month,2,59.0
8020-BWHYL,0.51,High Risk,Month-to-month,15,75.3
2979-SXESE,0.51,High Risk,Month-to-month,17,94.4
4658-HCOHW,0.51,High Risk,Month-to-month,21,102.8
0354-WYROK,0.51,High Risk,Month-to-month,31,98.9
2592-SEIFQ,0.51,High Risk,Month-to-month,3,24.75
3094-JOJAI,0.51,High Risk,Month-to-month,18,74.15
3323-CPBWR,0.5,Medium Risk,Month-to-month,23,96.9
7129-CAKJW,0.5,Medium Risk,Month-to-month,17,80.05
9667-EQRXU,0.5,Medium Risk,Month-to-month,30,40.3
9620-ENEJV,0.5,Medium Risk,Month-to-month,6,70.55
5016-IBERQ,0.5,Medium Risk,Month-to-month,23,84.25
9824-BEMCV,0.5,Medium Risk,Month-to-month,17,69.0
5609-IMCGG,0.5,Medium Risk,Month-to-month,15,84.35
7852-LECYP,0.5,Medium Risk,Month-to-month,13,93.8
8714-EUHJO,0.5,Medium Risk,Month-to-month,31,91.15
8543-MSDMF,0.5,Medium Risk,Month-to-month,3,77.4
8155-IBNHG,0.5,Medium Risk,Month-to-month,24,75.4
2187-LZGPL,0.5,Medium Risk,Month-to-month,7,40.1
1845-CSBRZ,0.5,Medium Risk,Month-to-month,22,85.35
3677-TNKIO,0.5,Medium Risk,Month-to-month,14,71.0
2983-ZANRP,0.5,Medium Risk,Month-to-month,2,73.55
0093-XWZFY,0.5,Medium Risk,Month-to-month,40,104.5
5572-ZDXHY,0.5,Medium Risk,Month-to-month,22,84.3
5759-RCVCB,0.5,Medium Risk,Month-to-month,3,35.2
9508-ILZDG,0.5,Medium Risk,Month-to-month,34,96.35
2955-BJZHG,0.5,Medium Risk,Month-to-month,17,80.85
7503-QQRVF,0.5,Medium Risk,Month-to-month,16,74.3
4030-VPZBD,0.5,Medium Risk,Month-to-month,2,30.9
1100-DDVRV,0.5,Medium Risk,Month-to-month,17,49.8
0786-VSSUD,0.5,Medium Risk,Month-to-month,16,39.0
8819-IMISP,0.5,Medium Risk,Month-to-month,31,80.45
5453-AXEPF,0.5,Medium Risk,Month-to-month,17,80.5
8272-ONJLV,0.5,Medium Risk,One year,12,95.7
6458-CYIDZ,0.5,Medium Risk,Month-to-month,5,80.7
9053-EJUNL,0.5,Medium Risk,Month-to-month,41,89.2
3587-PMCOY,0.5,Medium Risk,One year,10,98.9
2657-ALMWY,0.5,Medium Risk,Month-to-month,26,84.95
6906-ANDWJ,0.5,Medium Risk,Month-to-month,15,74.9
2800-QQUSO,0.5,Medium Risk,Month-to-month,42,100.3
7279-BUYWN,0.5,Medium Risk,Month-to-month,41,113.2
9661-ACXBS,0.5,Medium Risk,Month-to-month,42,105.2
5960-MVTUK,0.5,Medium Risk,Month-to-month,3,29.75
8445-DNBAE,0.5,Medium Risk,Month-to-month,1,50.05
4349-GFQHK,0.5,Medium Risk,Month-to-month,1,54.35
4062-HBMOS,0.5,Medium Risk,Month-to-month,52,103.05
6599-SFQVE,0.5,Medium Risk,Month-to-month,6,55.0
6704-UTUKK,0.5,Medium Risk,Month-to-month,29,45.9
1346-UFHAX,0.5,Medium Risk,Month-to-month,13,80.0
2786-GCDPI,0.5,Medium Risk,Month-to-month,50,104.95
2911-WDXMV,0.5,Medium Risk,Month-to-month,18,80.55
6729-GDNGC,0.5,Medium Risk,Month-to-month,20,80.7
7395-IGJOS,0.5,Medium Risk,Month-to-month,17,81.5
7567-ECMCM,0.49,Medium Risk,Month-to-month,24,79.85
8642-GVWRF,0.49,Medium Risk,Month-to-month,2,79.7
2782-LFZVW,0.49,Medium Risk,Month-to-month,11,58.95
5895-QSXOD,0.49,Medium Risk,Month-to-month,9,70.05
7056-IMHCC,0.49,Medium Risk,Month-to-month,53,101.9
9518-XXBXE,0.49,Medium Risk,Month-to-month,10,75.3
9821-POOTN,0.49,Medium Risk,Month-to-month,35,75.2
6692-YQHXC,0.49,Medium Risk,Month-to-month,16,69.95
1482-OXZSY,0.49,Medium Risk,Month-to-month,30,100.4
9572-WUKSB,0.49,Medium Risk,Month-to-month,3,29.9
4184-TJFAN,0.49,Medium Risk,Month-to-month,3,88.3
9398-MMQTO,0.49,Medium Risk,Month-to-month,3,74.45
2386-LAHRK,0.49,Medium Risk,Month-to-month,1,53.5
2322-VCZHZ,0.49,Medium Risk,Month-to-month,23,90.0
4929-BSTRX,0.49,Medium Risk,Month-to-month,1,53.55
5650-YLIBA,0.49,Medium Risk,Month-to-month,31,81.15
5981-ITEMU,0.49,Medium Risk,Month-to-month,40,97.1
5143-EGQFK,0.49,Medium Risk,Month-to-month,10,29.65
9944-AEXBM,0.49,Medium Risk,Month-to-month,32,85.65
6259-WJQLC,0.49,Medium Risk,Month-to-month,32,81.1
0428-IKYCP,0.49,Medium Risk,Month-to-month,22,87.0
7718-RXDGG,0.49,Medium Risk,Month-to-month,15,68.6
3665-JATSN,0.49,Medium Risk,Month-to-month,19,39.7
3737-GCSPV,0.49,Medium Risk,Month-to-month,11,96.2
0141-YEAYS,0.49,Medium Risk,Month-to-month,27,86.45
8849-AYPTR,0.49,Medium Risk,Month-to-month,33,91.25
9643-AVVWI,0.49,Medium Risk,Month-to-month,3,80.0
5215-LNLDJ,0.49,Medium Risk,Month-to-month,7,24.7
3167-SNQPL,0.49,Medium Risk,Month-to-month,38,101.15
4749-VFKVB,0.49,Medium Risk,Month-to-month,1,50.1
1304-BCCFO,0.49,Medium Risk,Month-to-month,9,70.05
7404-JLKQG,0.49,Medium Risk,Month-to-month,3,57.55
6551-GNYDG,0.49,Medium Risk,Month-to-month,14,80.9
6959-UWKHF,0.49,Medium Risk,Month-to-month,1,42.9
6413-XKKPU,0.49,Medium Risk,Month-to-month,17,89.4
4741-WWJQZ,0.49,Medium Risk,Month-to-month,2,80.15
0963-ZBDRN,0.49,Medium Risk,Month-to-month,32,96.2
9842-EFSYY,0.49,Medium Risk,Month-to-month,4,57.2
9026-LHEVG,0.49,Medium Risk,Month-to-month,9,40.75
4154-AQUGT,0.49,Medium Risk,Month-to-month,13,89.05
1818-ESQMW,0.49,Medium Risk,Month-to-month,27,89.2
9522-BNTHX,0.49,Medium Risk,Month-to-month,34,56.25
2495-KZNFB,0.49,Medium Risk,Month-to-month,33,90.65
2856-NNASM,0.48,Medium Risk,Month-to-month,43,89.55
4881-JVQOD,0.48,Medium Risk,Month-to-month,10,34.55
9793-WECQC,0.48,Medium Risk,Month-to-month,23,95.3
6390-DSAZX,0.48,Medium Risk,Month-to-month,1,73.6
7483-IQWIB,0.48,Medium Risk,Month-to-month,37,92.95
5889-JTMUL,0.48,Medium Risk,Month-to-month,50,95.05
5498-TXHLF,0.48,Medium Risk,Month-to-month,34,87.45
5122-CYFXA,0.48,Medium Risk,Month-to-month,3,75.3
7851-FLGGQ,0.48,Medium Risk,Month-to-month,1,44.65
0207-MDKNV,0.48,Medium Risk,Month-to-month,15,105.1
5077-DXTCG,0.48,Medium Risk,Month-to-month,1,45.3
4855-SNKMY,0.48,Medium Risk,Month-to-month,1,44.1
5716-LIBJC,0.48,Medium Risk,One year,13,104.15
4074-SJFFA,0.48,Medium Risk,Month-to-month,1,54.75
7774-OJSXI,0.48,Medium Risk,One year,31,103.45
2038-LLMLM,0.48,Medium Risk,Month-to-month,48,103.85
0634-SZPQA,0.48,Medium Risk,Month-to-month,23,90.05
2974-GGUXS,0.48,Medium Risk,Month-to-month,36,91.95
1228-ZLNBX,0.48,Medium Risk,Month-to-month,21,75.3
7853-OETYL,0.48,Medium Risk,Month-to-month,4,29.05
8802-UNOJF,0.48,Medium Risk,Month-to-month,12,83.8
6651-AZVTJ,0.48,Medium Risk,Month-to-month,49,99.8
7126-RBHSD,0.48,Medium Risk,Month-to-month,17,78.9
3370-GQEAL,0.48,Medium Risk,Month-to-month,30,85.45
6608-QQLVK,0.48,Medium Risk,Month-to-month,1,50.5
7658-UYUQS,0.48,Medium Risk,Month-to-month,21,86.55
1319-YLZJG,0.48,Medium Risk,Month-to-month,12,84.6
5998-VVEJY,0.48,Medium Risk,Month-to-month,26,80.5
3071-VBYPO,0.48,Medium Risk,Month-to-month,3,89.85
9889-TMAHG,0.48,Medium Risk,Month-to-month,8,100.3
6583-QGCSI,0.48,Medium Risk,Month-to-month,50,88.05
3540-RZJYU,0.48,Medium Risk,Month-to-month,15,86.2
2675-OTVVJ,0.48,Medium Risk,Month-to-month,31,89.45
8993-IZEUX,0.48,Medium Risk,Month-to-month,7,69.15
6522-YRBXD,0.48,Medium Risk,Month-to-month,35,94.55
1436-ZMJAN,0.48,Medium Risk,Month-to-month,10,67.8
3518-PZXZQ,0.48,Medium Risk,Month-to-month,1,55.3
9272-LSVYH,0.48,Medium Risk,Month-to-month,10,70.15
1550-EENBN,0.48,Medium Risk,Month-to-month,31,104.35
4465-VDKIQ,0.48,Medium Risk,Month-to-month,18,77.8
3799-ISUZQ,0.48,Medium Risk,Month-to-month,7,69.95
9168-INPSZ,0.48,Medium Risk,Month-to-month,44,104.15
1173-NOEYG,0.48,Medium Risk,Month-to-month,27,90.15
2519-FAKOD,0.48,Medium Risk,Month-to-month,38,99.25
4484-GLZOU,0.48,Medium Risk,Month-to-month,52,105.05
5294-DMSFH,0.48,Medium Risk,Month-to-month,29,87.8
5600-KTXFM,0.48,Medium Risk,Month-to-month,2,69.95
6486-LHTMA,0.48,Medium Risk,One year,31,90.7
3943-KDREE,0.48,Medium Risk,Month-to-month,26,74.95
2311-QYMUQ,0.48,Medium Risk,Month-to-month,16,89.45
9763-PDTKK,0.47,Medium Risk,Month-to-month,4,94.4
6519-CFDBX,0.47,Medium Risk,Month-to-month,2,45.4
0256-LTHVJ,0.47,Medium Risk,Month-to-month,28,81.05
6078-VESFR,0.47,Medium Risk,Month-to-month,13,70.45
6629-CZTTH,0.47,Medium Risk,Month-to-month,1,55.7
2672-TGEFF,0.47,Medium Risk,Month-to-month,37,88.8
1264-BYWMS,0.47,Medium Risk,Month-to-month,55,96.8
3714-NTNFO,0.47,Medium Risk,Month-to-month,49,84.5
3055-MJDSB,0.47,Medium Risk,Month-to-month,9,24.6
2933-FILNV,0.47,Medium Risk,Month-to-month,2,24.4
9895-VFOXH,0.47,Medium Risk,Month-to-month,1,24.4
0537-QYZZN,0.47,Medium Risk,Month-to-month,24,79.85
0224-HJAPT,0.47,Medium Risk,Month-to-month,5,47.15
5022-JNQEQ,0.47,Medium Risk,Month-to-month,9,75.85
3331-HQDTW,0.47,Medium Risk,Month-to-month,34,109.8
5385-SUIRI,0.47,Medium Risk,Month-to-month,52,104.2
7442-YGZFK,0.47,Medium Risk,Month-to-month,1,49.8
9281-OFDMF,0.47,Medium Risk,Month-to-month,39,90.7
9058-CBREO,0.47,Medium Risk,Month-to-month,1,50.55
3348-CFRNX,0.47,Medium Risk,Month-to-month,28,92.35
4947-DSMXK,0.47,Medium Risk,Month-to-month,34,97.7
8364-TRMMK,0.47,Medium Risk,Month-to-month,3,50.65
2135-RXIHG,0.47,Medium Risk,Month-to-month,1,45.65
0111-KLBQG,0.47,Medium Risk,Month-to-month,32,93.95
7813-ZGGAW,0.47,Medium Risk,Month-to-month,31,96.6
4351-QLCSU,0.47,Medium Risk,Month-to-month,1,55.0
4879-GZLFH,0.47,Medium Risk,Month-to-month,42,92.15
7048-GXDAY,0.47,Medium Risk,Month-to-month,39,106.4
3737-XBQDD,0.47,Medium Risk,Month-to-month,24,84.85
6741-EGCBI,0.47,Medium Risk,Month-to-month,30,90.5
2675-DHUTR,0.47,Medium Risk,Month-to-month,58,98.9
6128-CZOMY,0.47,Medium Risk,Month-to-month,1,45.65
9777-WJJPR,0.47,Medium Risk,Month-to-month,31,88.65
3439-GVUSX,0.47,Medium Risk,Month-to-month,1,24.4
1084-UQCHV,0.47,Medium Risk,Month-to-month,1,69.75
8260-NGFNY,0.47,Medium Risk,Month-to-month,1,25.2
4373-VVHQL,0.47,Medium Risk,Month-to-month,1,44.75
4315-MURBD,0.47,Medium Risk,Month-to-month,12,98.9
4729-XKASR,0.47,Medium Risk,Month-to-month,1,24.75
1853-ARAAQ,0.47,Medium Risk,Month-to-month,26,50.35
3995-WFCSM,0.47,Medium Risk,Month-to-month,2,60.85
2082-CEFLT,0.47,Medium Risk,Month-to-month,1,45.6
8878-HMWBV,0.47,Medium Risk,Month-to-month,3,49.15
3096-JRDSO,0.47,Medium Risk,Month-to-month,27,104.3
2141-RRYGO,0.47,Medium Risk,Month-to-month,4,68.65
4828-FAZPK,0.47,Medium Risk,Month-to-month,16,79.95
5982-FPVQN,0.47,Medium Risk,Month-to-month,37,95.15
7410-OIEDU,0.47,Medium Risk,Month-to-month,10,79.85
6048-QBXKL,0.47,Medium Risk,Month-to-month,2,56.55
0666-UXTJO,0.47,Medium Risk,Month-to-month,34,85.2
8705-WZCYL,0.47,Medium Risk,Month-to-month,1,44.8
6017-PPLPX,0.47,Medium Risk,Month-to-month,20,70.45
8356-WUAOJ,0.47,Medium Risk,Month-to-month,1,45.0
8610-WFCJF,0.47,Medium Risk,Month-to-month,49,95.6
8903-XEBGX,0.47,Medium Risk,Month-to-month,2,55.3
9526-JAWYF,0.47,Medium Risk,Month-to-month,26,89.8
7587-RZNME,0.47,Medium Risk,Month-to-month,3,43.3
8378-LKJAF,0.47,Medium Risk,Month-to-month,38,101.15
5916-QEWPT,0.47,Medium Risk,Month-to-month,2,69.0
6240-EURKS,0.47,Medium Risk,Month-to-month,18,35.0
2037-SGXHH,0.46,Medium Risk,Month-to-month,38,94.65
0895-DQHEW,0.46,Medium Risk,Month-to-month,54,104.3
5312-UXESG,0.46,Medium Risk,Month-to-month,41,98.05
2874-YXVVA,0.46,Medium Risk,Month-to-month,34,105.1
2122-YWVYA,0.46,Medium Risk,Month-to-month,18,75.4
2811-POVEX,0.46,Medium Risk,Month-to-month,23,88.45
6158-HDPXZ,0.46,Medium Risk,Month-to-month,1,25.35
7967-HYCDE,0.46,Medium Risk,Month-to-month,8,70.7
6038-GCYEC,0.46,Medium Risk,Month-to-month,24,54.15
2476-YGEFM,0.46,Medium Risk,Month-to-month,29,76.0
5331-RGMTT,0.46,Medium Risk,Month-to-month,54,99.05
5813-UECBU,0.46,Medium Risk,Month-to-month,33,83.85
2962-XPMCQ,0.46,Medium Risk,Month-to-month,2,45.15
7993-PYKOF,0.46,Medium Risk,Month-to-month,8,75.0
2227-JRSJX,0.46,Medium Risk,Month-to-month,21,99.15
4911-BANWH,0.46,Medium Risk,Month-to-month,31,86.55
7634-WSWDB,0.46,Medium Risk,Month-to-month,8,38.5
9588-OZDMQ,0.46,Medium Risk,Month-to-month,2,45.0
2626-URJFX,0.46,Medium Risk,Month-to-month,4,50.9
7339-POGZN,0.46,Medium Risk,Month-to-month,4,50.7
1777-JYQPJ,0.46,Medium Risk,Month-to-month,2,24.3
0133-BMFZO,0.46,Medium Risk,Month-to-month,2,86.25
2178-PMGCJ,0.46,Medium Risk,Month-to-month,22,69.7
7460-ITWWP,0.46,Medium Risk,Month-to-month,45,86.1
5356-CSVSQ,0.46,Medium Risk,Month-to-month,3,64.6
8450-UYIBU,0.46,Medium Risk,Month-to-month,35,39.85
7011-CVEUC,0.46,Medium Risk,Month-to-month,25,95.7
2931-FSOHN,0.46,Medium Risk,Month-to-month,13,59.9
3174-RKMOW,0.46,Medium Risk,Month-to-month,35,109.95
8601-QACRS,0.46,Medium Risk,Month-to-month,5,50.6
2519-ERQOJ,0.46,Medium Risk,Month-to-month,33,54.6
2027-CWDNU,0.46,Medium Risk,Month-to-month,18,85.6
3627-FHKBK,0.46,Medium Risk,Month-to-month,1,75.3
3137-LUPIX,0.46,Medium Risk,Month-to-month,4,64.4
1230-QAJDW,0.46,Medium Risk,Month-to-month,3,65.25
1472-TNCWL,0.46,Medium Risk,Month-to-month,36,94.7
5647-FXOTP,0.46,Medium Risk,Month-to-month,60,105.9
6637-KYRCV,0.46,Medium Risk,Month-to-month,5,30.5
5129-JLPIS,0.46,Medium Risk,Month-to-month,25,105.5
6537-QLGEX,0.46,Medium Risk,Month-to-month,16,38.9
9552-TGUZV,0.46,Medium Risk,Month-to-month,8,75.0
2474-BRUCM,0.46,Medium Risk,Month-to-month,40,101.85
3334-CTHOL,0.46,Medium Risk,Month-to-month,1,49.95
6339-DKLMK,0.46,Medium Risk,Month-to-month,13,31.65
2432-TFSMK,0.46,Medium Risk,One year,18,89.6
5389-FFVKB,0.46,Medium Risk,Month-to-month,32,80.3
3211-ILJTT,0.46,Medium Risk,Month-to-month,17,70.4
8718-PTMEZ,0.46,Medium Risk,Month-to-month,13,31.05
6022-UGGSO,0.46,Medium Risk,Month-to-month,32,74.4
7517-SAWMO,0.46,Medium Risk,Month-to-month,19,73.2
9752-ZNQUT,0.45,Medium Risk,Month-to-month,1,48.6
4459-BBGHE,0.45,Medium Risk,Month-to-month,30,44.5
7734-DBOAI,0.45,Medium Risk,Month-to-month,1,40.1
6907-FLBER,0.45,Medium Risk,Month-to-month,1,54.3
1251-KRREG,0.45,Medium Risk,Month-to-month,2,54.4
3987-KQDDU,0.45,Medium Risk,Month-to-month,9,75.6
0577-WHMEV,0.45,Medium Risk,Month-to-month,16,90.7
9029-FEGVJ,0.45,Medium Risk,Month-to-month,32,79.3
7421-ZLUPA,0.45,Medium Risk,Month-to-month,8,29.25
8720-RQSBJ,0.45,Medium Risk,Month-to-month,1,44.0
3500-RMZLT,0.45,Medium Risk,Month-to-month,15,96.3
6204-IEUXJ,0.45,Medium Risk,Month-to-month,3,80.1
2189-WWOEW,0.45,Medium Risk,Month-to-month,15,85.9
6467-CHFZW,0.45,Medium Risk,Month-to-month,47,99.35
1589-AGTLK,0.45,Medium Risk,Month-to-month,3,45.35
1035-IPQPU,0.45,Medium Risk,Month-to-month,63,103.5
9206-GVPEQ,0.45,Medium Risk,Month-to-month,13,54.45
9169-BSVIN,0.45,Medium Risk,Month-to-month,12,74.75
6402-EJMWF,0.45,Medium Risk,Month-to-month,4,55.3
6127-IYJOZ,0.45,Medium Risk,Month-to-month,1,45.85
0564-MUUQK,0.45,Medium Risk,Month-to-month,20,95.5
8614-VGMMV,0.45,Medium Risk,Month-to-month,15,49.1
3130-ICDUP,0.45,Medium Risk,Month-to-month,2,80.55
3806-DXQOM,0.45,Medium Risk,Month-to-month,4,33.65
8080-DDEMJ,0.45,Medium Risk,Month-to-month,1,45.1
6464-KEXXH,0.45,Medium Risk,Month-to-month,8,25.25
7077-XJMET,0.45,Medium Risk,Month-to-month,12,74.15
0430-IHCDJ,0.45,Medium Risk,Month-to-month,15,49.0
5590-YRFJT,0.45,Medium Risk,Month-to-month,20,24.45
2277-VWCNI,0.45,Medium Risk,Month-to-month,4,48.75
3798-EPWRR,0.45,Medium Risk,Month-to-month,2,43.95
9708-HPXWZ,0.45,Medium Risk,Month-to-month,5,45.4
0376-OIWME,0.45,Medium Risk,Month-to-month,36,93.6
1260-TTRXI,0.45,Medium Risk,Month-to-month,4,54.3
4706-DGAHW,0.45,Medium Risk,Month-to-month,1,45.2
9474-PHLYD,0.45,Medium Risk,Month-to-month,15,59.45
3703-VAVCL,0.45,Medium Risk,Month-to-month,2,90.0
9381-NDKME,0.45,Medium Risk,Month-to-month,24,40.65
5057-LCOUI,0.45,Medium Risk,Month-to-month,39,50.75
7000-WCEVQ,0.45,Medium Risk,Month-to-month,20,61.6
1597-FZREH,0.45,Medium Risk,Month-to-month,2,76.4
4116-TZAQJ,0.45,Medium Risk,Month-to-month,9,74.25
0468-YRPXN,0.45,Medium Risk,Month-to-month,29,98.8
3197-ARFOY,0.45,Medium Risk,Month-to-month,19,105.0
9714-EDSUC,0.45,Medium Risk,Month-to-month,4,94.9
9643-YBLUR,0.45,Medium Risk,Month-to-month,9,69.05
4948-WBBKL,0.45,Medium Risk,Month-to-month,36,74.9
9576-SYUHJ,0.45,Medium Risk,Month-to-month,37,91.15
7296-PIXQY,0.45,Medium Risk,Month-to-month,14,70.2
0623-IIHUG,0.45,Medium Risk,Month-to-month,21,41.9
0599-XNYDO,0.44,Medium Risk,Month-to-month,20,69.8
4993-JCRGJ,0.44,Medium Risk,Month-to-month,26,84.3
3234-VKACU,0.44,Medium Risk,Month-to-month,2,70.3
6961-VCPMC,0.44,Medium Risk,Month-to-month,46,80.4
1261-FWTTE,0.44,Medium Risk,Month-to-month,23,34.65
0096-BXERS,0.44,Medium Risk,Month-to-month,6,50.35
9927-DSWDF,0.44,Medium Risk,Month-to-month,22,104.6
8782-LKFPK,0.44,Medium Risk,Month-to-month,44,90.4
3005-NFMTA,0.44,Medium Risk,Month-to-month,55,98.8
1976-CFOCS,0.44,Medium Risk,Month-to-month,1,46.0
1320-REHCS,0.44,Medium Risk,Month-to-month,52,110.75
3524-WQDSG,0.44,Medium Risk,Month-to-month,43,99.3
4619-EVPHY,0.44,Medium Risk,One year,20,91.0
6542-LWGXJ,0.44,Medium Risk,Month-to-month,3,25.0
2587-EKXTS,0.44,Medium Risk,Month-to-month,44,111.5
3161-GETRM,0.44,Medium Risk,Month-to-month,34,90.05
0867-MKZVY,0.44,Medium Risk,Month-to-month,20,82.4
3768-NLUBH,0.44,Medium Risk,Month-to-month,57,100.6
9389-ACWBI,0.44,Medium Risk,Month-to-month,5,69.95
7881-INRLC,0.44,Medium Risk,Month-to-month,45,100.85
7675-OZCZG,0.44,Medium Risk,Month-to-month,3,45.0
6646-JPPHA,0.44,Medium Risk,Month-to-month,14,78.85
6075-SLNIL,0.44,Medium Risk,Month-to-month,38,95.1
7636-OWBPG,0.44,Medium Risk,Month-to-month,12,29.35
6128-AQBMT,0.44,Medium Risk,Month-to-month,41,53.95
2523-EWWZL,0.44,Medium Risk,Month-to-month,27,76.1
7739-LAXOG,0.44,Medium Risk,Month-to-month,32,91.05
9710-ZUSHQ,0.44,Medium Risk,Month-to-month,37,106.75
3466-RITXD,0.44,Medium Risk,Month-to-month,26,92.4
1866-OBPNR,0.44,Medium Risk,Month-to-month,1,74.6
6185-TASNN,0.44,Medium Risk,Month-to-month,1,46.3
0829-XXPLX,0.44,Medium Risk,Month-to-month,20,89.4
9800-ONTFE,0.44,Medium Risk,Month-to-month,22,75.8
4811-JBUVU,0.44,Medium Risk,Month-to-month,30,89.9
7129-ACFOG,0.44,Medium Risk,Month-to-month,5,53.8
4625-EWPTF,0.44,Medium Risk,Month-to-month,8,30.45
3545-CNWRG,0.44,Medium Risk,Month-to-month,49,98.35
7982-VCELR,0.44,Medium Risk,Month-to-month,36,94.8
6635-CPNUN,0.44,Medium Risk,Month-to-month,28,96.6
2831-EBWRN,0.44,Medium Risk,Month-to-month,4,45.9
3452-ABWRL,0.44,Medium Risk,Month-to-month,47,86.05
5649-VUKMC,0.44,Medium Risk,One year,12,95.5
3969-GYXEL,0.44,Medium Risk,Month-to-month,11,76.4
7159-FVYPK,0.44,Medium Risk,Month-to-month,3,69.15
2951-QOQTK,0.44,Medium Risk,Month-to-month,4,80.8
5302-BDJNT,0.43,Medium Risk,Month-to-month,35,95.5
5461-QKNTN,0.43,Medium Risk,Month-to-month,43,94.3
7504-UWHNB,0.43,Medium Risk,Month-to-month,25,69.75
9026-RNUJS,0.43,Medium Risk,Month-to-month,5,50.35
5697-GOMBF,0.43,Medium Risk,Month-to-month,28,35.9
6416-YJTTB,0.43,Medium Risk,Month-to-month,11,79.5
6543-CPZMK,0.43,Medium Risk,Month-to-month,9,29.95
1685-BQULA,0.43,Medium Risk,Month-to-month,40,93.4
5868-CZJDR,0.43,Medium Risk,Month-to-month,1,31.35
1101-SSWAG,0.43,Medium Risk,Month-to-month,15,51.1
6825-UYPFK,0.43,Medium Risk,Month-to-month,23,75.6
5828-AVIPD,0.43,Medium Risk,One year,19,100.95
0637-UBJRP,0.43,Medium Risk,Month-to-month,13,84.05
4201-JMNGR,0.43,Medium Risk,Month-to-month,1,55.8
9369-XFEHK,0.43,Medium Risk,Month-to-month,33,80.6
6988-CJEYV,0.43,Medium Risk,Month-to-month,49,98.7
4317-VTEOA,0.43,Medium Risk,Month-to-month,1,50.75
6217-TOWGS,0.43,Medium Risk,Month-to-month,17,75.4
0118-JPNOY,0.43,Medium Risk,Month-to-month,26,85.8
4553-DVPZG,0.43,Medium Risk,Month-to-month,62,101.35
4526-ZJJTM,0.43,Medium Risk,Month-to-month,25,88.4
8313-KTIHG,0.43,Medium Risk,Month-to-month,4,61.3
6180-YBIQI,0.43,Medium Risk,Month-to-month,5,24.3
9278-VZKCD,0.43,Medium Risk,Month-to-month,52,109.1
2506-CLAKW,0.43,Medium Risk,Month-to-month,6,98.15
4840-ORQXB,0.43,Medium Risk,Month-to-month,56,104.75
5419-JKZNQ,0.43,Medium Risk,Month-to-month,30,77.9
7798-JVXYM,0.43,Medium Risk,Month-to-month,14,69.65
8982-NHAVY,0.43,Medium Risk,One year,27,100.5
4662-EKDPQ,0.43,Medium Risk,Month-to-month,2,62.05
2573-GYRUU,0.43,Medium Risk,Month-to-month,48,91.05
9286-DOJGF,0.43,Medium Risk,Month-to-month,38,74.95
2209-XADXF,0.43,Medium Risk,Month-to-month,1,25.25
6366-ZGQGL,0.43,Medium Risk,Month-to-month,1,24.8
6233-HXJMX,0.43,Medium Risk,Month-to-month,45,89.3
3791-LGQCY,0.43,Medium Risk,Month-to-month,56,100.65
2606-RMDHZ,0.43,Medium Risk,Month-to-month,6,30.5
0177-PXBAT,0.43,Medium Risk,Month-to-month,33,109.9
0578-SKVMF,0.43,Medium Risk,Month-to-month,22,83.3
2988-PLAHS,0.43,Medium Risk,One year,3,69.95
8058-DMYRU,0.43,Medium Risk,Month-to-month,54,90.05
7481-ATQQS,0.43,Medium Risk,Month-to-month,49,90.85
6599-RCLCJ,0.43,Medium Risk,Month-to-month,47,109.55
3891-PUQOD,0.43,Medium Risk,Month-to-month,1,59.2
0277-BKSQP,0.43,Medium Risk,Month-to-month,8,54.4
8496-EJAUI,0.43,Medium Risk,Month-to-month,19,73.85
9578-VRMNM,0.43,Medium Risk,Month-to-month,16,65.2
8167-GJLRN,0.42,Medium Risk,Month-to-month,3,30.4
1518-VOWAV,0.42,Medium Risk,Month-to-month,9,74.65
6862-CQUMB,0.42,Medium Risk,Month-to-month,37,96.1
4660-IRIBM,0.42,Medium Risk,Month-to-month,18,87.9
9574-RKJIF,0.42,Medium Risk,Month-to-month,30,94.4
1660-HSOOQ,0.42,Medium Risk,Month-to-month,1,49.65
4860-IJUDE,0.42,Medium Risk,Month-to-month,13,73.75
2884-GBPFB,0.42,Medium Risk,Month-to-month,35,70.3
1833-TCXKK,0.42,Medium Risk,Month-to-month,45,107.75
8064-RAVOH,0.42,Medium Risk,Month-to-month,1,49.85
6711-VTNRE,0.42,Medium Risk,Month-to-month,36,87.55
9214-EKVXR,0.42,Medium Risk,Month-to-month,1,44.0
8665-UTDHZ,0.42,Medium Risk,Month-to-month,1,30.2
2070-FNEXE,0.42,Medium Risk,Month-to-month,7,76.45
0280-XJGEX,0.42,Medium Risk,Month-to-month,49,103.7
7627-JKIAZ,0.42,Medium Risk,Month-to-month,37,78.95
6429-SHBCB,0.42,Medium Risk,Month-to-month,19,69.6
2792-LSHWX,0.42,Medium Risk,Month-to-month,1,83.4
7389-KBFIT,0.42,Medium Risk,Month-to-month,2,30.25
9626-WEQRM,0.42,Medium Risk,Month-to-month,4,29.15
2105-PHWON,0.42,Medium Risk,Month-to-month,33,95.0
0975-VOOVL,0.42,Medium Risk,Month-to-month,3,29.2
8280-MQRQN,0.42,Medium Risk,Month-to-month,1,50.45
0003-MKNFE,0.42,Medium Risk,Month-to-month,9,59.9
4361-JEIVL,0.42,Medium Risk,Month-to-month,1,44.4
2347-WKKAE,0.42,Medium Risk,Month-to-month,42,94.4
0067-DKWBL,0.42,Medium Risk,Month-to-month,2,49.25
3780-YVMFA,0.42,Medium Risk,Month-to-month,8,68.55
2921-XWDJH,0.42,Medium Risk,Month-to-month,38,83.45
4570-QHXHL,0.42,Medium Risk,Month-to-month,9,43.75
8725-JEDFD,0.42,Medium Risk,Month-to-month,27,69.05
1855-AGAWH,0.42,Medium Risk,One year,31,93.8
1025-FALIX,0.42,Medium Risk,Month-to-month,26,69.05
4680-KUTAJ,0.42,Medium Risk,Month-to-month,11,55.6
1785-BPHTP,0.42,Medium Risk,Month-to-month,28,85.45
2722-JMONI,0.42,Medium Risk,Month-to-month,1,49.55
6135-OZQVA,0.42,Medium Risk,Month-to-month,7,53.65
9699-UBQFS,0.42,Medium Risk,Month-to-month,43,94.5
2640-PMGFL,0.42,Medium Risk,Month-to-month,27,79.5
8108-UXRQN,0.42,Medium Risk,Month-to-month,11,50.55
6927-WTFIV,0.42,Medium Risk,Month-to-month,20,71.3
2085-BOJKI,0.42,Medium Risk,One year,17,96.65
7752-XUSCI,0.42,Medium Risk,Month-to-month,60,105.9
2378-VTKDH,0.42,Medium Risk,Month-to-month,65,104.35
9530-EHPOH,0.42,Medium Risk,Month-to-month,11,53.75
8818-XYFCQ,0.42,Medium Risk,Month-to-month,32,99.55
1310-QRITU,0.42,Medium Risk,Month-to-month,18,50.3
4343-EJVQB,0.41,Medium Risk,Month-to-month,7,74.35
2538-OIMXF,0.41,Medium Risk,Month-to-month,1,24.7
4950-BDEUX,0.41,Medium Risk,Month-to-month,35,49.2
6946-LMSQS,0.41,Medium Risk,One year,25,89.05
1942-OQFRW,0.41,Medium Risk,Month-to-month,1,44.0
6394-MFYNG,0.41,Medium Risk,Month-to-month,48,107.4
1478-VPOAD,0.41,Medium Risk,Month-to-month,1,43.8
8950-MTZNV,0.41,Medium Risk,Month-to-month,1,44.95
2232-DMLXU,0.41,Medium Risk,Month-to-month,1,55.2
9505-SQFSW,0.41,Medium Risk,Month-to-month,3,40.3
2139-FQHLM,0.41,Medium Risk,Month-to-month,19,89.95
4818-DRBQT,0.41,Medium Risk,Month-to-month,29,80.15
0380-NEAVX,0.41,Medium Risk,One year,34,99.85
6377-WHAOX,0.41,Medium Risk,Month-to-month,60,106.15
7663-RGWBC,0.41,Medium Risk,Month-to-month,1,44.15
0365-GXEZS,0.41,Medium Risk,Month-to-month,18,78.2
8785-CJSHH,0.41,Medium Risk,Month-to-month,60,99.8
4931-TRZWN,0.41,Medium Risk,Month-to-month,13,71.95
9940-HPQPG,0.41,Medium Risk,Month-to-month,9,91.75
7277-OZCGZ,0.41,Medium Risk,Month-to-month,22,89.05
4636-JGAAI,0.41,Medium Risk,Month-to-month,34,88.85
3569-EDBPQ,0.41,Medium Risk,Month-to-month,24,84.35
8710-YGLWG,0.41,Medium Risk,Month-to-month,1,44.9
8676-OOQEJ,0.41,Medium Risk,Month-to-month,4,30.5
0475-RIJEP,0.41,Medium Risk,Month-to-month,43,77.85
0082-LDZUE,0.41,Medium Risk,Month-to-month,1,44.3
7065-YUNRY,0.41,Medium Risk,Month-to-month,1,45.3
5515-AKOAJ,0.41,Medium Risk,Month-to-month,54,100.1
0708-LGSMF,0.41,Medium Risk,Month-to-month,13,65.85
4905-JEFDW,0.41,Medium Risk,One year,11,41.6
2275-RBYQS,0.41,Medium Risk,Month-to-month,1,45.4
7272-QDCKA,0.41,Medium Risk,One year,28,100.2
5696-QURRL,0.41,Medium Risk,Month-to-month,1,45.05
3976-BWUCK,0.41,Medium Risk,Month-to-month,30,94.1
2683-BPJSO,0.41,Medium Risk,Month-to-month,29,84.45
9828-AOQLM,0.41,Medium Risk,Month-to-month,1,45.7
5692-FPTAH,0.41,Medium Risk,Month-to-month,1,45.4
3481-JHUZH,0.41,Medium Risk,Month-to-month,41,80.25
1612-EOHDH,0.41,Medium Risk,Month-to-month,1,45.15
4248-HCETZ,0.41,Medium Risk,Month-to-month,30,79.65
7682-AZNDK,0.41,Medium Risk,Month-to-month,34,89.85
5649-RXQTV,0.41,Medium Risk,Month-to-month,51,99.0
1481-ZUWZA,0.41,Medium Risk,Month-to-month,28,94.5
5351-QESIO,0.41,Medium Risk,Month-to-month,1,24.2
5651-YLPRD,0.41,Medium Risk,Month-to-month,32,86.1
0641-EVBOJ,0.41,Medium Risk,Month-to-month,3,82.3
1095-JUDTC,0.41,Medium Risk,Month-to-month,47,95.05
6595-COKXZ,0.41,Medium Risk,Month-to-month,1,44.45
2103-ZRXFN,0.41,Medium Risk,Month-to-month,1,50.75
5896-NPFWW,0.4,Medium Risk,Month-to-month,3,50.15
0064-YIJGF,0.4,Medium Risk,Month-to-month,27,75.75
7233-DRTRF,0.4,Medium Risk,Month-to-month,63,102.4
2195-ZRVAX,0.4,Medium Risk,Month-to-month,47,85.3
5365-LLFYV,0.4,Medium Risk,Month-to-month,2,45.85
6029-CSMJE,0.4,Medium Risk,Month-to-month,17,25.65
9112-WSNPU,0.4,Medium Risk,Month-to-month,35,70.55
4671-LXRDQ,0.4,Medium Risk,Month-to-month,2,45.0
5046-NUHWD,0.4,Medium Risk,Month-to-month,29,45.0
0621-TWIEM,0.4,Medium Risk,Month-to-month,10,45.55
4727-MCYZG,0.4,Medium Risk,Month-to-month,1,55.55
3845-JHAMY,0.4,Medium Risk,Month-to-month,16,35.5
5981-ZVXOT,0.4,Medium Risk,One year,35,108.35
4237-RLAQD,0.4,Medium Risk,Month-to-month,1,45.85
3415-TAILE,0.4,Medium Risk,Month-to-month,2,65.7
7729-JTEEC,0.4,Medium Risk,Month-to-month,2,44.5
5016-ETTFF,0.4,Medium Risk,Month-to-month,10,29.5
7825-GKXMW,0.4,Medium Risk,Month-to-month,1,45.8
3058-WQDRE,0.4,Medium Risk,Month-to-month,13,25.15
3932-IJWDZ,0.4,Medium Risk,Month-to-month,45,103.65
3509-GWQGF,0.4,Medium Risk,Month-to-month,24,70.0
0887-HJGAR,0.4,Medium Risk,Month-to-month,1,45.7
1728-BQDMA,0.4,Medium Risk,Month-to-month,2,44.45
9667-TKTVZ,0.4,Medium Risk,Month-to-month,2,54.35
8149-AIQCG,0.4,Medium Risk,Month-to-month,39,73.15
8019-ENHXU,0.4,Medium Risk,Month-to-month,42,99.45
1013-QCWAM,0.4,Medium Risk,Month-to-month,66,100.8
1849-RJYIG,0.4,Medium Risk,Month-to-month,8,60.0
5552-ZNFSJ,0.4,Medium Risk,Month-to-month,1,45.3
5515-RUGKN,0.4,Medium Risk,Month-to-month,8,54.75
4446-BZKHU,0.4,Medium Risk,Month-to-month,61,105.55
5133-POWUA,0.4,Medium Risk,Month-to-month,1,45.8
2277-DJJDL,0.4,Medium Risk,Month-to-month,60,99.0
3208-YPIOE,0.4,Medium Risk,Month-to-month,39,75.25
1963-SVUCV,0.4,Medium Risk,Month-to-month,1,45.3
9722-UJOJR,0.4,Medium Risk,Month-to-month,29,70.75
1343-EHPYB,0.4,Medium Risk,Month-to-month,63,103.4
5047-LHVLY,0.4,Medium Risk,Month-to-month,1,50.15
8123-QBNAZ,0.4,Medium Risk,Month-to-month,36,104.5
7529-ZDFXI,0.4,Medium Risk,Month-to-month,57,89.85
9584-EXCDZ,0.4,Medium Risk,Month-to-month,17,70.5
4537-DKTAL,0.4,Medium Risk,Month-to-month,2,45.55
5712-AHQNN,0.4,Medium Risk,Month-to-month,43,91.65
8988-ECPJR,0.4,Medium Risk,Month-to-month,34,79.6
6317-YPKDH,0.4,Medium Risk,Month-to-month,1,29.95
7599-FKVXZ,0.4,Medium Risk,Month-to-month,42,106.15
5536-RTPWK,0.4,Medium Risk,Month-to-month,49,99.05
5839-SUYVZ,0.4,Medium Risk,Month-to-month,16,74.55
6080-TCMYC,0.4,Medium Risk,Month-to-month,40,81.2
7758-XKCBS,0.4,Medium Risk,Month-to-month,15,29.7
9117-SHLZX,0.4,Medium Risk,Month-to-month,1,45.7
3278-FSIXX,0.4,Medium Risk,Month-to-month,2,45.25
1442-BQPVU,0.4,Medium Risk,Month-to-month,13,29.15
5404-GGUKR,0.4,Medium Risk,Month-to-month,5,51.35
5419-KLXBN,0.4,Medium Risk,Month-to-month,25,89.15
6218-KNUBD,0.4,Medium Risk,Month-to-month,6,59.45
0397-GZBBC,0.4,Medium Risk,Month-to-month,59,93.85
4522-AKYLR,0.4,Medium Risk,Month-to-month,13,54.8
4468-KAZHE,0.4,Medium Risk,Month-to-month,20,60.0
0320-JDNQG,0.4,Medium Risk,Month-to-month,23,99.85
2372-HWUHI,0.4,Medium Risk,Month-to-month,2,44.35
4566-QVRRW,0.4,Medium Risk,Month-to-month,11,44.05
3566-HJGPK,0.4,Medium Risk,Month-to-month,1,45.55
6591-QGOYB,0.4,Medium Risk,Month-to-month,17,106.65
7359-PTSXY,0.4,Medium Risk,Month-to-month,1,45.75
1910-FMXJM,0.4,Medium Risk,Month-to-month,36,80.4
5673-TIYIB,0.39,Medium Risk,Month-to-month,2,40.4
8158-WPEZG,0.39,Medium Risk,Month-to-month,11,35.65
9269-CQOOL,0.39,Medium Risk,Month-to-month,3,54.7
0531-ZZJWQ,0.39,Medium Risk,Month-to-month,55,74.0
6133-OZILE,0.39,Medium Risk,Month-to-month,18,35.2
2037-XJFUP,0.39,Medium Risk,One year,33,95.8
1536-HBSWP,0.39,Medium Risk,Month-to-month,1,49.9
1670-SVOWZ,0.39,Medium Risk,Month-to-month,14,89.65
4829-AUOAX,0.39,Medium Risk,Month-to-month,46,96.05
0804-XBFBV,0.39,Medium Risk,Month-to-month,11,25.2
8069-YQQAJ,0.39,Medium Risk,Month-to-month,14,31.1
2960-NKRSO,0.39,Medium Risk,Month-to-month,24,85.95
4223-WOZCM,0.39,Medium Risk,Month-to-month,2,49.95
7929-DMBCV,0.39,Medium Risk,Month-to-month,20,81.0
0374-IOEGQ,0.39,Medium Risk,Month-to-month,3,44.6
1323-OOEPC,0.39,Medium Risk,Month-to-month,53,98.4
5816-QVHRX,0.39,Medium Risk,Month-to-month,37,100.3
8631-WUXGY,0.39,Medium Risk,Month-to-month,46,99.8
3014-WJKSM,0.39,Medium Risk,Month-to-month,29,75.3
7401-RUBNK,0.39,Medium Risk,Month-to-month,18,74.8
4193-ORFCL,0.39,Medium Risk,Month-to-month,1,45.1
4607-CHPCA,0.39,Medium Risk,One year,25,90.4
8229-TNIQA,0.39,Medium Risk,Month-to-month,4,45.3
2894-QOJRX,0.39,Medium Risk,Month-to-month,25,34.0
0265-PSUAE,0.39,Medium Risk,Month-to-month,16,100.7
0410-IPFTY,0.39,Medium Risk,Month-to-month,31,83.85
5392-AKEMH,0.39,Medium Risk,Month-to-month,12,45.05
1216-JWVUX,0.39,Medium Risk,Month-to-month,25,75.5
2049-BAFNW,0.39,Medium Risk,Month-to-month,1,35.9
9003-CPATH,0.39,Medium Risk,Month-to-month,42,79.9
1907-YLNYW,0.39,Medium Risk,Month-to-month,8,66.7
9090-SGQXL,0.39,Medium Risk,Month-to-month,68,105.3
4690-LLKUA,0.39,Medium Risk,Month-to-month,17,45.05
1329-VHWNP,0.39,Medium Risk,Month-to-month,7,25.05
4550-VBOFE,0.39,Medium Risk,Month-to-month,70,102.95
8180-AKMJV,0.39,Medium Risk,Month-to-month,1,44.55
3716-UVSPD,0.39,Medium Risk,Month-to-month,1,49.3
0730-KOAVE,0.39,Medium Risk,Month-to-month,30,94.3
7030-NJVDP,0.39,Medium Risk,Month-to-month,24,89.25
8096-LOIST,0.39,Medium Risk,Month-to-month,19,56.2
3688-FTHLT,0.39,Medium Risk,Month-to-month,16,63.05
5301-GAUUY,0.39,Medium Risk,Month-to-month,32,80.35
9210-IAHGH,0.39,Medium Risk,Month-to-month,7,70.75
5213-TWWJU,0.39,Medium Risk,Month-to-month,28,91.0
8654-DHAOW,0.39,Medium Risk,Month-to-month,2,54.15
9462-MJUAW,0.39,Medium Risk,Month-to-month,4,50.4
9261-WDCAF,0.39,Medium Risk,Month-to-month,3,54.65
0015-UOCOJ,0.39,Medium Risk,Month-to-month,7,48.2
0324-BRPCJ,0.39,Medium Risk,Month-to-month,68,100.2
3192-LNKRK,0.39,Medium Risk,Month-to-month,34,84.05
0322-CHQRU,0.39,Medium Risk,Month-to-month,2,45.35
7547-EKNFS,0.39,Medium Risk,Month-to-month,42,95.25
4976-LNFVV,0.39,Medium Risk,Month-to-month,19,34.3
7876-BEUTG,0.39,Medium Risk,Month-to-month,15,48.8
3351-NGXYI,0.39,Medium Risk,Month-to-month,16,54.1
6745-JEFZB,0.39,Medium Risk,Month-to-month,35,91.5
9469-WEJBT,0.39,Medium Risk,Month-to-month,37,90.35
8806-EAGWC,0.39,Medium Risk,Month-to-month,3,55.15
8544-GOQSH,0.38,Medium Risk,Month-to-month,14,80.05
1689-MRZQR,0.38,Medium Risk,Month-to-month,34,78.3
5394-SVGJV,0.38,Medium Risk,Month-to-month,37,98.8
3005-TYFRD,0.38,Medium Risk,Month-to-month,55,103.65
1816-FLZDK,0.38,Medium Risk,Month-to-month,1,29.15
4847-QNOKA,0.38,Medium Risk,Month-to-month,1,44.9
9470-XCCEM,0.38,Medium Risk,Month-to-month,35,89.65
7964-VEXDG,0.38,Medium Risk,Month-to-month,21,80.35
1406-PUQVY,0.38,Medium Risk,Month-to-month,1,49.9
3926-CUQZX,0.38,Medium Risk,Month-to-month,1,45.1
2207-QPJED,0.38,Medium Risk,Month-to-month,37,90.0
2604-IJPDU,0.38,Medium Risk,Month-to-month,20,96.55
3082-VQXNH,0.38,Medium Risk,Month-to-month,3,29.8
5154-VEKBL,0.38,Medium Risk,Month-to-month,9,58.5
7377-DMMRI,0.38,Medium Risk,Month-to-month,2,47.8
2208-UGTGR,0.38,Medium Risk,Month-to-month,56,98.6
9281-PKKZE,0.38,Medium Risk,Month-to-month,46,43.95
1373-ORVIZ,0.38,Medium Risk,Month-to-month,11,66.35
4208-UFFGW,0.38,Medium Risk,Month-to-month,2,44.95
0089-IIQKO,0.38,Medium Risk,Month-to-month,39,99.95
9812-GHVRI,0.38,Medium Risk,Month-to-month,40,83.85
1355-KUSBG,0.38,Medium Risk,Month-to-month,7,48.8
6650-VJONK,0.38,Medium Risk,Month-to-month,1,43.85
2869-ADAWR,0.38,Medium Risk,Month-to-month,45,89.3
6537-OTKMY,0.38,Medium Risk,One year,15,50.75
2720-FVBQP,0.38,Medium Risk,Month-to-month,6,48.95
4329-YPDDQ,0.38,Medium Risk,Month-to-month,20,108.2
4430-UZIPO,0.38,Medium Risk,Month-to-month,3,36.85
2074-GUHPQ,0.38,Medium Risk,Month-to-month,17,92.7
4959-JOSRX,0.38,Medium Risk,Month-to-month,2,44.6
5886-VLQVU,0.38,Medium Risk,Month-to-month,35,89.85
2014-MKGMH,0.38,Medium Risk,One year,46,101.1
9332-GYWLO,0.38,Medium Risk,Month-to-month,6,54.85
0856-NAOES,0.38,Medium Risk,Month-to-month,6,60.9
6656-JWRQX,0.38,Medium Risk,Month-to-month,1,30.55
2108-XWMPY,0.38,Medium Risk,Month-to-month,3,35.45
8623-ULFNQ,0.38,Medium Risk,Month-to-month,26,66.05
4678-DVQEO,0.38,Medium Risk,Month-to-month,1,52.2
9637-EIHEQ,0.38,Medium Risk,Month-to-month,1,50.8
4918-QLLIW,0.38,Medium Risk,Month-to-month,3,53.4
5934-TSSAU,0.38,Medium Risk,Month-to-month,23,75.3
7927-AUXBZ,0.38,Medium Risk,Month-to-month,30,85.15
7112-OPOTK,0.38,Medium Risk,Month-to-month,33,68.25
1047-NNCBF,0.38,Medium Risk,Month-to-month,20,70.55
2325-WINES,0.38,Medium Risk,One year,32,104.05
5175-AOBHI,0.38,Medium Risk,Month-to-month,4,46.0
2637-FKFSY,0.38,Medium Risk,Month-to-month,3,46.1
3961-SXAXY,0.38,Medium Risk,Month-to-month,1,44.05
4391-LNRXK,0.38,Medium Risk,Month-to-month,22,94.95
5999-LCXAO,0.37,Medium Risk,Month-to-month,1,29.9
5536-SLHPM,0.37,Medium Risk,Month-to-month,55,77.75
4065-JJAVA,0.37,Medium Risk,Month-to-month,1,49.5
1465-LNTLJ,0.37,Medium Risk,Month-to-month,8,64.4
3787-TRIAL,0.37,Medium Risk,Month-to-month,21,26.05
7064-FRRSW,0.37,Medium Risk,One year,48,99.0
1226-UDFZR,0.37,Medium Risk,Month-to-month,2,49.6
3733-LSYCE,0.37,Medium Risk,Month-to-month,15,75.35
3814-MLAXC,0.37,Medium Risk,Month-to-month,31,79.85
0363-QJVFX,0.37,Medium Risk,Month-to-month,32,108.15
0260-ZDLGK,0.37,Medium Risk,Month-to-month,9,72.9
2455-USLMV,0.37,Medium Risk,Month-to-month,31,84.75
9445-SZLCH,0.37,Medium Risk,Month-to-month,36,97.35
7841-TZDMQ,0.37,Medium Risk,Month-to-month,2,46.0
3446-QDSZF,0.37,Medium Risk,Month-to-month,4,55.5
1862-SKORY,0.37,Medium Risk,Month-to-month,40,39.3
9408-HRXRK,0.37,Medium Risk,Month-to-month,45,105.15
6689-KXGBO,0.37,Medium Risk,Month-to-month,1,50.55
8384-FZBJK,0.37,Medium Risk,Month-to-month,57,100.6
0106-GHRQR,0.37,Medium Risk,Month-to-month,16,71.4
8773-HHUOZ,0.37,Medium Risk,Month-to-month,17,64.7
3956-CJUST,0.37,Medium Risk,Month-to-month,23,75.4
5172-MIGPM,0.37,Medium Risk,Month-to-month,4,65.55
2100-BDNSN,0.37,Medium Risk,Month-to-month,5,67.95
0836-SEYLU,0.37,Medium Risk,Month-to-month,9,40.65
0701-RFGFI,0.37,Medium Risk,Month-to-month,49,95.4
1469-LBJQJ,0.37,Medium Risk,Month-to-month,66,105.2
6987-XQSJT,0.37,Medium Risk,Month-to-month,54,79.5
1845-ZLLIG,0.37,Medium Risk,Month-to-month,1,50.15
9631-XEYKE,0.37,Medium Risk,Month-to-month,3,50.4
5707-ORNDZ,0.37,Medium Risk,Month-to-month,9,54.55
4821-SJHJV,0.37,Medium Risk,Month-to-month,32,89.6
6985-HAYWX,0.37,Medium Risk,Month-to-month,26,79.3
5568-DMXZS,0.37,Medium Risk,Month-to-month,8,65.45
1471-GIQKQ,0.37,Medium Risk,Month-to-month,1,49.95
0274-JKUJR,0.37,Medium Risk,Month-to-month,7,58.85
1635-FJFCC,0.37,Medium Risk,Month-to-month,5,44.05
4760-THGOT,0.37,Medium Risk,Month-to-month,43,94.1
5424-RLQLC,0.37,Medium Risk,Month-to-month,10,59.65
2359-KLTEK,0.37,Medium Risk,Month-to-month,41,94.9
6227-HWPWX,0.37,Medium Risk,Month-to-month,15,69.0
9526-BIHHD,0.37,Medium Risk,Month-to-month,1,29.7
8468-EHYJA,0.37,Medium Risk,Month-to-month,57,99.65
3583-KRKMD,0.37,Medium Risk,Month-to-month,18,75.9
4471-KXAUH,0.37,Medium Risk,Month-to-month,42,84.3
9348-YVOMK,0.37,Medium Risk,Month-to-month,4,44.8
5924-IFQTT,0.37,Medium Risk,Month-to-month,13,72.8
1703-MGIAB,0.37,Medium Risk,Month-to-month,17,69.0
5349-AZPEW,0.37,Medium Risk,Month-to-month,5,25.05
5146-CBVOE,0.37,Medium Risk,Month-to-month,16,75.1
8124-NZVGJ,0.37,Medium Risk,One year,6,49.25
6923-EFPNL,0.37,Medium Risk,Month-to-month,4,51.75
5816-SCGFC,0.37,Medium Risk,Month-to-month,7,51.3
1307-TVUFB,0.37,Medium Risk,Month-to-month,42,79.35
4801-JZAZL,0.36,Medium Risk,Month-to-month,11,29.6
2770-NSVDG,0.36,Medium Risk,Month-to-month,24,29.1
6771-XWBDM,0.36,Medium Risk,Month-to-month,57,104.5
3426-NIYYL,0.36,Medium Risk,Month-to-month,15,51.55
6304-IJFSQ,0.36,Medium Risk,Month-to-month,3,49.9
9732-EQMWY,0.36,Medium Risk,Month-to-month,49,99.4
4226-KKDON,0.36,Medium Risk,Month-to-month,8,66.65
2378-HTWFW,0.36,Medium Risk,Month-to-month,35,91.0
2115-BFTIW,0.36,Medium Risk,Month-to-month,25,70.95
0463-ZSDNT,0.36,Medium Risk,Month-to-month,10,56.75
5968-VXZLG,0.36,Medium Risk,Month-to-month,2,46.6
1049-FYSYG,0.36,Medium Risk,Month-to-month,17,35.65
5433-KYGHE,0.36,Medium Risk,Month-to-month,14,86.0
5156-UMKOW,0.36,Medium Risk,Month-to-month,3,29.65
3237-AJGEH,0.36,Medium Risk,Month-to-month,3,31.0
7743-EXURX,0.36,Medium Risk,Month-to-month,8,51.05
0533-BNWKF,0.36,Medium Risk,Month-to-month,55,85.45
2712-SYWAY,0.36,Medium Risk,Month-to-month,1,25.7
8751-EDEKA,0.36,Medium Risk,Month-to-month,28,89.9
6859-RKMZJ,0.36,Medium Risk,Month-to-month,11,55.05
1559-DTODC,0.36,Medium Risk,Month-to-month,19,25.15
8178-EYZUO,0.36,Medium Risk,Month-to-month,46,93.7
7950-XWOVN,0.36,Medium Risk,Month-to-month,11,34.7
9170-CCKOU,0.36,Medium Risk,Month-to-month,17,90.2
3707-LRWZD,0.36,Medium Risk,One year,32,84.05
7075-BNDVQ,0.36,Medium Risk,Month-to-month,4,35.0
9412-GHEEC,0.36,Medium Risk,Month-to-month,40,104.8
4109-CYRBD,0.36,Medium Risk,Month-to-month,29,51.6
2011-TRQYE,0.36,Medium Risk,Month-to-month,18,33.5
5939-XAIXZ,0.36,Medium Risk,Month-to-month,19,56.1
5027-XWQHA,0.36,Medium Risk,Month-to-month,6,44.75
6876-ADESB,0.36,Medium Risk,Month-to-month,1,48.95
3097-NNSPB,0.36,Medium Risk,Month-to-month,2,49.05
6789-HJBWG,0.36,Medium Risk,Month-to-month,12,49.4
3023-GFLBR,0.36,Medium Risk,Month-to-month,33,86.15
0295-QVKPB,0.36,Medium Risk,Month-to-month,5,63.95
9909-IDLEK,0.36,Medium Risk,Month-to-month,20,96.8
8887-IPQNC,0.36,Medium Risk,Month-to-month,7,44.25
4657-FWVFY,0.36,Medium Risk,Month-to-month,40,96.35
2272-UOINI,0.36,Medium Risk,Month-to-month,7,78.5
2718-GAXQD,0.36,Medium Risk,Month-to-month,4,46.0
6845-RGTYS,0.36,Medium Risk,Month-to-month,47,98.75
2101-RANCD,0.36,Medium Risk,Month-to-month,55,73.1
2040-VZIKE,0.36,Medium Risk,Month-to-month,49,100.85
4320-QMLLA,0.36,Medium Risk,Month-to-month,7,54.85
4450-YOOHP,0.36,Medium Risk,Month-to-month,39,50.65
0319-QZTCO,0.36,Medium Risk,Month-to-month,3,58.7
0727-BMPLR,0.36,Medium Risk,One year,55,100.0
6633-MPWBS,0.36,Medium Risk,Month-to-month,5,49.2
0822-QGCXA,0.36,Medium Risk,Month-to-month,27,83.85
2207-NHRJK,0.36,Medium Risk,Month-to-month,1,50.8
4824-GUCBY,0.36,Medium Risk,Month-to-month,22,81.7
3162-KKZXO,0.36,Medium Risk,One year,55,100.15
1728-CXQBE,0.36,Medium Risk,Month-to-month,64,94.25
9992-UJOEL,0.36,Medium Risk,Month-to-month,2,50.3
6313-GIDIT,0.35,Medium Risk,Month-to-month,53,54.45
5977-CKHON,0.35,Medium Risk,Month-to-month,43,92.55
2672-OJQZP,0.35,Medium Risk,Month-to-month,1,44.75
0541-FITGH,0.35,Medium Risk,Month-to-month,2,62.15
0823-HSCDJ,0.35,Medium Risk,Month-to-month,52,49.15
2189-UXTKY,0.35,Medium Risk,Month-to-month,22,79.2
2474-LCNUE,0.35,Medium Risk,Month-to-month,23,73.65
1396-QWFBJ,0.35,Medium Risk,Month-to-month,21,74.05
2157-MXBJS,0.35,Medium Risk,One year,13,75.3
3946-MHCZW,0.35,Medium Risk,Month-to-month,1,50.9
1258-YMZNM,0.35,Medium Risk,One year,27,110.5
0943-ZQPXH,0.35,Medium Risk,Month-to-month,44,92.95
3413-BMNZE,0.35,Medium Risk,Month-to-month,1,45.25
5522-JBWMO,0.35,Medium Risk,Month-to-month,1,44.0
2452-KDRRH,0.35,Medium Risk,Month-to-month,67,101.4
3898-GUYTS,0.35,Medium Risk,Month-to-month,45,97.05
1767-TGTKO,0.35,Medium Risk,Month-to-month,8,45.45
9233-PSYHO,0.35,Medium Risk,One year,45,100.15
8327-LZKAS,0.35,Medium Risk,One year,43,107.55
3589-PPVKW,0.35,Medium Risk,Month-to-month,9,44.4
0282-NVSJS,0.35,Medium Risk,Month-to-month,12,29.3
1205-WNWPJ,0.35,Medium Risk,Month-to-month,7,59.5
8404-FYDIB,0.35,Medium Risk,Month-to-month,26,86.65
1215-VFYVK,0.35,Medium Risk,Month-to-month,4,48.25
6896-SRVYQ,0.35,Medium Risk,Month-to-month,44,73.85
8329-UTMVM,0.35,Medium Risk,One year,27,104.65
9626-VFRGG,0.35,Medium Risk,Month-to-month,41,88.5
2842-BCQGE,0.35,Medium Risk,Month-to-month,43,75.35
3085-QUOZK,0.35,Medium Risk,Month-to-month,1,43.95
5099-BAILX,0.35,Medium Risk,Month-to-month,43,110.75
9659-QEQSY,0.35,Medium Risk,Month-to-month,45,115.65
1421-HCERK,0.35,Medium Risk,Month-to-month,30,105.7
9373-WSLOY,0.35,Medium Risk,Month-to-month,33,50.0
1750-CSKKM,0.35,Medium Risk,Month-to-month,9,55.35
6641-XRPSU,0.35,Medium Risk,Month-to-month,34,70.0
0420-BWTPW,0.35,Medium Risk,Month-to-month,8,25.5
3144-AUDBS,0.35,Medium Risk,Month-to-month,6,49.15
6173-GOLSU,0.35,Medium Risk,Month-to-month,67,94.65
1644-IRKSF,0.35,Medium Risk,One year,33,93.8
3804-RVTGV,0.35,Medium Risk,Month-to-month,50,103.85
8399-YNDCH,0.35,Medium Risk,Month-to-month,21,60.05
4220-TINQT,0.35,Medium Risk,Month-to-month,61,106.35
0422-UXFAP,0.35,Medium Risk,One year,51,98.85
7975-TZMLR,0.35,Medium Risk,One year,47,103.1
0585-EGDDA,0.35,Medium Risk,Month-to-month,40,80.0
0415-MOSGF,0.35,Medium Risk,Month-to-month,1,44.4
1596-BBVTG,0.35,Medium Risk,Month-to-month,35,75.35
2219-MVUSO,0.35,Medium Risk,Month-to-month,8,45.15
2460-FPSYH,0.34,Medium Risk,Month-to-month,40,55.8
7754-IXRMC,0.34,Medium Risk,Month-to-month,1,45.35
7054-LGEQW,0.34,Medium Risk,Month-to-month,1,45.95
0867-LDTTC,0.34,Medium Risk,Month-to-month,5,75.15
6202-DYYFX,0.34,Medium Risk,One year,22,76.0
3018-TFTSU,0.34,Medium Risk,Month-to-month,12,81.7
6410-LEFEN,0.34,Medium Risk,Month-to-month,9,45.15
7641-EUYET,0.34,Medium Risk,Month-to-month,46,100.7
4480-MBMLB,0.34,Medium Risk,One year,36,104.8
5522-NYKPB,0.34,Medium Risk,Month-to-month,25,85.9
4146-SVFUD,0.34,Medium Risk,Month-to-month,1,44.6
1432-FPAXX,0.34,Medium Risk,Month-to-month,29,30.6
4523-WXCEF,0.34,Medium Risk,Month-to-month,59,101.1
0257-ZESQC,0.34,Medium Risk,Month-to-month,27,75.2
6439-GTPCA,0.34,Medium Risk,Month-to-month,45,87.25
2833-SLKDQ,0.34,Medium Risk,Month-to-month,1,45.05
0310-MVLET,0.34,Medium Risk,Month-to-month,61,99.15
3164-AALRN,0.34,Medium Risk,One year,5,70.0
7905-TVXTA,0.34,Medium Risk,Month-to-month,5,64.35
8623-TMRBY,0.34,Medium Risk,Month-to-month,51,84.2
1928-BXYIV,0.34,Medium Risk,Month-to-month,1,61.15
2903-YYTBW,0.34,Medium Risk,Month-to-month,1,44.55
2257-BOVXD,0.34,Medium Risk,Month-to-month,14,66.6
3923-CSIHK,0.34,Medium Risk,Month-to-month,50,71.05
8535-SFUTN,0.34,Medium Risk,Month-to-month,61,106.45
0311-QYWSS,0.34,Medium Risk,Month-to-month,6,49.45
9089-UOWJG,0.34,Medium Risk,Month-to-month,12,58.35
6288-LBEAR,0.34,Medium Risk,Month-to-month,23,79.1
3694-DELSO,0.34,Medium Risk,Month-to-month,4,38.55
3349-ANQNH,0.34,Medium Risk,One year,59,99.5
4282-ACRXS,0.34,Medium Risk,Month-to-month,38,24.85
2436-QBZFP,0.34,Medium Risk,Month-to-month,22,39.2
9873-MNDKV,0.34,Medium Risk,Month-to-month,11,44.65
4183-WCSEP,0.34,Medium Risk,Month-to-month,31,78.45
6538-POCHL,0.34,Medium Risk,Month-to-month,33,79.0
9776-CLUJA,0.34,Medium Risk,Month-to-month,51,77.5
0481-SUMCB,0.34,Medium Risk,One year,45,102.15
8799-OXZMD,0.34,Medium Risk,Month-to-month,28,29.75
0407-BDJKB,0.34,Medium Risk,Month-to-month,60,95.75
5858-EAFCZ,0.34,Medium Risk,Month-to-month,1,44.45
9921-EZKBY,0.34,Medium Risk,Month-to-month,33,95.3
0999-QXNSA,0.34,Medium Risk,Month-to-month,7,45.75
3945-GFWQL,0.34,Medium Risk,Month-to-month,12,44.55
3165-HDOEW,0.34,Medium Risk,Month-to-month,1,45.85
9819-FBNSV,0.34,Medium Risk,Month-to-month,37,72.25
9244-ZVAPM,0.34,Medium Risk,Month-to-month,1,45.6
3692-JHONH,0.34,Medium Risk,One year,52,106.5
4067-HLYQI,0.34,Medium Risk,Month-to-month,33,70.4
0811-GSDTP,0.34,Medium Risk,Month-to-month,13,30.15
7252-NTGSS,0.34,Medium Risk,Month-to-month,1,45.15
6625-UTXEW,0.34,Medium Risk,Month-to-month,12,51.25
5173-WXOQV,0.34,Medium Risk,Month-to-month,2,64.2
6582-OIVSP,0.34,Medium Risk,Month-to-month,1,45.3
3658-KIBGF,0.34,Medium Risk,Month-to-month,1,54.9
6982-SSHFK,0.34,Medium Risk,Month-to-month,1,44.4
7147-AYBAA,0.34,Medium Risk,Month-to-month,37,70.35
1142-WACZW,0.34,Medium Risk,Month-to-month,2,29.85
7248-VZQLC,0.34,Medium Risk,Month-to-month,47,85.2
2235-ZGKPT,0.33,Medium Risk,Month-to-month,4,50.85
7594-LZNWR,0.33,Medium Risk,Month-to-month,34,69.15
4081-DYXAV,0.33,Medium Risk,One year,19,44.85
3808-HFKDE,0.33,Medium Risk,Month-to-month,20,44.35
7593-XFKDI,0.33,Medium Risk,Month-to-month,1,46.3
6168-YBYNP,0.33,Medium Risk,Month-to-month,59,111.35
4439-YRNVD,0.33,Medium Risk,Month-to-month,10,36.25
5485-WUYWF,0.33,Medium Risk,Month-to-month,2,66.4
8257-RZAHR,0.33,Medium Risk,Month-to-month,14,64.7
5402-HTOTQ,0.33,Medium Risk,Month-to-month,16,55.3
2985-JUUBZ,0.33,Medium Risk,Month-to-month,40,74.55
6172-FECYY,0.33,Medium Risk,Month-to-month,49,84.5
0178-SZBHO,0.33,Medium Risk,Month-to-month,47,87.2
0013-MHZWF,0.33,Medium Risk,Month-to-month,9,69.4
5649-TJHOV,0.33,Medium Risk,Month-to-month,27,36.5
9688-YGXVR,0.33,Medium Risk,Month-to-month,44,88.15
1541-ETJZO,0.33,Medium Risk,Month-to-month,1,62.05
2826-DXLQO,0.33,Medium Risk,Month-to-month,7,29.8
1169-WCVAK,0.33,Medium Risk,Month-to-month,19,88.8
0587-DMGBH,0.33,Medium Risk,Month-to-month,8,49.85
8242-JSVBO,0.33,Medium Risk,Month-to-month,7,44.65
7693-QPEFS,0.33,Medium Risk,Month-to-month,52,72.95
0980-PVMRC,0.33,Medium Risk,Month-to-month,40,50.85
6234-PFPXL,0.33,Medium Risk,Month-to-month,22,95.9
7459-RRWQZ,0.33,Medium Risk,Month-to-month,15,64.65
2853-CWQFQ,0.33,Medium Risk,Month-to-month,1,59.55
4307-KWMXE,0.33,Medium Risk,Month-to-month,10,35.75
3606-SBKRY,0.33,Medium Risk,One year,31,50.05
4819-HJPIW,0.33,Medium Risk,Month-to-month,18,25.15
2873-ZLIWT,0.33,Medium Risk,Month-to-month,40,84.85
7850-VWJUU,0.33,Medium Risk,Month-to-month,23,75.0
2027-OAQQC,0.33,Medium Risk,Month-to-month,43,49.05
8775-CEBBJ,0.33,Medium Risk,Month-to-month,9,44.2
3132-TVFDZ,0.33,Medium Risk,Month-to-month,57,44.85
9415-TPKRV,0.33,Medium Risk,Month-to-month,8,55.75
4989-LIXVT,0.33,Medium Risk,Month-to-month,68,95.9
9174-FKWZE,0.33,Medium Risk,Month-to-month,1,19.45
3521-SYVOR,0.33,Medium Risk,Month-to-month,37,64.75
6726-WEXXK,0.33,Medium Risk,One year,27,85.9
1895-QTKDO,0.33,Medium Risk,Month-to-month,1,43.95
7909-FIOIY,0.33,Medium Risk,Month-to-month,19,24.85
5118-MUEYH,0.33,Medium Risk,Month-to-month,48,105.1
6360-SVNWV,0.33,Medium Risk,Month-to-month,31,73.55
8679-JOEVF,0.33,Medium Risk,Month-to-month,16,59.4
3503-TYDAY,0.33,Medium Risk,Month-to-month,43,80.45
8660-BUETV,0.33,Medium Risk,Month-to-month,3,44.75
1501-SGHBW,0.33,Medium Risk,Month-to-month,2,45.85
1956-YIFGE,0.33,Medium Risk,One year,22,100.05
4432-ADRLB,0.33,Medium Risk,Month-to-month,2,44.65
3873-NFTGI,0.33,Medium Risk,Month-to-month,14,55.5
3258-SANFR,0.33,Medium Risk,Month-to-month,6,44.7
3173-NVMPX,0.33,Medium Risk,Month-to-month,9,55.3
1552-AAGRX,0.33,Medium Risk,Month-to-month,30,106.4
4280-DLSHD,0.33,Medium Risk,Month-to-month,8,54.75
1427-VERSM,0.33,Medium Risk,Month-to-month,56,98.7
7207-RMRDB,0.32,Medium Risk,Month-to-month,65,105.5
8749-JMNKX,0.32,Medium Risk,Month-to-month,51,93.8
1550-LOAHA,0.32,Medium Risk,Month-to-month,32,84.15
4987-GQWPO,0.32,Medium Risk,Month-to-month,17,25.1
3466-WAESX,0.32,Medium Risk,Month-to-month,16,69.1
7596-LDUXP,0.32,Medium Risk,One year,12,85.15
9137-UIYPG,0.32,Medium Risk,Month-to-month,35,106.9
3016-KSVCP,0.32,Medium Risk,Month-to-month,29,33.75
4061-UKJWL,0.32,Medium Risk,Month-to-month,3,45.45
5628-RKIFK,0.32,Medium Risk,Month-to-month,49,101.55
0322-YINQP,0.32,Medium Risk,Month-to-month,1,48.55
3859-CVCET,0.32,Medium Risk,Month-to-month,4,45.65
2480-SQIOB,0.32,Medium Risk,Month-to-month,4,44.8
4720-VSTSI,0.32,Medium Risk,Month-to-month,44,84.8
7251-LJBQN,0.32,Medium Risk,One year,40,103.75
2045-BMBTJ,0.32,Medium Risk,Month-to-month,33,59.45
0924-BJCRC,0.32,Medium Risk,Month-to-month,60,89.45
8344-WFMFH,0.32,Medium Risk,Month-to-month,9,50.1
9822-WMWVG,0.32,Medium Risk,Month-to-month,41,106.5
7733-UDMTP,0.32,Medium Risk,Month-to-month,57,55.0
7576-JMYWV,0.32,Medium Risk,Month-to-month,46,110.2
2360-RDGRO,0.32,Medium Risk,Month-to-month,65,104.25
5141-ZUVBH,0.32,Medium Risk,Month-to-month,9,93.0
4983-CLMLV,0.32,Medium Risk,Month-to-month,52,102.7
9396-ZSFLL,0.32,Medium Risk,Month-to-month,15,48.85
5133-VRSAB,0.32,Medium Risk,Month-to-month,8,29.35
9767-FFLEM,0.32,Medium Risk,Month-to-month,38,69.5
2320-SLKMB,0.32,Medium Risk,Month-to-month,26,44.45
6599-CEBNN,0.32,Medium Risk,Month-to-month,34,73.95
0929-PECLO,0.32,Medium Risk,Month-to-month,63,89.6
2027-WKXMW,0.32,Medium Risk,Month-to-month,63,108.75
9681-KYGYB,0.32,Medium Risk,Month-to-month,49,88.2
6143-JQKEA,0.32,Medium Risk,Month-to-month,10,45.8
8807-ARQET,0.32,Medium Risk,Month-to-month,41,40.35
7579-OOPEC,0.32,Medium Risk,Month-to-month,2,50.15
9774-NRNAU,0.32,Medium Risk,Month-to-month,27,84.8
6599-GZWCM,0.32,Medium Risk,One year,13,74.65
5527-ACHSO,0.32,Medium Risk,Month-to-month,11,70.5
0348-SDKOL,0.32,Medium Risk,Month-to-month,58,102.1
6578-KRMAW,0.32,Medium Risk,Month-to-month,32,93.4
3207-OYBWH,0.32,Medium Risk,Month-to-month,57,95.25
5493-SDRDQ,0.32,Medium Risk,Month-to-month,2,55.1
6142-VSJQO,0.32,Medium Risk,Month-to-month,1,44.35
6145-NNPNO,0.32,Medium Risk,Month-to-month,1,44.15
5055-MGMGF,0.32,Medium Risk,Month-to-month,65,105.05
3580-REOAC,0.32,Medium Risk,Month-to-month,10,44.85
7766-CLTIC,0.32,Medium Risk,Month-to-month,10,60.95
2479-BRAMR,0.32,Medium Risk,Month-to-month,41,83.75
7878-JGDKK,0.32,Medium Risk,Month-to-month,4,44.55
2181-UAESM,0.32,Medium Risk,Month-to-month,2,53.45
4143-HHPMK,0.32,Medium Risk,Month-to-month,52,85.35
7669-LCRSD,0.32,Medium Risk,Month-to-month,12,56.3
6847-KJLTS,0.32,Medium Risk,Month-to-month,58,100.4
9448-REEVD,0.32,Medium Risk,Month-to-month,1,44.7
1357-MVDOZ,0.32,Medium Risk,Month-to-month,11,59.65
8286-AFUYI,0.32,Medium Risk,Month-to-month,1,47.95
9481-SFCQY,0.32,Medium Risk,Month-to-month,14,59.8
5149-TGWDZ,0.32,Medium Risk,One year,21,104.55
1216-BGTSP,0.32,Medium Risk,Month-to-month,45,108.45
7916-VCCPB,0.32,Medium Risk,Month-to-month,16,73.25
5882-CMAZQ,0.32,Medium Risk,Month-to-month,5,34.25
4640-UHDOS,0.31,Medium Risk,Month-to-month,13,55.95
9780-FKVVF,0.31,Medium Risk,Month-to-month,6,59.15
5778-BVOFB,0.31,Medium Risk,Month-to-month,9,59.5
7055-HNEOJ,0.31,Medium Risk,Month-to-month,3,55.8
0080-OROZO,0.31,Medium Risk,One year,35,99.25
6807-SIWJI,0.31,Medium Risk,One year,38,104.85
3761-FLYZI,0.31,Medium Risk,Month-to-month,65,108.8
8016-NCFVO,0.31,Medium Risk,Month-to-month,55,116.5
6624-JDRDS,0.31,Medium Risk,Month-to-month,6,29.45
5371-VYLSX,0.31,Medium Risk,Month-to-month,50,83.4
7346-MEDWM,0.31,Medium Risk,Month-to-month,59,83.25
7312-XSBAT,0.31,Medium Risk,Month-to-month,1,49.75
5949-HGVJL,0.31,Medium Risk,Month-to-month,26,73.05
7486-KSRVI,0.31,Medium Risk,One year,43,100.0
4554-YGZIH,0.31,Medium Risk,Month-to-month,49,90.05
4080-OGPJL,0.31,Medium Risk,Month-to-month,8,71.15
8910-LEDAG,0.31,Medium Risk,Month-to-month,34,71.55
7794-JASDG,0.31,Medium Risk,Month-to-month,1,50.75
3511-APPBJ,0.31,Medium Risk,One year,23,99.95
8387-MOJJT,0.31,Medium Risk,Month-to-month,42,77.95
7826-VVKWT,0.31,Medium Risk,Two year,24,96.55
3194-ORPIK,0.31,Medium Risk,Month-to-month,50,84.4
4323-SADQS,0.31,Medium Risk,Month-to-month,7,34.5
1564-HJUVY,0.31,Medium Risk,Month-to-month,4,63.75
9079-YEXQJ,0.31,Medium Risk,Month-to-month,54,111.1
2817-NTQDO,0.31,Medium Risk,Month-to-month,13,45.55
0374-AACSZ,0.31,Medium Risk,Month-to-month,1,50.15
7041-TXQJH,0.31,Medium Risk,Month-to-month,37,40.2
4958-GZWIY,0.31,Medium Risk,Month-to-month,7,48.7
0603-OLQDC,0.31,Medium Risk,Month-to-month,12,69.85
6362-QHAFM,0.31,Medium Risk,One year,42,108.3
8417-GSODA,0.31,Medium Risk,One year,28,92.2
7271-AJDTL,0.31,Medium Risk,Month-to-month,55,94.45
6549-NNDYT,0.31,Medium Risk,Month-to-month,13,30.85
4558-FANTW,0.31,Medium Risk,Month-to-month,17,91.85
2625-TRCZQ,0.31,Medium Risk,Month-to-month,51,49.65
7869-ZYDST,0.31,Medium Risk,Month-to-month,31,59.05
8740-XLHDR,0.31,Medium Risk,Month-to-month,5,43.25
6921-OZMFH,0.31,Medium Risk,Month-to-month,5,55.7
1794-HBQTJ,0.31,Medium Risk,Month-to-month,1,48.6
1357-BIJKI,0.31,Medium Risk,One year,50,98.25
5018-GWURO,0.31,Medium Risk,Month-to-month,56,85.6
7130-YXBRO,0.31,Medium Risk,Month-to-month,48,111.45
6888-SBYAI,0.31,Medium Risk,Month-to-month,1,50.7
7966-YOTQW,0.31,Medium Risk,Month-to-month,10,54.5
5201-USSQZ,0.31,Medium Risk,Month-to-month,26,85.9
9919-YLNNG,0.31,Medium Risk,Month-to-month,42,103.8
9862-KJTYK,0.31,Medium Risk,Month-to-month,19,25.35
8805-JNRAZ,0.31,Medium Risk,Month-to-month,2,49.2
2684-EIWEO,0.31,Medium Risk,Month-to-month,30,91.7
4007-NHVHI,0.31,Medium Risk,Month-to-month,56,96.85
2240-HSJQD,0.31,Medium Risk,Month-to-month,38,81.85
3669-OYSJI,0.31,Medium Risk,Month-to-month,1,46.2
5575-TPIZQ,0.31,Medium Risk,Month-to-month,46,89.15
8840-DQLGN,0.31,Medium Risk,Month-to-month,35,100.5
4080-IIARD,0.31,Medium Risk,Month-to-month,13,76.2
3865-QBWSJ,0.31,Medium Risk,Month-to-month,38,80.45
0327-WFZSY,0.31,Medium Risk,One year,39,100.0
1587-FKLZB,0.31,Medium Risk,Month-to-month,66,99.5
1763-WQFUK,0.31,Medium Risk,Month-to-month,3,50.5
5686-CMAWK,0.31,Medium Risk,One year,17,86.75
0734-OXWBT,0.31,Medium Risk,Month-to-month,3,70.7
0691-IFBQW,0.31,Medium Risk,One year,46,110.0
4026-SKKHW,0.31,Medium Risk,Month-to-month,3,50.25
1891-FZYSA,0.31,Medium Risk,Month-to-month,69,89.95
6817-WTYHE,0.31,Medium Risk,Month-to-month,2,44.9
0623-GDISB,0.3,Medium Risk,Month-to-month,1,48.45
7016-BPGEU,0.3,Medium Risk,Month-to-month,29,25.1
6614-VBEGU,0.3,Medium Risk,Month-to-month,24,69.45
6507-DTJZV,0.3,Medium Risk,Month-to-month,13,66.4
4310-KEDTB,0.3,Medium Risk,Month-to-month,26,29.8
3301-LSLWQ,0.3,Medium Risk,Month-to-month,29,66.1
1582-RAFML,0.3,Medium Risk,Month-to-month,1,60.1
6710-HSJRD,0.3,Medium Risk,Month-to-month,61,114.1
4695-VADHF,0.3,Medium Risk,Month-to-month,18,57.45
6257-RJOHI,0.3,Medium Risk,Month-to-month,4,50.8
2565-JSLRY,0.3,Medium Risk,Month-to-month,1,24.05
5438-QMDDL,0.3,Medium Risk,Month-to-month,19,59.8
6713-OKOMC,0.3,Medium Risk,Month-to-month,10,29.75
2133-TSRRM,0.3,Medium Risk,Month-to-month,34,105.35
3571-RFHAR,0.3,Medium Risk,Month-to-month,65,109.15
4482-FTFFX,0.3,Medium Risk,Month-to-month,5,56.15
7554-AKDQF,0.3,Medium Risk,Month-to-month,6,45.65
6173-ITPWD,0.3,Medium Risk,Month-to-month,47,83.35
5502-RLUYV,0.3,Medium Risk,Month-to-month,69,103.95
1919-RTPQD,0.3,Medium Risk,Month-to-month,7,44.75
8728-SKJLR,0.3,Medium Risk,Month-to-month,41,74.25
6917-IAYHD,0.3,Medium Risk,Month-to-month,1,33.6
2674-MLXMN,0.3,Medium Risk,Month-to-month,71,99.65
5671-UUNXD,0.3,Medium Risk,One year,50,100.65
5948-UJZLF,0.3,Medium Risk,Month-to-month,2,49.25
4831-EOBFE,0.3,Medium Risk,Month-to-month,29,94.65
1600-DILPE,0.3,Medium Risk,Month-to-month,12,45.0
4361-BKAXE,0.3,Medium Risk,Month-to-month,41,114.5
5295-PCJOO,0.3,Medium Risk,Month-to-month,4,49.4
1658-XUHBX,0.3,Medium Risk,Month-to-month,59,88.75
6905-NIQIN,0.3,Medium Risk,Month-to-month,1,50.65
8455-HIRAQ,0.3,Medium Risk,Month-to-month,8,44.45
2669-OIDSD,0.3,Medium Risk,Month-to-month,48,100.05
1024-KPRBB,0.3,Medium Risk,One year,38,89.1
0929-HYQEW,0.3,Medium Risk,Month-to-month,3,50.15
2386-OWURY,0.3,Medium Risk,Month-to-month,58,95.3
8824-RWFXJ,0.3,Medium Risk,Month-to-month,3,56.15
2883-ILGWO,0.3,Medium Risk,Month-to-month,57,104.9
2615-YVMYX,0.3,Medium Risk,Month-to-month,71,107.5
0191-ZHSKZ,0.3,Medium Risk,Month-to-month,30,74.75
3452-SRFEG,0.3,Medium Risk,Month-to-month,49,74.6
8757-TFHHJ,0.3,Medium Risk,Month-to-month,1,49.8
2067-QYTCF,0.3,Medium Risk,Month-to-month,64,111.15
4566-GOLUK,0.3,Medium Risk,Month-to-month,47,107.35
6344-SFJVH,0.3,Medium Risk,Month-to-month,20,24.9
1174-FGIFN,0.3,Medium Risk,One year,28,90.45
4452-QIIEB,0.3,Medium Risk,Month-to-month,7,43.9
2692-PFYTJ,0.3,Medium Risk,Month-to-month,1,25.75
8201-AAXCB,0.3,Medium Risk,Month-to-month,25,60.35
8229-MYEJZ,0.3,Medium Risk,Month-to-month,10,51.2
8896-BQTTI,0.3,Medium Risk,Month-to-month,1,25.0
9327-QSDED,0.3,Medium Risk,Month-to-month,8,43.55
2842-JTCCU,0.3,Medium Risk,Month-to-month,2,46.05
4176-FXYBO,0.3,Medium Risk,Month-to-month,54,109.55
5843-TTHGI,0.3,Medium Risk,Month-to-month,18,50.0
3043-TYBNO,0.3,Medium Risk,Month-to-month,3,60.65
8761-NSOBC,0.3,Medium Risk,Month-to-month,44,100.55
9495-SKLKD,0.3,Medium Risk,Month-to-month,45,95.95
2302-ANTDP,0.3,Medium Risk,Month-to-month,48,117.45
9158-VCTQB,0.3,Medium Risk,Month-to-month,41,113.6
9732-KPKBW,0.3,Medium Risk,Month-to-month,1,53.95
6844-DZKRF,0.3,Medium Risk,Month-to-month,2,50.2
1548-ARAGG,0.3,Medium Risk,Month-to-month,4,58.5
2433-KMEAS,0.3,Medium Risk,Month-to-month,22,54.45
3657-COGMW,0.3,Medium Risk,Month-to-month,52,108.1
2190-BCXEC,0.3,Medium Risk,Month-to-month,40,78.85
9445-ZUEQE,0.3,Medium Risk,Month-to-month,27,85.2
2740-JFBOK,0.3,Medium Risk,Month-to-month,10,24.0
6207-WIOLX,0.29,Medium Risk,Month-to-month,25,58.6
8901-HJXTF,0.29,Medium Risk,Month-to-month,12,29.2
0461-CVKMU,0.29,Medium Risk,Month-to-month,23,83.8
6576-FBXOJ,0.29,Medium Risk,One year,17,54.6
7587-AOVVU,0.29,Medium Risk,Month-to-month,27,100.75
6769-DYBQN,0.29,Medium Risk,Month-to-month,46,85.0
3345-PBBFH,0.29,Medium Risk,Month-to-month,8,49.55
9103-TCIHJ,0.29,Medium Risk,Month-to-month,15,55.7
3058-HJCUY,0.29,Medium Risk,One year,41,102.6
4097-YODCF,0.29,Medium Risk,One year,34,103.8
3838-OZURD,0.29,Medium Risk,Month-to-month,66,105.0
2144-BFDSO,0.29,Medium Risk,Month-to-month,50,108.75
4883-QICIH,0.29,Medium Risk,Month-to-month,32,69.75
9795-VOWON,0.29,Medium Risk,One year,7,24.35
6897-UUBNU,0.29,Medium Risk,Month-to-month,29,89.65
8564-LDKFL,0.29,Medium Risk,One year,40,106.0
7750-EYXWZ,0.29,Medium Risk,One year,12,60.65
3143-ILDAL,0.29,Medium Risk,Month-to-month,56,94.45
3113-IWHLC,0.29,Medium Risk,Month-to-month,5,55.8
0643-OKLRP,0.29,Medium Risk,Month-to-month,47,80.35
8388-FYNPZ,0.29,Medium Risk,Month-to-month,4,56.75
2519-LBNQL,0.29,Medium Risk,One year,60,104.35
0356-ERHVT,0.29,Medium Risk,Month-to-month,11,45.9
3689-MOZGR,0.29,Medium Risk,Month-to-month,29,31.2
5103-MHMHY,0.29,Medium Risk,Month-to-month,1,45.95
0668-OGMHD,0.29,Medium Risk,Month-to-month,21,28.5
1596-OQSPS,0.29,Medium Risk,Month-to-month,11,51.1
4238-HFHSN,0.29,Medium Risk,Month-to-month,61,82.15
8705-DWKTI,0.29,Medium Risk,Month-to-month,52,83.8
9761-XUJWD,0.29,Medium Risk,Month-to-month,5,65.6
3069-SSVSN,0.29,Medium Risk,One year,1,25.85
5973-EJGDP,0.29,Medium Risk,Month-to-month,51,87.35
4724-WXVWF,0.29,Medium Risk,Month-to-month,48,95.4
7595-EHCDL,0.29,Medium Risk,Month-to-month,32,50.6
6022-KOUQO,0.29,Medium Risk,Month-to-month,2,29.05
1548-FEHVL,0.29,Medium Risk,Month-to-month,61,106.2
1791-PQHBB,0.29,Medium Risk,Month-to-month,2,61.2
0774-IFUVM,0.29,Medium Risk,Month-to-month,11,65.15
2957-LOLHO,0.29,Medium Risk,Month-to-month,12,45.4
9108-EJFJP,0.29,Medium Risk,Month-to-month,1,53.55
9661-MHUMO,0.29,Medium Risk,Month-to-month,1,49.25
5136-GFPMB,0.29,Medium Risk,Month-to-month,54,89.4
7250-EQKIY,0.29,Medium Risk,Month-to-month,1,50.45
6854-EXGSF,0.29,Medium Risk,Month-to-month,8,65.5
7410-KTVFV,0.29,Medium Risk,Month-to-month,18,49.55
1456-TWCGB,0.29,Medium Risk,Month-to-month,4,49.25
6908-VVYHM,0.29,Medium Risk,Month-to-month,65,90.65
5423-BHIXO,0.29,Medium Risk,Month-to-month,32,54.2
1976-AZZPJ,0.29,Medium Risk,Month-to-month,7,34.2
7621-VPNET,0.29,Medium Risk,Month-to-month,42,85.9
9693-XMUOB,0.29,Medium Risk,Month-to-month,59,50.25
5076-YVXCM,0.29,Medium Risk,Month-to-month,51,83.4
8049-WJCLQ,0.29,Medium Risk,Month-to-month,10,60.2
3629-WEAAM,0.29,Medium Risk,Month-to-month,8,64.1
7993-NQLJE,0.29,Medium Risk,Month-to-month,15,75.1
6986-IJDHX,0.29,Medium Risk,Month-to-month,39,86.3
1370-GGAWX,0.29,Medium Risk,One year,46,94.15
9700-ISPUP,0.29,Medium Risk,Month-to-month,10,65.5
1930-WNXSB,0.29,Medium Risk,Month-to-month,58,92.85
7343-EOBEU,0.28,Medium Risk,Month-to-month,3,23.6
6253-WRFHY,0.28,Medium Risk,One year,13,64.75
9163-GHAYE,0.28,Medium Risk,Month-to-month,15,48.85
2937-FTHUR,0.28,Medium Risk,Month-to-month,18,64.8
3717-LNXKW,0.28,Medium Risk,Month-to-month,38,91.7
6646-QVXLR,0.28,Medium Risk,One year,62,103.75
6397-JNZZG,0.28,Medium Risk,Month-to-month,43,55.55
8706-HRADD,0.28,Medium Risk,Month-to-month,21,43.55
1803-BGNBD,0.28,Medium Risk,Month-to-month,12,54.3
7789-HKSBS,0.28,Medium Risk,One year,42,105.2
3030-YZADT,0.28,Medium Risk,Month-to-month,9,44.95
0032-PGELS,0.28,Medium Risk,Month-to-month,1,30.5
1353-LJWEM,0.28,Medium Risk,Month-to-month,11,60.9
2195-VVRJF,0.28,Medium Risk,Month-to-month,18,59.1
9644-UMGQA,0.28,Medium Risk,Month-to-month,6,49.15
2478-EEWWM,0.28,Medium Risk,Month-to-month,59,44.3
2669-QVCRG,0.28,Medium Risk,Month-to-month,41,81.3
3946-JEWRQ,0.28,Medium Risk,One year,47,95.2
6821-JPCDC,0.28,Medium Risk,One year,48,97.05
8980-WQFWL,0.28,Medium Risk,Month-to-month,35,62.1
2858-EIMXH,0.28,Medium Risk,One year,53,95.85
7551-DACSP,0.28,Medium Risk,Month-to-month,6,55.3
0129-KPTWJ,0.28,Medium Risk,Month-to-month,72,94.65
6620-JDYNW,0.28,Medium Risk,Month-to-month,18,60.6
7963-GQRMY,0.28,Medium Risk,Month-to-month,3,44.3
2929-QNSRW,0.28,Medium Risk,One year,56,98.25
7449-HVPIV,0.28,Medium Risk,Month-to-month,55,90.4
6773-LQTVT,0.28,Medium Risk,Month-to-month,29,35.65
2927-QRRQV,0.28,Medium Risk,One year,46,94.65
8263-OKETD,0.28,Medium Risk,Month-to-month,20,68.9
6351-SCJKT,0.28,Medium Risk,Month-to-month,3,41.35
0228-MAUWC,0.28,Medium Risk,Month-to-month,19,59.55
5060-TQUQN,0.28,Medium Risk,Month-to-month,30,83.55
5337-IIWKZ,0.28,Medium Risk,Month-to-month,34,44.85
0843-WTBXE,0.28,Medium Risk,Month-to-month,53,85.45
9500-LTVBP,0.28,Medium Risk,Month-to-month,35,80.05
8095-WANWK,0.28,Medium Risk,Month-to-month,10,45.25
0486-HECZI,0.28,Medium Risk,Month-to-month,55,96.75
7285-KLOTR,0.28,Medium Risk,One year,12,78.85
0550-DCXLH,0.28,Medium Risk,Month-to-month,13,73.35
6572-ADKRS,0.28,Medium Risk,Month-to-month,46,74.8
3604-WLABM,0.28,Medium Risk,Month-to-month,10,54.25
3845-FXCYS,0.28,Medium Risk,Month-to-month,2,19.65
4123-FCVCB,0.28,Medium Risk,One year,12,75.85
7593-JNWRU,0.28,Medium Risk,Month-to-month,6,44.6
0431-APWVY,0.28,Medium Risk,One year,28,90.1
1208-NBVFH,0.28,Medium Risk,Month-to-month,20,49.6
8868-GAGIO,0.28,Medium Risk,Month-to-month,45,84.55
2267-WTPYD,0.28,Medium Risk,Month-to-month,57,94.0
8967-SZQAS,0.28,Medium Risk,Month-to-month,14,50.45
2346-DJQTB,0.28,Medium Risk,Month-to-month,35,24.15
2403-BCASL,0.28,Medium Risk,One year,41,111.95
2911-UREFD,0.28,Medium Risk,Month-to-month,39,55.9
5136-KCKGI,0.28,Medium Risk,One year,33,103.7
8597-CWYHH,0.28,Medium Risk,One year,43,94.35
1842-EZJMK,0.28,Medium Risk,Month-to-month,50,103.7
6874-SGLHU,0.28,Medium Risk,One year,30,97.0
3668-QPYBK,0.28,Medium Risk,Month-to-month,2,53.85
0107-WESLM,0.28,Medium Risk,Month-to-month,1,19.85
7074-STDCN,0.28,Medium Risk,Month-to-month,39,40.6
7133-VBDCG,0.28,Medium Risk,Month-to-month,25,79.85
5309-TAIKL,0.28,Medium Risk,Month-to-month,7,62.8
6890-PFRQX,0.28,Medium Risk,Month-to-month,18,69.5
5651-WYIPH,0.28,Medium Risk,Month-to-month,18,49.85
1480-IVEVR,0.28,Medium Risk,One year,35,81.6
3009-JWMPU,0.28,Medium Risk,One year,62,96.75
3815-SLMEF,0.28,Medium Risk,Month-to-month,3,34.25
8552-OBVRU,0.28,Medium Risk,Month-to-month,48,104.5
4592-IWTJI,0.28,Medium Risk,Month-to-month,3,29.7
8647-SDTWQ,0.28,Medium Risk,Month-to-month,57,74.3
4307-KTUMW,0.28,Medium Risk,Month-to-month,53,93.9
9776-OJUZI,0.28,Medium Risk,Month-to-month,65,95.45
6668-CNMFP,0.28,Medium Risk,One year,19,89.35
5780-INQIK,0.28,Medium Risk,Month-to-month,8,49.4
7009-LGECI,0.27,Medium Risk,Month-to-month,4,50.55
7623-TRNQN,0.27,Medium Risk,Month-to-month,1,49.9
1422-DGUBX,0.27,Medium Risk,One year,32,79.25
8677-HDZEE,0.27,Medium Risk,Month-to-month,56,105.45
5035-PGZXH,0.27,Medium Risk,One year,56,106.8
8033-VCZGH,0.27,Medium Risk,One year,50,103.95
0419-YAAPX,0.27,Medium Risk,Month-to-month,49,85.3
6891-JPYFF,0.27,Medium Risk,Month-to-month,48,105.25
8919-FYFQZ,0.27,Medium Risk,Month-to-month,44,30.35
7128-GGCNO,0.27,Medium Risk,Month-to-month,46,72.8
1089-HDMKP,0.27,Medium Risk,Month-to-month,11,54.55
5208-HFSBT,0.27,Medium Risk,Month-to-month,2,55.05
7537-CBQUZ,0.27,Medium Risk,Month-to-month,63,109.4
7730-IUTDZ,0.27,Medium Risk,Month-to-month,43,75.2
3195-TQDZX,0.27,Medium Risk,Month-to-month,3,20.25
1935-IMVBB,0.27,Medium Risk,Month-to-month,56,89.7
6199-IWKGC,0.27,Medium Risk,One year,46,100.25
2207-OBZNX,0.27,Medium Risk,Month-to-month,7,51.0
5600-PDUJF,0.27,Medium Risk,Month-to-month,6,49.5
2632-UCGVD,0.27,Medium Risk,Month-to-month,66,100.05
7673-LPRNY,0.27,Medium Risk,One year,23,78.55
8152-UOBNY,0.27,Medium Risk,One year,50,106.8
3842-QTGDL,0.27,Medium Risk,Month-to-month,16,80.75
4957-TREIR,0.27,Medium Risk,Month-to-month,3,64.4
2273-QCKXA,0.27,Medium Risk,Month-to-month,1,49.05
8791-GFXLZ,0.27,Medium Risk,Month-to-month,12,49.05
1996-DBMUS,0.27,Medium Risk,Month-to-month,48,70.65
7047-FWEYA,0.27,Medium Risk,One year,46,103.15
3577-AMVUX,0.27,Medium Risk,Month-to-month,1,55.05
7398-LXGYX,0.27,Medium Risk,Month-to-month,44,84.8
0215-BQKGS,0.27,Medium Risk,Month-to-month,30,84.3
9948-YPTDG,0.27,Medium Risk,Month-to-month,38,79.45
1324-NLTJE,0.27,Medium Risk,Month-to-month,15,55.0
0691-NIKRI,0.27,Medium Risk,One year,40,105.95
1986-PHGZF,0.27,Medium Risk,Month-to-month,18,58.4
8050-WYBND,0.27,Medium Risk,One year,22,49.45
5311-IHLEI,0.27,Medium Risk,Month-to-month,12,50.95
7319-VENRZ,0.27,Medium Risk,Month-to-month,7,64.3
8065-BVEPF,0.27,Medium Risk,Month-to-month,65,99.1
2778-OCLGR,0.27,Medium Risk,Month-to-month,24,39.1
3656-TKRVZ,0.27,Medium Risk,Month-to-month,3,55.35
0596-BQCEQ,0.27,Medium Risk,Month-to-month,62,100.15
0909-SDHNU,0.27,Medium Risk,Month-to-month,7,29.8
5651-CPDND,0.27,Medium Risk,Month-to-month,10,46.0
3594-KADLU,0.27,Medium Risk,Month-to-month,3,35.1
8722-NGNBH,0.27,Medium Risk,Month-to-month,5,40.0
7905-NJMXS,0.27,Medium Risk,Month-to-month,7,64.2
4945-RVMTE,0.27,Medium Risk,Month-to-month,28,59.55
2810-FTLEM,0.27,Medium Risk,Month-to-month,16,50.15
2108-YKQTY,0.27,Medium Risk,Month-to-month,4,50.7
4360-QRAVE,0.27,Medium Risk,Month-to-month,37,36.65
6633-SYEUS,0.27,Medium Risk,Month-to-month,23,83.2
1213-NGCUN,0.27,Medium Risk,Month-to-month,6,49.65
4177-JPDFU,0.27,Medium Risk,Month-to-month,12,34.0
1356-MKYSK,0.27,Medium Risk,Month-to-month,6,78.65
4628-WQCQQ,0.27,Medium Risk,One year,35,85.15
3062-ICYZQ,0.27,Medium Risk,Month-to-month,51,93.8
2792-VPPET,0.27,Medium Risk,Month-to-month,3,20.5
0719-SYFRB,0.27,Medium Risk,Month-to-month,12,61.65
9489-UTFKA,0.27,Medium Risk,Month-to-month,8,60.9
5136-RGMZO,0.27,Medium Risk,Month-to-month,31,71.05
4012-ZTHBR,0.27,Medium Risk,Month-to-month,21,44.95
4462-CYWMH,0.27,Medium Risk,Month-to-month,62,89.8
9881-VCZEP,0.27,Medium Risk,Month-to-month,25,54.1
4925-LMHOK,0.26,Medium Risk,Month-to-month,15,58.6
3307-TLCUD,0.26,Medium Risk,Month-to-month,17,34.4
4130-MZLCC,0.26,Medium Risk,Month-to-month,5,50.55
0520-FDVVT,0.26,Medium Risk,One year,35,102.35
7580-UGXNC,0.26,Medium Risk,Month-to-month,2,54.85
5180-UCIIQ,0.26,Medium Risk,Month-to-month,22,40.05
4501-VCPFK,0.26,Medium Risk,Month-to-month,26,35.75
8198-RKSZG,0.26,Medium Risk,Month-to-month,14,80.45
1899-VXWXM,0.26,Medium Risk,One year,48,106.1
4396-KLSEH,0.26,Medium Risk,Month-to-month,4,19.85
2475-MROZF,0.26,Medium Risk,Month-to-month,30,95.0
7799-DSEWS,0.26,Medium Risk,Month-to-month,18,68.35
8992-OBVDG,0.26,Medium Risk,Month-to-month,21,61.65
3345-JHUEO,0.26,Medium Risk,Month-to-month,4,20.2
9137-NOQKA,0.26,Medium Risk,Month-to-month,2,19.2
6917-YACBP,0.26,Medium Risk,Month-to-month,59,89.75
4712-AUQZO,0.26,Medium Risk,Month-to-month,18,33.6
7661-CPURM,0.26,Medium Risk,One year,19,87.7
9052-VKDUW,0.26,Medium Risk,Month-to-month,65,109.4
3920-HIHMQ,0.26,Medium Risk,Month-to-month,26,49.5
4010-YLMVT,0.26,Medium Risk,Month-to-month,56,106.6
1215-FIGMP,0.26,Medium Risk,Month-to-month,60,89.9
7746-AWNQW,0.26,Medium Risk,Month-to-month,28,35.75
4488-KQFDT,0.26,Medium Risk,One year,61,103.95
5274-XHAKY,0.26,Medium Risk,Month-to-month,41,94.3
2782-JEEBU,0.26,Medium Risk,Month-to-month,21,36.0
3522-CDKHF,0.26,Medium Risk,Month-to-month,32,75.5
9356-AXGMP,0.26,Medium Risk,One year,38,110.7
1958-RNRKS,0.26,Medium Risk,Month-to-month,30,49.9
2898-LSJGD,0.26,Medium Risk,One year,21,55.95
1575-KRZZE,0.26,Medium Risk,Month-to-month,4,55.2
5186-EJEGL,0.26,Medium Risk,Month-to-month,9,69.5
4324-BZCKL,0.26,Medium Risk,Month-to-month,10,55.55
1809-DMJHQ,0.26,Medium Risk,Month-to-month,5,46.0
5201-FRKKS,0.26,Medium Risk,Month-to-month,25,74.3
7521-AFHAB,0.26,Medium Risk,Month-to-month,5,44.8
3701-SFMUH,0.26,Medium Risk,Month-to-month,7,69.7
4070-OKWVH,0.26,Medium Risk,Month-to-month,52,94.6
6982-UQZLY,0.26,Medium Risk,Month-to-month,1,20.85
3683-QKIUE,0.26,Medium Risk,Month-to-month,6,50.8
7396-VJUZB,0.26,Medium Risk,Month-to-month,4,45.25
2043-WVTQJ,0.26,Medium Risk,Month-to-month,1,55.7
6366-XIVKZ,0.26,Medium Risk,Month-to-month,13,63.15
5207-PLSTK,0.26,Medium Risk,Month-to-month,1,48.75
1871-MOWRM,0.26,Medium Risk,Month-to-month,12,80.85
8652-YHIYU,0.26,Medium Risk,One year,16,79.5
7251-XFOIL,0.26,Medium Risk,Month-to-month,61,89.2
0060-FUALY,0.26,Medium Risk,Month-to-month,59,94.75
7351-MHQVU,0.26,Medium Risk,Month-to-month,6,50.95
9564-KCLHR,0.26,Medium Risk,Month-to-month,1,51.25
8070-AAWZP,0.26,Medium Risk,Month-to-month,24,34.25
8294-UIMBA,0.26,Medium Risk,One year,30,94.4
2806-MLNTI,0.26,Medium Risk,One year,52,105.1
6345-HOVES,0.26,Medium Risk,Month-to-month,34,25.05
6300-BWMJX,0.26,Medium Risk,Month-to-month,59,93.35
1591-NFNLQ,0.25,Medium Risk,Month-to-month,51,80.0
3521-MNKLV,0.25,Medium Risk,Month-to-month,24,49.7
3347-YJZZE,0.25,Medium Risk,Month-to-month,29,80.1
4256-ZWTZI,0.25,Medium Risk,Month-to-month,5,51.0
8409-WQJUX,0.25,Medium Risk,One year,25,54.2
1104-FEJAM,0.25,Medium Risk,Month-to-month,28,64.4
0423-UDIJQ,0.25,Medium Risk,Month-to-month,9,49.2
1450-SKCVI,0.25,Medium Risk,Month-to-month,56,73.85
4647-XXZAM,0.25,Medium Risk,Month-to-month,6,45.5
7501-VTYLJ,0.25,Medium Risk,Month-to-month,2,51.55
6629-LADHQ,0.25,Medium Risk,Month-to-month,2,50.95
8111-BKVDS,0.25,Medium Risk,Month-to-month,10,40.7
5073-WXOYN,0.25,Medium Risk,Month-to-month,60,50.8
8190-ZTQFB,0.25,Medium Risk,One year,41,51.35
2607-FBDFF,0.25,Medium Risk,Month-to-month,1,49.0
7089-XXAYG,0.25,Medium Risk,One year,25,38.1
3325-FUYCG,0.25,Medium Risk,One year,28,106.1
4118-CEVPF,0.25,Medium Risk,One year,35,110.8
3714-JTVOV,0.25,Medium Risk,Month-to-month,42,74.15
2229-VWQJH,0.25,Medium Risk,Month-to-month,24,49.3
6647-ZEDXT,0.25,Medium Risk,One year,30,110.45
0567-GGCAC,0.25,Medium Risk,Month-to-month,7,61.4
2988-GBIVW,0.25,Medium Risk,Month-to-month,70,90.85
0979-PHULV,0.25,Medium Risk,Month-to-month,69,99.45
8651-ENBZX,0.25,Medium Risk,One year,60,106.0
6680-NENYN,0.25,Medium Risk,Two year,43,104.6
0096-FCPUF,0.25,Medium Risk,Month-to-month,30,64.5
4524-QCSSM,0.25,Medium Risk,Month-to-month,26,44.65
4250-WAROZ,0.25,Medium Risk,Month-to-month,60,93.25
9314-QDMDW,0.25,Medium Risk,One year,11,61.25
1685-VAYJF,0.25,Medium Risk,Month-to-month,11,45.2
1217-VASWC,0.25,Medium Risk,One year,43,100.55
5018-HEKFO,0.25,Medium Risk,Month-to-month,10,24.5
3842-IYKUE,0.25,Medium Risk,Month-to-month,35,85.3
3537-HPKQT,0.25,Medium Risk,Month-to-month,55,77.75
2709-UQGNP,0.25,Medium Risk,Month-to-month,10,51.65
5188-HGMLP,0.25,Medium Risk,Month-to-month,54,74.0
8450-JOVAH,0.25,Medium Risk,Month-to-month,2,56.7
8695-WDYEA,0.25,Medium Risk,Month-to-month,1,51.25
7683-CBDKJ,0.25,Medium Risk,Month-to-month,14,65.45
4672-FOTSD,0.25,Medium Risk,Month-to-month,12,67.25
7426-GSWPO,0.25,Medium Risk,Month-to-month,64,103.5
5898-IGSLP,0.25,Medium Risk,Month-to-month,31,89.3
2828-SLQPF,0.25,Medium Risk,Month-to-month,19,45.0
6791-YBNAK,0.25,Medium Risk,Month-to-month,18,25.55
2604-XVDAM,0.25,Medium Risk,Month-to-month,12,43.8
1656-DRSMG,0.25,Medium Risk,Month-to-month,63,109.85
2267-FPIMA,0.25,Medium Risk,Month-to-month,50,94.4
5370-IIVVL,0.25,Medium Risk,One year,37,104.5
1848-LBZHY,0.25,Medium Risk,Month-to-month,7,50.3
7067-KSAZT,0.25,Medium Risk,One year,65,106.25
6954-OOYZZ,0.25,Medium Risk,Month-to-month,18,44.35
7610-TVOPG,0.25,Medium Risk,Month-to-month,15,26.35
7054-ENNGU,0.25,Medium Risk,Month-to-month,9,50.85
7742-MYPGI,0.25,Medium Risk,Month-to-month,6,48.8
5002-GCQFH,0.25,Medium Risk,Month-to-month,49,93.85
6689-VRRTK,0.25,Medium Risk,One year,44,109.8
6281-FKEWS,0.25,Medium Risk,One year,44,49.05
6968-GMKPR,0.25,Medium Risk,Month-to-month,55,81.55
0512-FLFDW,0.25,Medium Risk,One year,60,100.5
3723-BFBGR,0.25,Medium Risk,Month-to-month,24,54.8
2931-SVLTV,0.25,Medium Risk,Month-to-month,40,110.1
4001-TSBTV,0.24,Medium Risk,Month-to-month,58,91.55
2075-RMJIK,0.24,Medium Risk,Month-to-month,5,49.4
9943-VSZUV,0.24,Medium Risk,Month-to-month,67,75.7
2208-NQBCT,0.24,Medium Risk,Month-to-month,26,81.95
3164-YAXFY,0.24,Medium Risk,Month-to-month,57,53.75
3620-MWJNE,0.24,Medium Risk,Month-to-month,2,54.45
8566-YPRGL,0.24,Medium Risk,Month-to-month,1,19.5
7395-XWZOY,0.24,Medium Risk,Month-to-month,20,55.0
6128-DAFVY,0.24,Medium Risk,Month-to-month,56,44.85
9544-PYPSJ,0.24,Medium Risk,Month-to-month,62,96.1
9099-FTUHS,0.24,Medium Risk,Month-to-month,23,54.4
0742-MOABM,0.24,Medium Risk,Month-to-month,4,50.05
8547-NSBBO,0.24,Medium Risk,Month-to-month,35,96.75
6473-ULUHT,0.24,Medium Risk,Month-to-month,16,84.9
6818-WOBHJ,0.24,Medium Risk,Month-to-month,68,89.6
4646-QZXTF,0.24,Medium Risk,Month-to-month,7,81.25
8735-IJJEG,0.24,Medium Risk,Month-to-month,14,50.2
8992-CEUEN,0.24,Medium Risk,Month-to-month,1,18.85
6575-SUVOI,0.24,Medium Risk,Month-to-month,25,69.5
5325-UWTWJ,0.24,Medium Risk,Month-to-month,31,90.55
0406-BPDVR,0.24,Medium Risk,One year,54,101.5
4191-XOVOM,0.24,Medium Risk,Month-to-month,63,105.4
8267-ZNYVZ,0.24,Medium Risk,One year,33,103.75
8713-IGZSO,0.24,Medium Risk,Month-to-month,2,24.85
0618-XWMSS,0.24,Medium Risk,Month-to-month,28,74.9
8755-IWJHN,0.24,Medium Risk,Month-to-month,69,95.35
6179-GJPSO,0.24,Medium Risk,Month-to-month,43,108.15
9254-RBFON,0.24,Medium Risk,One year,17,98.6
7629-WIXZF,0.24,Medium Risk,One year,7,59.1
6664-FPDAC,0.24,Medium Risk,One year,56,111.95
6121-VZNQB,0.24,Medium Risk,Month-to-month,1,19.1
5243-SAOTC,0.24,Medium Risk,Month-to-month,54,79.85
5445-GLVOT,0.24,Medium Risk,Month-to-month,22,49.8
4851-BQDNX,0.24,Medium Risk,One year,40,85.05
3445-HXXGF,0.24,Medium Risk,Month-to-month,58,45.3
5624-RYAMH,0.24,Medium Risk,Month-to-month,9,19.5
4250-FDVOU,0.24,Medium Risk,Month-to-month,6,56.25
2003-CKLOR,0.24,Medium Risk,Month-to-month,66,99.5
2731-GJRDG,0.24,Medium Risk,One year,32,109.55
7446-YPODE,0.24,Medium Risk,Month-to-month,11,60.25
0799-DDIHE,0.24,Medium Risk,Month-to-month,15,46.3
7298-IZWLY,0.24,Medium Risk,Month-to-month,1,19.4
4338-EYCER,0.24,Medium Risk,Month-to-month,21,54.6
0899-WZRSD,0.24,Medium Risk,Month-to-month,56,105.35
2279-AXJJK,0.24,Medium Risk,Month-to-month,52,95.65
4415-WNGVR,0.24,Medium Risk,One year,12,79.2
8023-QHAIO,0.24,Medium Risk,Month-to-month,56,76.85
4291-HYEBC,0.24,Medium Risk,One year,28,39.1
4016-BJKTZ,0.24,Medium Risk,Two year,25,108.9
0701-TJSEF,0.24,Medium Risk,Month-to-month,9,68.25
1666-JZPZT,0.24,Medium Risk,Month-to-month,27,49.0
2391-SOORI,0.24,Medium Risk,Month-to-month,4,49.35
4588-YBNIB,0.24,Medium Risk,Month-to-month,1,19.6
3982-XWFZQ,0.24,Medium Risk,Month-to-month,42,50.25
7957-RYHQD,0.24,Medium Risk,Month-to-month,40,79.2
8205-MQUGY,0.24,Medium Risk,Month-to-month,12,49.2
3055-OYMSE,0.24,Medium Risk,Month-to-month,53,73.8
8885-QSQBX,0.24,Medium Risk,Month-to-month,1,49.55
3567-PQTSO,0.24,Medium Risk,One year,53,105.25
3404-JNXAX,0.24,Medium Risk,Month-to-month,51,80.75
5174-RNGBH,0.24,Medium Risk,Month-to-month,9,66.25
9318-NKNFC,0.24,Medium Risk,Month-to-month,1,18.85
5071-FBJFS,0.24,Medium Risk,Month-to-month,4,50.3
5701-ZIKJE,0.24,Medium Risk,Month-to-month,13,50.55
2087-QAREY,0.24,Medium Risk,Month-to-month,22,54.7
0959-WHOKV,0.24,Medium Risk,One year,42,99.0
0872-JCPIB,0.24,Medium Risk,Month-to-month,17,65.75
4088-YLDSU,0.24,Medium Risk,One year,55,104.15
4431-EDMIQ,0.24,Medium Risk,Month-to-month,7,75.7
2533-TIBIX,0.24,Medium Risk,Month-to-month,15,30.2
4800-VHZKI,0.24,Medium Risk,Month-to-month,1,19.9
4003-FUSHP,0.24,Medium Risk,Month-to-month,19,61.55
2458-EOMRE,0.24,Medium Risk,Month-to-month,11,64.05
5339-TJFEK,0.24,Medium Risk,Month-to-month,62,105.5
4612-THJBS,0.24,Medium Risk,One year,56,104.75
7245-JMTTQ,0.24,Medium Risk,One year,51,111.5
8495-PRWFH,0.24,Medium Risk,Month-to-month,42,55.65
7921-LMDFQ,0.24,Medium Risk,One year,51,94.0
0058-EVZWM,0.24,Medium Risk,Month-to-month,55,89.8
7356-IWLFW,0.24,Medium Risk,Month-to-month,46,80.0
8812-ZRHFP,0.24,Medium Risk,One year,30,86.45
1622-HSHSF,0.24,Medium Risk,Month-to-month,1,19.55
4324-AHJKS,0.23,Medium Risk,Month-to-month,5,55.8
6967-QIQRV,0.23,Medium Risk,One year,15,101.9
9375-MHRRS,0.23,Medium Risk,Month-to-month,6,50.05
9419-IPPBE,0.23,Medium Risk,One year,51,90.15
8620-RJPZN,0.23,Medium Risk,Month-to-month,1,20.7
4685-ERGHK,0.23,Medium Risk,One year,57,86.9
0575-CUQOV,0.23,Medium Risk,One year,60,97.95
3424-NMNBO,0.23,Medium Risk,One year,58,108.85
8495-LJDFO,0.23,Medium Risk,Month-to-month,64,108.95
2446-ZKVAF,0.23,Medium Risk,Month-to-month,18,56.8
8305-VHZBZ,0.23,Medium Risk,Month-to-month,1,20.2
9027-YFHQJ,0.23,Medium Risk,Month-to-month,7,25.05
3594-IVHJZ,0.23,Medium Risk,Month-to-month,2,20.45
7854-EKTJL,0.23,Medium Risk,Month-to-month,2,19.6
2293-IJWPS,0.23,Medium Risk,One year,57,100.75
1794-SWWKL,0.23,Medium Risk,Month-to-month,15,59.65
4634-JLRJT,0.23,Medium Risk,Month-to-month,1,20.35
0237-YFUTL,0.23,Medium Risk,Month-to-month,50,109.65
6353-BRMMA,0.23,Medium Risk,Month-to-month,54,104.1
3890-RTCMS,0.23,Medium Risk,Month-to-month,16,49.45
2081-KJSQF,0.23,Medium Risk,Month-to-month,1,20.25
8985-OOPOS,0.23,Medium Risk,One year,1,74.1
7109-MFBYV,0.23,Medium Risk,Month-to-month,26,45.45
5996-DAOQL,0.23,Medium Risk,Month-to-month,1,20.45
7530-HDYDS,0.23,Medium Risk,Month-to-month,38,84.25
4827-USJHP,0.23,Medium Risk,Month-to-month,20,51.8
7839-QRKXN,0.23,Medium Risk,Month-to-month,1,20.2
9277-JOOMO,0.23,Medium Risk,Month-to-month,3,24.6
0871-OPBXW,0.23,Medium Risk,Month-to-month,2,20.05
7622-NXQZR,0.23,Medium Risk,Month-to-month,28,30.1
4468-YDOVK,0.23,Medium Risk,Month-to-month,5,48.65
2108-GLPQB,0.23,Medium Risk,Month-to-month,25,55.55
5356-RHIPP,0.23,Medium Risk,Month-to-month,1,20.2
0670-KDOMA,0.23,Medium Risk,Month-to-month,1,20.25
9142-KZXOP,0.23,Medium Risk,Month-to-month,44,68.85
5143-WMWOG,0.23,Medium Risk,Month-to-month,1,19.95
2320-JRSDE,0.23,Medium Risk,Month-to-month,1,19.9
9033-EOXWV,0.23,Medium Risk,One year,12,74.05
1153-GNOLC,0.23,Medium Risk,One year,33,39.1
1156-ZFYDO,0.23,Medium Risk,Month-to-month,1,19.75
6898-MDLZW,0.23,Medium Risk,Month-to-month,12,53.75
7989-CHGTL,0.23,Medium Risk,Month-to-month,1,19.6
8262-COGGB,0.23,Medium Risk,Month-to-month,1,20.45
2065-MMKGR,0.23,Medium Risk,One year,29,71.0
4939-KYYPY,0.23,Medium Risk,Month-to-month,27,59.45
2826-UWHIS,0.23,Medium Risk,Month-to-month,45,81.4
9825-YCXWZ,0.23,Medium Risk,One year,41,101.1
4692-NNQRU,0.23,Medium Risk,One year,21,79.2
0326-VDYXE,0.23,Medium Risk,One year,70,97.65
6686-YPGHK,0.23,Medium Risk,Month-to-month,47,85.5
2480-JZOSN,0.23,Medium Risk,Month-to-month,1,20.65
2382-BCKQJ,0.23,Medium Risk,One year,62,100.15
4430-YHXGG,0.23,Medium Risk,Month-to-month,4,25.45
1240-KNSEZ,0.23,Medium Risk,Month-to-month,1,20.1
8073-IJDCM,0.23,Medium Risk,Month-to-month,1,20.3
6778-JFCMK,0.23,Medium Risk,One year,24,50.6
6942-LBFDP,0.23,Medium Risk,Month-to-month,2,20.55
0523-VNGTF,0.23,Medium Risk,Month-to-month,52,50.5
0471-LVHGK,0.23,Medium Risk,One year,41,73.0
0761-AETCS,0.23,Medium Risk,Month-to-month,1,19.3
2876-VBBBL,0.23,Medium Risk,Month-to-month,1,20.25
2465-BLLEU,0.23,Medium Risk,Month-to-month,1,19.75
6770-XUAGN,0.23,Medium Risk,Month-to-month,1,21.0
0222-CNVPT,0.23,Medium Risk,Month-to-month,52,48.8
1228-FZFRV,0.23,Medium Risk,Month-to-month,50,105.95
8930-XOTDP,0.23,Medium Risk,Month-to-month,18,55.95
5906-BFOZT,0.23,Medium Risk,Month-to-month,1,19.5
3685-YLCMQ,0.23,Medium Risk,One year,58,104.65
4160-AMJTL,0.23,Medium Risk,Month-to-month,8,19.65
4661-NJEUX,0.23,Medium Risk,Month-to-month,1,20.05
3566-VVORZ,0.23,Medium Risk,Month-to-month,12,45.9
5131-PONJI,0.23,Medium Risk,Month-to-month,49,90.4
2480-EJWYP,0.23,Medium Risk,One year,58,97.8
8663-UPDGF,0.23,Medium Risk,Month-to-month,26,69.5
5828-DWPIL,0.23,Medium Risk,Month-to-month,62,89.1
3230-WYKIR,0.23,Medium Risk,One year,18,82.0
1360-JYXKQ,0.23,Medium Risk,One year,54,99.1
8205-OTCHB,0.23,Medium Risk,One year,22,43.75
4986-MXSFP,0.23,Medium Risk,Month-to-month,2,20.0
2640-LYMOV,0.23,Medium Risk,Month-to-month,2,19.65
4918-FYJNT,0.23,Medium Risk,Month-to-month,55,90.45
4897-QSUYC,0.23,Medium Risk,Month-to-month,1,20.15
1087-UDSIH,0.23,Medium Risk,Month-to-month,3,19.6
9360-AHGNL,0.23,Medium Risk,One year,43,109.55
4667-OHGKG,0.23,Medium Risk,Month-to-month,1,19.3
6284-KMNUF,0.23,Medium Risk,One year,56,98.0
2233-FAGXV,0.23,Medium Risk,Month-to-month,5,24.3
2946-KIQSP,0.23,Medium Risk,Month-to-month,35,33.45
2305-MRGLV,0.23,Medium Risk,Month-to-month,28,76.55
5846-QFDFI,0.23,Medium Risk,Month-to-month,33,88.6
2369-FEVNO,0.23,Medium Risk,Month-to-month,1,19.9
4232-JGKIY,0.23,Medium Risk,Month-to-month,1,19.2
7617-EYGLW,0.23,Medium Risk,Month-to-month,1,19.45
6952-OMNWB,0.23,Medium Risk,Month-to-month,68,80.35
2832-SCUCO,0.23,Medium Risk,Month-to-month,2,19.9
1193-RTSLK,0.23,Medium Risk,Month-to-month,38,83.9
7880-XSOJX,0.23,Medium Risk,Month-to-month,4,42.4
2259-OUUSZ,0.23,Medium Risk,One year,7,35.5
1041-RXHRA,0.23,Medium Risk,Month-to-month,41,70.25
6559-RAKOZ,0.23,Medium Risk,One year,49,97.95
0471-ARVMX,0.23,Medium Risk,One year,62,104.85
1000-AJSLD,0.23,Medium Risk,Month-to-month,1,20.1
6131-FOYAS,0.23,Medium Risk,Month-to-month,35,59.6
4098-NAUKP,0.22,Medium Risk,Month-to-month,68,84.65
3179-GBRWV,0.22,Medium Risk,Month-to-month,21,64.95
1098-TDVUQ,0.22,Medium Risk,Month-to-month,1,19.25
4456-RHSNB,0.22,Medium Risk,Month-to-month,19,49.6
3097-IDVPU,0.22,Medium Risk,Month-to-month,19,50.1
4608-LCIMN,0.22,Medium Risk,Month-to-month,8,44.65
7526-IVLYU,0.22,Medium Risk,Month-to-month,3,19.65
7893-IXHRQ,0.22,Medium Risk,Month-to-month,1,20.55
2886-KEFUM,0.22,Medium Risk,One year,63,107.5
1453-RZFON,0.22,Medium Risk,Month-to-month,1,49.9
1699-HPSBG,0.22,Medium Risk,One year,12,59.8
2676-OXPPQ,0.22,Medium Risk,Month-to-month,6,55.7
9833-TGFHX,0.22,Medium Risk,One year,42,97.1
9039-ZVJDC,0.22,Medium Risk,Month-to-month,3,19.1
9817-APLHW,0.22,Medium Risk,Month-to-month,12,25.0
6184-DYUOB,0.22,Medium Risk,Month-to-month,3,19.6
8970-ANWXO,0.22,Medium Risk,One year,23,73.75
3466-BYAVD,0.22,Medium Risk,Month-to-month,15,69.5
5630-AHZIL,0.22,Medium Risk,Month-to-month,3,64.5
6907-CQGPN,0.22,Medium Risk,Month-to-month,29,34.3
2172-EJXVF,0.22,Medium Risk,One year,71,105.9
7124-UGSUR,0.22,Medium Risk,One year,61,104.4
2379-GYFLQ,0.22,Medium Risk,One year,46,94.9
1684-FLBGS,0.22,Medium Risk,Month-to-month,23,69.5
6067-NGCEU,0.22,Medium Risk,Month-to-month,65,111.05
9578-FOMUK,0.22,Medium Risk,Month-to-month,15,24.8
8679-LZBMD,0.22,Medium Risk,One year,44,90.65
0100-DUVFC,0.22,Medium Risk,One year,70,104.8
2843-CQMEG,0.22,Medium Risk,Month-to-month,24,49.7
5949-EBSQK,0.22,Medium Risk,Month-to-month,4,61.45
1449-XQEMT,0.22,Medium Risk,Month-to-month,3,19.8
6345-ULYRW,0.22,Medium Risk,One year,44,88.4
4628-CTTLA,0.22,Medium Risk,Month-to-month,57,39.3
1814-DKOLC,0.22,Medium Risk,Month-to-month,5,25.45
4673-KKSLS,0.22,Medium Risk,Month-to-month,31,87.6
1470-PSXNM,0.22,Medium Risk,One year,49,93.65
4826-TZEVA,0.22,Medium Risk,Month-to-month,40,74.8
8627-ZYGSZ,0.22,Medium Risk,One year,47,78.9
6439-LAJXL,0.22,Medium Risk,Month-to-month,9,68.95
4767-HZZHQ,0.22,Medium Risk,Month-to-month,30,82.05
0880-FVFWF,0.22,Medium Risk,Month-to-month,56,86.4
4188-FRABG,0.22,Medium Risk,Month-to-month,57,103.05
3572-UOLYZ,0.22,Medium Risk,Month-to-month,46,84.8
2091-MJTFX,0.22,Medium Risk,Month-to-month,30,51.2
3255-GRXMG,0.22,Medium Risk,Month-to-month,18,45.65
4797-AXPXK,0.22,Medium Risk,Month-to-month,1,60.0
1784-EZDKJ,0.22,Medium Risk,One year,51,106.8
0516-WJVXC,0.22,Medium Risk,Month-to-month,5,54.2
8003-EWNDZ,0.22,Medium Risk,Month-to-month,10,21.2
9614-RMGHA,0.22,Medium Risk,Month-to-month,65,91.85
7854-EDSSA,0.22,Medium Risk,Month-to-month,22,59.0
3097-PYWXL,0.22,Medium Risk,Month-to-month,4,19.95
1352-VHKAJ,0.22,Medium Risk,Month-to-month,27,71.6
0690-SRQID,0.22,Medium Risk,Month-to-month,4,19.65
3472-OAOOR,0.22,Medium Risk,Month-to-month,19,34.95
5066-GFJMM,0.22,Medium Risk,Month-to-month,3,19.9
4693-VWVBO,0.22,Medium Risk,Month-to-month,3,19.55
8082-GHXOP,0.22,Medium Risk,Month-to-month,13,44.0
8746-OQQRW,0.22,Medium Risk,Month-to-month,4,25.25
0187-WZNAB,0.22,Medium Risk,Month-to-month,27,74.4
3780-DDGSE,0.22,Medium Risk,Month-to-month,35,76.05
5802-ADBRC,0.22,Medium Risk,One year,50,104.4
3709-OIJEA,0.22,Medium Risk,One year,26,85.2
7853-WNZSY,0.22,Medium Risk,Month-to-month,1,19.75
5760-WRAHC,0.22,Medium Risk,Month-to-month,22,69.75
0268-QKIWO,0.22,Medium Risk,Month-to-month,3,19.75
8217-QYOHV,0.22,Medium Risk,Month-to-month,5,55.75
7611-YKYTC,0.22,Medium Risk,Month-to-month,22,75.0
2153-MREFK,0.22,Medium Risk,One year,37,99.2
4937-QPZPO,0.22,Medium Risk,One year,61,99.9
3419-SNJJD,0.22,Medium Risk,Month-to-month,65,105.25
2834-SPCJV,0.22,Medium Risk,Month-to-month,52,84.1
3059-NGMXB,0.22,Medium Risk,Month-to-month,14,69.2
0365-TRTPY,0.22,Medium Risk,Month-to-month,37,91.2
2393-DIVAI,0.22,Medium Risk,Month-to-month,3,20.0
3744-ZBHON,0.22,Medium Risk,Month-to-month,3,20.2
7883-ROJOC,0.22,Medium Risk,Month-to-month,19,44.9
5088-QZLRL,0.22,Medium Risk,Month-to-month,1,20.65
1061-PNTHC,0.21,Medium Risk,Month-to-month,56,109.6
2995-UPRYS,0.21,Medium Risk,One year,40,99.2
8992-VONJD,0.21,Medium Risk,Month-to-month,13,56.0
8444-WRIDW,0.21,Medium Risk,Month-to-month,66,80.45
6549-YMFAW,0.21,Medium Risk,Month-to-month,9,21.25
2947-DOMLJ,0.21,Medium Risk,Month-to-month,1,50.6
0820-FNRNX,0.21,Medium Risk,Month-to-month,17,66.7
5028-HTLJB,0.21,Medium Risk,Month-to-month,1,20.05
1840-BIUOG,0.21,Medium Risk,One year,20,68.7
7426-WEIJX,0.21,Medium Risk,Month-to-month,60,80.95
0733-VUNUW,0.21,Medium Risk,Month-to-month,24,55.65
7291-CDTMJ,0.21,Medium Risk,Month-to-month,1,19.65
0516-OOHAR,0.21,Medium Risk,One year,28,100.35
4393-RYCRE,0.21,Medium Risk,One year,44,106.05
5701-SVCWR,0.21,Medium Risk,Month-to-month,1,24.0
6258-NGCNG,0.21,Medium Risk,Month-to-month,7,23.5
6839-ITVZJ,0.21,Medium Risk,Month-to-month,26,60.05
6261-LHRTG,0.21,Medium Risk,Month-to-month,26,54.75
1120-BMWUB,0.21,Medium Risk,Month-to-month,16,53.9
6476-YHMGA,0.21,Medium Risk,Month-to-month,15,76.5
9912-OMZDS,0.21,Medium Risk,One year,59,106.15
0617-FHSGK,0.21,Medium Risk,Month-to-month,49,75.2
6469-QJKZW,0.21,Medium Risk,Month-to-month,4,20.15
5366-OBVMR,0.21,Medium Risk,Month-to-month,18,50.3
3999-WRNGR,0.21,Medium Risk,Month-to-month,60,49.75
8404-VLQFB,0.21,Medium Risk,Month-to-month,15,25.25
0953-LGOVU,0.21,Medium Risk,Month-to-month,12,35.5
2000-MPKCA,0.21,Medium Risk,One year,58,107.75
6994-ORCWG,0.21,Medium Risk,One year,14,54.25
3794-NFNCH,0.21,Medium Risk,Month-to-month,30,50.0
4929-ROART,0.21,Medium Risk,Month-to-month,18,56.25
7814-LEEVE,0.21,Medium Risk,Month-to-month,1,20.3
9342-VNIMQ,0.21,Medium Risk,Month-to-month,33,54.65
6158-DWPZT,0.21,Medium Risk,One year,9,24.1
2522-AHJXR,0.21,Medium Risk,Month-to-month,60,109.45
2955-PSXOE,0.21,Medium Risk,Month-to-month,1,20.2
6743-HHQPF,0.21,Medium Risk,Month-to-month,42,25.1
7636-XUHWW,0.21,Medium Risk,Month-to-month,2,19.9
3090-LETTY,0.21,Medium Risk,Month-to-month,2,60.95
5553-AOINX,0.21,Medium Risk,One year,66,104.9
5443-SCMKX,0.21,Medium Risk,One year,58,94.3
0303-WMMRN,0.21,Medium Risk,Month-to-month,5,19.25
4486-EFAEB,0.21,Medium Risk,Month-to-month,13,20.4
2732-ISEZX,0.21,Medium Risk,Month-to-month,5,20.5
2924-KHUVI,0.21,Medium Risk,One year,56,100.55
8148-BPLZQ,0.21,Medium Risk,Month-to-month,34,49.8
0913-XWSCN,0.21,Medium Risk,Month-to-month,55,85.5
5144-PQCDZ,0.21,Medium Risk,Month-to-month,4,19.95
2623-DRYAM,0.21,Medium Risk,One year,70,101.75
5951-AOFIH,0.21,Medium Risk,Month-to-month,33,66.4
5542-DHSXL,0.21,Medium Risk,Month-to-month,4,54.7
1493-AMTIE,0.21,Medium Risk,Month-to-month,1,20.2
9501-UKKNL,0.21,Medium Risk,Month-to-month,59,51.7
9537-VHDTA,0.21,Medium Risk,Month-to-month,1,51.2
9828-QHFBK,0.21,Medium Risk,Month-to-month,24,51.15
9057-MSWCO,0.21,Medium Risk,Month-to-month,27,30.75
8963-JLGJT,0.21,Medium Risk,Month-to-month,3,55.9
7103-IPXPJ,0.21,Medium Risk,One year,50,99.4
1697-NVVGY,0.21,Medium Risk,Month-to-month,19,66.4
7716-YTYHG,0.21,Medium Risk,One year,48,82.05
1360-RCYRT,0.21,Medium Risk,Month-to-month,23,30.35
1113-IUJYX,0.21,Medium Risk,One year,14,105.95
9154-QDGTH,0.21,Medium Risk,One year,43,104.3
4791-QRGMF,0.21,Medium Risk,One year,59,99.5
0991-BRRFB,0.21,Medium Risk,Month-to-month,18,49.4
1394-SUIUH,0.21,Medium Risk,Month-to-month,44,85.15
2155-AMQRX,0.21,Medium Risk,Month-to-month,28,54.9
3682-YEUWS,0.2,Low Risk,Month-to-month,10,24.4
1110-KYLGQ,0.2,Low Risk,Month-to-month,63,108.25
9938-EKRGF,0.2,Low Risk,Month-to-month,15,84.45
6402-SSEJG,0.2,Low Risk,One year,25,61.05
2186-QZEYA,0.2,Low Risk,Month-to-month,29,58.55
5593-SUAOO,0.2,Low Risk,One year,24,83.15
1386-ZIKUV,0.2,Low Risk,Month-to-month,7,18.95
2585-KTFRE,0.2,Low Risk,Month-to-month,1,70.45
9323-HGFWY,0.2,Low Risk,One year,27,101.9
5334-JLAXU,0.2,Low Risk,Month-to-month,60,94.1
7241-AJHFS,0.2,Low Risk,Month-to-month,32,87.65
7549-MYGPK,0.2,Low Risk,Month-to-month,63,100.55
0440-MOGPM,0.2,Low Risk,One year,41,80.55
7821-DPRQE,0.2,Low Risk,Month-to-month,68,107.7
4138-NAXED,0.2,Low Risk,Month-to-month,51,81.0
1410-RSCMR,0.2,Low Risk,Month-to-month,7,71.35
3154-CFSZG,0.2,Low Risk,Month-to-month,47,90.05
8189-HBVRW,0.2,Low Risk,Month-to-month,53,90.8
2239-JALAW,0.2,Low Risk,One year,58,103.25
4541-RMRLG,0.2,Low Risk,Month-to-month,7,19.25
9572-MTILT,0.2,Low Risk,Month-to-month,59,106.75
5712-VBOXD,0.2,Low Risk,Month-to-month,4,20.15
7129-AZJDE,0.2,Low Risk,One year,34,78.95
5336-UFNZP,0.2,Low Risk,One year,65,107.45
9701-CDXHR,0.2,Low Risk,Month-to-month,51,69.15
1091-SOZGA,0.2,Low Risk,One year,56,99.8
7811-JIVPF,0.2,Low Risk,Month-to-month,23,49.7
5482-NUPNA,0.2,Low Risk,Month-to-month,4,60.4
4390-KYULV,0.2,Low Risk,Month-to-month,3,20.55
3756-VNWDH,0.2,Low Risk,One year,65,100.75
0853-NWIFK,0.2,Low Risk,One year,45,100.3
9518-RWHZL,0.2,Low Risk,One year,64,100.05
0314-TKOSI,0.2,Low Risk,Month-to-month,6,55.15
6483-OATDN,0.2,Low Risk,Month-to-month,8,51.3
0239-OXEXL,0.2,Low Risk,Month-to-month,46,84.25
4701-MLJPN,0.2,Low Risk,Month-to-month,31,55.25
7083-YNSKY,0.2,Low Risk,Month-to-month,15,25.4
6627-CFOSN,0.2,Low Risk,Month-to-month,59,99.45
7088-FBAWU,0.2,Low Risk,Month-to-month,17,74.55
1485-YDHMM,0.2,Low Risk,Month-to-month,52,93.25
8295-FHIVV,0.2,Low Risk,Month-to-month,7,19.4
0956-ACVZC,0.2,Low Risk,One year,54,94.1
7976-CICYS,0.2,Low Risk,Month-to-month,4,20.7
8317-BVKSO,0.2,Low Risk,Month-to-month,14,20.05
9788-YTFGE,0.2,Low Risk,Month-to-month,7,19.95
1855-CFULU,0.2,Low Risk,Month-to-month,4,20.05
0895-LMRSF,0.2,Low Risk,One year,23,64.9
3007-FDPEA,0.2,Low Risk,Month-to-month,2,20.7
2616-UUTFK,0.2,Low Risk,Month-to-month,33,72.75
6959-GQEGV,0.2,Low Risk,Month-to-month,45,75.95
7130-CTCUS,0.2,Low Risk,Month-to-month,16,54.55
3413-DHLPB,0.2,Low Risk,Month-to-month,60,103.75
1335-HQMKX,0.2,Low Risk,One year,72,101.35
8259-NFJTV,0.2,Low Risk,Month-to-month,7,34.65
9391-YZEJW,0.2,Low Risk,One year,62,94.0
8292-TYSPY,0.2,Low Risk,Month-to-month,19,55.0
9069-LGEUL,0.2,Low Risk,Month-to-month,23,59.95
2957-JIRMN,0.2,Low Risk,One year,62,84.45
3858-XHYJO,0.2,Low Risk,One year,40,105.75
7550-WIQVA,0.2,Low Risk,One year,50,108.25
2080-SRCDE,0.2,Low Risk,Month-to-month,1,25.4
5955-EPOAZ,0.2,Low Risk,Month-to-month,6,20.95
3694-GLTJM,0.2,Low Risk,Month-to-month,5,19.65
7246-ZGQDF,0.2,Low Risk,Month-to-month,1,54.5
3410-MHHUM,0.2,Low Risk,One year,44,94.4
5804-HYIEZ,0.2,Low Risk,Month-to-month,70,106.05
6137-MFAJN,0.2,Low Risk,Month-to-month,48,44.8
0463-WZZKO,0.2,Low Risk,Month-to-month,3,20.75
3144-KMTWZ,0.2,Low Risk,Month-to-month,71,93.25
0568-ONFPC,0.2,Low Risk,Month-to-month,5,25.9
2673-CXQEU,0.19,Low Risk,One year,56,110.5
1663-MHLHE,0.19,Low Risk,Month-to-month,1,19.2
3584-WKTTW,0.19,Low Risk,One year,51,111.55
3679-XASPY,0.19,Low Risk,Month-to-month,1,19.45
9753-OYLBX,0.19,Low Risk,Month-to-month,1,20.5
6654-QGBZZ,0.19,Low Risk,Month-to-month,1,19.9
8605-ITULD,0.19,Low Risk,Month-to-month,1,19.55
8393-JMVMB,0.19,Low Risk,Month-to-month,1,19.45
1029-QFBEN,0.19,Low Risk,Month-to-month,1,19.55
3900-AQPHZ,0.19,Low Risk,Month-to-month,1,19.9
9820-RMCQV,0.19,Low Risk,Month-to-month,11,48.55
3807-XHCJH,0.19,Low Risk,Month-to-month,1,20.0
8734-FNWVH,0.19,Low Risk,Month-to-month,31,59.7
1423-BMPBQ,0.19,Low Risk,Month-to-month,1,19.0
8878-RYUKI,0.19,Low Risk,Month-to-month,52,59.45
8166-ORCHU,0.19,Low Risk,One year,33,93.55
8329-GWVPJ,0.19,Low Risk,Month-to-month,50,69.75
0807-ZABDG,0.19,Low Risk,Month-to-month,3,55.1
6569-KTMDU,0.19,Low Risk,Month-to-month,1,19.1
1732-VHUBQ,0.19,Low Risk,Month-to-month,47,70.55
3785-NRHYR,0.19,Low Risk,Month-to-month,1,19.65
9441-QHEVC,0.19,Low Risk,Month-to-month,1,19.1
8974-OVACP,0.19,Low Risk,Month-to-month,1,20.15
2866-IKBTM,0.19,Low Risk,Month-to-month,1,19.55
3402-XRIUO,0.19,Low Risk,Month-to-month,22,63.55
5155-AZQPB,0.19,Low Risk,Month-to-month,28,49.9
4255-DDUOU,0.19,Low Risk,Month-to-month,1,20.5
0584-BJQGZ,0.19,Low Risk,Month-to-month,25,78.35
0708-SJDIS,0.19,Low Risk,Month-to-month,34,65.0
5447-WZAFP,0.19,Low Risk,One year,53,100.3
7143-BQIBA,0.19,Low Risk,Month-to-month,10,62.25
7078-NVFAM,0.19,Low Risk,Month-to-month,32,35.15
3413-CSSTH,0.19,Low Risk,Month-to-month,41,55.7
1905-OEILC,0.19,Low Risk,Month-to-month,1,19.5
9025-ZRPVR,0.19,Low Risk,Month-to-month,9,18.95
7878-RTCZG,0.19,Low Risk,Month-to-month,1,19.9
2592-YKDIF,0.19,Low Risk,Month-to-month,1,20.35
5766-ZJYBB,0.19,Low Risk,Month-to-month,1,19.4
0898-XCGTF,0.19,Low Risk,One year,61,96.5
8979-CAMGB,0.19,Low Risk,One year,64,102.1
1725-MIMXW,0.19,Low Risk,Month-to-month,1,19.45
9138-EFSMO,0.19,Low Risk,One year,26,78.95
0970-QXPXW,0.19,Low Risk,Month-to-month,1,19.65
3733-ZEECP,0.19,Low Risk,Month-to-month,22,51.1
7776-QGYJC,0.19,Low Risk,Month-to-month,39,81.5
1134-YWTYF,0.19,Low Risk,Month-to-month,27,53.8
1135-LMECX,0.19,Low Risk,Month-to-month,1,19.85
1020-JPQOW,0.19,Low Risk,Month-to-month,56,90.55
9374-YOLBJ,0.19,Low Risk,Month-to-month,1,19.25
2978-XXSOG,0.19,Low Risk,Month-to-month,22,59.05
2851-STERV,0.19,Low Risk,One year,35,73.0
8267-KFGYD,0.19,Low Risk,Month-to-month,1,21.05
6475-VHUIZ,0.19,Low Risk,Month-to-month,23,54.25
8644-XYTSV,0.19,Low Risk,Month-to-month,42,40.15
4132-POCZS,0.19,Low Risk,Month-to-month,52,39.9
3640-JQGJG,0.19,Low Risk,Month-to-month,13,44.8
7551-JOHTI,0.19,Low Risk,Month-to-month,1,19.5
1397-XKKWR,0.19,Low Risk,One year,7,35.3
7175-NTIXE,0.19,Low Risk,Month-to-month,25,76.15
1963-VAUKV,0.19,Low Risk,Month-to-month,1,20.4
7203-OYKCT,0.19,Low Risk,One year,72,104.95
4283-IVYCI,0.19,Low Risk,Month-to-month,9,64.95
3541-ZNUHK,0.19,Low Risk,Month-to-month,55,85.1
1707-HABPF,0.19,Low Risk,One year,46,91.3
3308-MHOOC,0.19,Low Risk,Month-to-month,1,19.2
7402-PWYJJ,0.19,Low Risk,One year,53,91.15
1015-OWJKI,0.19,Low Risk,Month-to-month,1,19.05
7601-WFVZV,0.19,Low Risk,Month-to-month,1,19.55
0440-QEXBZ,0.19,Low Risk,Month-to-month,44,50.15
6124-ACRHJ,0.19,Low Risk,Month-to-month,1,19.75
7776-QWNFX,0.19,Low Risk,Month-to-month,30,50.4
1614-JBEBI,0.19,Low Risk,Month-to-month,8,20.7
1724-IQWNM,0.19,Low Risk,Month-to-month,1,19.3
9629-NHXFW,0.19,Low Risk,Month-to-month,1,19.4
8329-IBCTI,0.19,Low Risk,Month-to-month,1,19.65
4936-YPJNK,0.19,Low Risk,Month-to-month,10,19.9
6615-ZGEDR,0.19,Low Risk,Month-to-month,1,19.7
4747-LCAQL,0.19,Low Risk,Month-to-month,25,79.0
6733-LRIZX,0.19,Low Risk,Two year,35,108.95
6141-OOXUQ,0.19,Low Risk,Month-to-month,1,19.65
6008-NAIXK,0.19,Low Risk,One year,54,55.45
9975-SKRNR,0.19,Low Risk,Month-to-month,1,18.9
9763-GRSKD,0.19,Low Risk,Month-to-month,13,49.95
2002-MZHWP,0.19,Low Risk,Month-to-month,1,20.5
7302-ZHMHP,0.19,Low Risk,Month-to-month,1,19.15
4187-CINZD,0.19,Low Risk,One year,46,95.25
3727-JEZTU,0.19,Low Risk,Month-to-month,1,20.4
1698-XFZCI,0.19,Low Risk,One year,61,107.75
6849-OYAMU,0.19,Low Risk,One year,19,100.0
7856-GANIL,0.19,Low Risk,One year,45,98.7
9591-YVTEB,0.19,Low Risk,Month-to-month,55,44.85
4567-AKPIA,0.19,Low Risk,One year,41,109.1
7025-IWFHT,0.19,Low Risk,One year,41,89.55
6815-ABQFQ,0.19,Low Risk,One year,56,107.25
5868-YTYKS,0.19,Low Risk,Month-to-month,1,20.25
9863-JZAIC,0.19,Low Risk,Month-to-month,35,55.0
5198-EFNBM,0.19,Low Risk,One year,57,90.65
0308-IVGOK,0.19,Low Risk,One year,11,40.4
3162-ZJZFU,0.19,Low Risk,Month-to-month,53,92.55
0691-JVSYA,0.19,Low Risk,One year,53,94.85
6447-GORXK,0.19,Low Risk,Month-to-month,31,25.0
0384-RVBPI,0.19,Low Risk,Month-to-month,20,64.4
3639-XJHKQ,0.19,Low Risk,Month-to-month,19,60.6
0887-WBJVH,0.19,Low Risk,One year,53,93.45
4832-VRBMR,0.19,Low Risk,One year,65,103.15
7163-OCEQI,0.19,Low Risk,One year,22,78.65
7721-DVEKZ,0.19,Low Risk,Month-to-month,1,19.65
7989-VCQOH,0.19,Low Risk,Month-to-month,18,83.25
1074-AMIOH,0.18,Low Risk,Month-to-month,53,108.25
9818-XQCUV,0.18,Low Risk,Month-to-month,2,20.35
5533-RJFTJ,0.18,Low Risk,Month-to-month,49,30.2
8033-ATFAS,0.18,Low Risk,Month-to-month,39,59.85
3806-YAZOV,0.18,Low Risk,Month-to-month,3,18.8
3417-TSCIC,0.18,Low Risk,One year,29,24.85
3030-ZKIWL,0.18,Low Risk,Month-to-month,1,20.05
0178-CIIKR,0.18,Low Risk,Month-to-month,3,19.95
7919-ZODZZ,0.18,Low Risk,One year,10,65.9
4860-YZGZM,0.18,Low Risk,Month-to-month,10,20.0
7239-HZZCX,0.18,Low Risk,Month-to-month,1,19.75
1591-MQJTP,0.18,Low Risk,One year,51,93.65
4701-AHWMW,0.18,Low Risk,Month-to-month,55,54.55
5315-CKEQK,0.18,Low Risk,One year,28,51.0
1710-RCXUS,0.18,Low Risk,One year,51,90.35
8150-QUDFX,0.18,Low Risk,Month-to-month,2,19.85
5049-GLYVG,0.18,Low Risk,Month-to-month,1,20.6
1852-XEMDW,0.18,Low Risk,Month-to-month,22,65.05
9700-ZCLOT,0.18,Low Risk,Month-to-month,2,20.0
4908-XAXAY,0.18,Low Risk,One year,49,89.85
6777-TGHTM,0.18,Low Risk,One year,53,106.95
2220-IAHLS,0.18,Low Risk,Month-to-month,1,19.4
5989-OMNJE,0.18,Low Risk,One year,24,57.6
6574-MCOEH,0.18,Low Risk,One year,33,79.15
5067-DGXLL,0.18,Low Risk,Month-to-month,2,20.25
1051-GEJLJ,0.18,Low Risk,Month-to-month,2,19.5
8562-GHPPI,0.18,Low Risk,Month-to-month,1,19.8
7607-QKKTJ,0.18,Low Risk,One year,45,95.0
2676-ISHSF,0.18,Low Risk,Month-to-month,1,20.3
8945-MUQUF,0.18,Low Risk,One year,51,94.8
8739-QOTTN,0.18,Low Risk,Month-to-month,2,20.35
2270-CHBFN,0.18,Low Risk,Month-to-month,44,95.1
6270-OMFIW,0.18,Low Risk,One year,60,94.4
8006-PYCSW,0.18,Low Risk,Month-to-month,2,20.1
6497-TILVL,0.18,Low Risk,Month-to-month,7,50.7
3847-BAERP,0.18,Low Risk,Month-to-month,10,20.9
3148-BLQJT,0.18,Low Risk,Month-to-month,1,20.1
0673-IGUQO,0.18,Low Risk,Month-to-month,1,20.45
2342-CKIAO,0.18,Low Risk,Month-to-month,2,20.3
8749-CLJXC,0.18,Low Risk,Month-to-month,1,20.05
5624-BQSSA,0.18,Low Risk,Month-to-month,1,20.95
6383-ZTSIW,0.18,Low Risk,One year,39,99.1
6734-CKRSM,0.18,Low Risk,Month-to-month,3,20.0
3930-ZGWVE,0.18,Low Risk,Month-to-month,1,19.75
2839-RFSQE,0.18,Low Risk,Month-to-month,2,20.65
1768-HNVGJ,0.18,Low Risk,Month-to-month,45,70.05
0048-LUMLS,0.18,Low Risk,One year,37,91.2
0851-DFJKB,0.18,Low Risk,Month-to-month,15,58.95
0366-NQSHS,0.18,Low Risk,Month-to-month,2,19.35
0877-SDMBN,0.18,Low Risk,One year,54,103.95
3675-YDUPJ,0.18,Low Risk,Month-to-month,10,19.85
3590-TCXTB,0.18,Low Risk,Month-to-month,1,20.35
4877-EVATK,0.18,Low Risk,Month-to-month,1,20.0
0188-GWFLE,0.18,Low Risk,Month-to-month,2,20.05
8785-EPNCG,0.18,Low Risk,Month-to-month,11,23.15
7188-CBBBA,0.18,Low Risk,One year,65,95.5
6579-JPICP,0.18,Low Risk,Month-to-month,1,20.4
1066-JKSGK,0.18,Low Risk,Month-to-month,1,20.15
0369-ZGOVK,0.18,Low Risk,One year,28,70.4
7140-ADSMJ,0.18,Low Risk,Month-to-month,8,20.45
3247-MHJKM,0.18,Low Risk,Month-to-month,1,20.2
1784-BXEFA,0.18,Low Risk,Month-to-month,10,20.55
7502-BNYGS,0.18,Low Risk,Month-to-month,46,69.1
3407-QGWLG,0.18,Low Risk,Month-to-month,3,20.05
7243-LCGGZ,0.18,Low Risk,Month-to-month,1,20.9
7434-SHXLS,0.18,Low Risk,Month-to-month,1,20.9
7797-EJMDP,0.18,Low Risk,Month-to-month,8,66.05
5448-VWNAM,0.18,Low Risk,Month-to-month,19,75.9
4892-VLANZ,0.18,Low Risk,Month-to-month,1,19.8
2308-STERM,0.18,Low Risk,Month-to-month,2,19.4
2576-HXMPA,0.18,Low Risk,Month-to-month,1,19.55
9770-LXDBK,0.18,Low Risk,Month-to-month,3,20.4
9101-NTIXF,0.18,Low Risk,Month-to-month,2,19.4
2542-HYGIQ,0.18,Low Risk,Month-to-month,1,19.95
4195-SMMNX,0.18,Low Risk,Month-to-month,2,20.35
0479-HMSWA,0.18,Low Risk,Two year,26,105.45
0396-HUJBP,0.18,Low Risk,Month-to-month,2,19.3
1732-FEKLD,0.18,Low Risk,One year,54,94.75
4923-ADWXJ,0.18,Low Risk,Month-to-month,25,65.8
8627-EHGIP,0.18,Low Risk,One year,44,53.95
2959-EEXWB,0.18,Low Risk,Month-to-month,45,50.9
9103-CXVOK,0.18,Low Risk,Month-to-month,1,19.75
3736-BLEPA,0.18,Low Risk,One year,28,91.25
8048-DSDFQ,0.18,Low Risk,Month-to-month,1,20.2
7036-ZZKBD,0.18,Low Risk,Month-to-month,31,66.4
8203-XJZRC,0.18,Low Risk,Month-to-month,1,20.25
7639-SUPCW,0.18,Low Risk,Month-to-month,22,48.8
0030-FNXPP,0.18,Low Risk,Month-to-month,3,19.85
3936-QQFLL,0.18,Low Risk,Month-to-month,2,19.75
2858-MOFSQ,0.18,Low Risk,One year,17,55.85
6296-DDOOR,0.18,Low Risk,One year,19,58.2
9837-FWLCH,0.18,Low Risk,Month-to-month,12,19.2
8182-PNAGI,0.18,Low Risk,Month-to-month,12,50.25
4013-GUXND,0.18,Low Risk,Month-to-month,1,20.8
3981-QSVQI,0.18,Low Risk,Month-to-month,8,19.7
2716-GFZOR,0.18,Low Risk,Month-to-month,43,86.1
7619-ODSGN,0.18,Low Risk,Month-to-month,24,54.75
1796-JANOW,0.18,Low Risk,Month-to-month,2,19.95
7108-DGVUU,0.18,Low Risk,One year,21,71.7
6380-ARCEH,0.18,Low Risk,Month-to-month,1,20.2
4786-UKSNZ,0.18,Low Risk,Month-to-month,1,20.2
2402-TAIRZ,0.18,Low Risk,One year,37,80.05
5206-HPJKM,0.18,Low Risk,Month-to-month,17,55.5
7123-WQUHX,0.18,Low Risk,One year,38,95.0
2486-WYVVE,0.18,Low Risk,One year,31,79.3
5919-VCZYM,0.18,Low Risk,Month-to-month,2,20.05
2408-TZMJL,0.18,Low Risk,One year,59,110.15
0816-TSPHQ,0.18,Low Risk,Month-to-month,2,20.75
8091-TTVAX,0.18,Low Risk,One year,58,100.35
0130-SXOUN,0.18,Low Risk,Month-to-month,66,89.4
3638-DIMPH,0.18,Low Risk,One year,13,43.8
0137-UDEUO,0.18,Low Risk,Month-to-month,3,19.85
1518-OMDIK,0.18,Low Risk,Month-to-month,33,44.55
9122-UMROB,0.18,Low Risk,Month-to-month,1,20.3
7096-UCLNH,0.18,Low Risk,Month-to-month,1,20.05
1867-TJHTS,0.18,Low Risk,Month-to-month,58,79.8
3976-NLDEZ,0.18,Low Risk,Month-to-month,1,20.6
6738-ISCBM,0.18,Low Risk,One year,44,54.0
9705-IOVQQ,0.18,Low Risk,One year,61,99.0
4745-LSPLO,0.18,Low Risk,Month-to-month,1,20.5
3703-TTEPD,0.18,Low Risk,Month-to-month,21,65.35
8735-DCXNF,0.18,Low Risk,Month-to-month,10,54.95
4869-EPIUS,0.18,Low Risk,One year,56,80.9
2668-TZSPS,0.18,Low Risk,Month-to-month,1,20.45
7698-YFGEZ,0.18,Low Risk,Month-to-month,1,20.0
1385-TQOZW,0.18,Low Risk,Month-to-month,9,20.45
9835-ZIITK,0.18,Low Risk,One year,66,110.85
7853-GVUDZ,0.18,Low Risk,Month-to-month,1,20.15
2111-DWYHN,0.18,Low Risk,Month-to-month,1,21.1
0426-TIRNE,0.18,Low Risk,Month-to-month,1,20.9
3635-JBPSG,0.18,Low Risk,Two year,15,38.8
7016-NVRIC,0.18,Low Risk,One year,29,90.1
6286-SUUWT,0.18,Low Risk,Month-to-month,1,19.95
0621-HJWXJ,0.18,Low Risk,Month-to-month,63,81.55
4211-MMAZN,0.18,Low Risk,Month-to-month,1,20.25
9512-PHSMG,0.18,Low Risk,Month-to-month,10,20.55
0883-EIBTI,0.18,Low Risk,Month-to-month,2,19.5
1934-SJVJK,0.18,Low Risk,Month-to-month,1,20.15
7266-GSSJX,0.18,Low Risk,Month-to-month,11,20.45
9367-OIUXP,0.17,Low Risk,Month-to-month,4,20.7
8904-OPDCK,0.17,Low Risk,Month-to-month,54,24.95
9708-KFDBY,0.17,Low Risk,Month-to-month,1,20.55
7706-DZNKK,0.17,Low Risk,Month-to-month,11,20.45
8250-ZNGGW,0.17,Low Risk,Month-to-month,5,59.9
3870-MQAMG,0.17,Low Risk,One year,54,110.35
7989-AWGEH,0.17,Low Risk,Month-to-month,49,39.2
7310-EGVHZ,0.17,Low Risk,Month-to-month,1,20.2
5827-MWCZK,0.17,Low Risk,Month-to-month,56,96.95
5730-RIITO,0.17,Low Risk,Month-to-month,43,33.45
1585-MQSSU,0.17,Low Risk,Month-to-month,17,51.5
2237-ZFSMY,0.17,Low Risk,One year,39,95.55
4190-MFLUW,0.17,Low Risk,Month-to-month,10,55.2
9831-BPFRI,0.17,Low Risk,One year,39,89.55
4079-VTGLK,0.17,Low Risk,Two year,30,74.85
8410-BGQXN,0.17,Low Risk,Month-to-month,4,19.4
9350-VLHMB,0.17,Low Risk,Month-to-month,67,89.55
6394-HHHZM,0.17,Low Risk,Month-to-month,3,20.7
3313-QKNKB,0.17,Low Risk,One year,59,85.55
6806-YDEUL,0.17,Low Risk,Month-to-month,6,19.5
5702-SKUOB,0.17,Low Risk,Month-to-month,4,19.6
8731-WBBMB,0.17,Low Risk,Month-to-month,26,81.9
4785-NKHCX,0.17,Low Risk,Month-to-month,5,20.05
9481-IEBZY,0.17,Low Risk,Month-to-month,72,112.9
7382-DFJTU,0.17,Low Risk,Month-to-month,18,55.2
3570-YUEKJ,0.17,Low Risk,Month-to-month,42,49.55
4365-MSDYN,0.17,Low Risk,Month-to-month,8,19.55
8439-LTUGF,0.17,Low Risk,Month-to-month,10,20.0
4397-FRLTA,0.17,Low Risk,Month-to-month,4,20.15
6421-SZVEM,0.17,Low Risk,One year,28,82.85
2621-UDNLU,0.17,Low Risk,Month-to-month,3,20.85
4495-LHSSK,0.17,Low Risk,Month-to-month,18,57.65
4083-BFNYK,0.17,Low Risk,One year,38,95.0
0723-VSOBE,0.17,Low Risk,One year,45,34.2
3090-QFUVD,0.17,Low Risk,Month-to-month,1,20.3
0549-CYCQN,0.17,Low Risk,One year,51,79.6
5222-JCXZT,0.17,Low Risk,Month-to-month,4,19.0
1194-SPVSP,0.17,Low Risk,Month-to-month,1,19.65
1222-LRYKO,0.17,Low Risk,Month-to-month,6,26.35
1336-EZFZY,0.17,Low Risk,Month-to-month,4,20.05
3717-OFRTN,0.17,Low Risk,Month-to-month,1,19.75
9565-JSNFM,0.17,Low Risk,One year,38,70.45
8976-OQHGT,0.17,Low Risk,Month-to-month,4,56.5
5287-QWLKY,0.17,Low Risk,Month-to-month,71,105.1
3221-CJMSG,0.17,Low Risk,Month-to-month,24,51.1
5766-XQXMQ,0.17,Low Risk,Month-to-month,29,68.85
2700-LUEVA,0.17,Low Risk,Month-to-month,1,20.75
5562-YJQGT,0.17,Low Risk,Month-to-month,2,20.35
3470-BTGQO,0.17,Low Risk,Month-to-month,21,45.65
1169-SAOCL,0.17,Low Risk,One year,49,106.65
8080-POTJR,0.17,Low Risk,One year,30,79.3
9391-DXGGG,0.17,Low Risk,One year,44,89.15
8952-WCVCD,0.17,Low Risk,One year,41,104.45
4316-XCSLJ,0.17,Low Risk,Month-to-month,17,50.3
9097-ZUBYC,0.17,Low Risk,Month-to-month,14,48.8
7694-VLBWQ,0.17,Low Risk,One year,67,104.1
4402-FTBXC,0.17,Low Risk,Month-to-month,54,89.8
4781-ZXYGU,0.17,Low Risk,Month-to-month,1,20.15
5298-GSTLM,0.17,Low Risk,One year,60,101.4
2599-CZABP,0.17,Low Risk,One year,14,44.6
2758-RNWXS,0.17,Low Risk,One year,35,89.2
2750-BJLSB,0.17,Low Risk,One year,47,103.7
6728-VOIFY,0.17,Low Risk,One year,63,96.0
0870-VEMYL,0.17,Low Risk,Month-to-month,5,53.85
3977-QCRSL,0.17,Low Risk,Month-to-month,5,20.15
3363-EWLGO,0.17,Low Risk,Month-to-month,5,19.95
9139-WQQDY,0.17,Low Risk,One year,49,100.45
5198-HQAEN,0.17,Low Risk,One year,35,89.7
6728-CZFEI,0.17,Low Risk,One year,15,56.15
6231-WFGFH,0.17,Low Risk,Month-to-month,4,20.5
2654-VBVPB,0.17,Low Risk,Month-to-month,1,19.9
5174-ITUMV,0.17,Low Risk,One year,67,105.4
3256-EZDBI,0.17,Low Risk,Month-to-month,51,29.45
8044-BGWPI,0.17,Low Risk,Month-to-month,12,21.15
1349-WXNGG,0.17,Low Risk,Month-to-month,1,20.05
0939-EREMR,0.17,Low Risk,Month-to-month,13,53.45
9426-SXNHE,0.17,Low Risk,Month-to-month,2,18.75
4558-CGYCZ,0.17,Low Risk,Month-to-month,4,19.75
1641-BYBTK,0.17,Low Risk,Month-to-month,6,20.2
9079-LWTFD,0.17,Low Risk,Month-to-month,47,100.75
4350-ZTLPI,0.17,Low Risk,One year,53,108.95
7234-KMNRQ,0.17,Low Risk,Month-to-month,4,19.0
1629-DQQVB,0.17,Low Risk,Month-to-month,14,50.1
2908-ZTPNF,0.17,Low Risk,Month-to-month,36,34.85
2925-MXLSX,0.17,Low Risk,One year,30,68.95
4377-VDHYI,0.17,Low Risk,One year,32,90.8
3807-BPOMJ,0.17,Low Risk,One year,55,94.75
1142-IHLOO,0.17,Low Risk,One year,51,87.55
7134-MJPDY,0.17,Low Risk,One year,66,102.85
7722-CVFXN,0.17,Low Risk,One year,54,105.2
5639-NTUPK,0.17,Low Risk,Month-to-month,13,52.1
4237-CLSMM,0.17,Low Risk,Month-to-month,2,20.0
8421-WZOOW,0.17,Low Risk,Month-to-month,57,95.3
5687-DKDTV,0.17,Low Risk,Month-to-month,4,20.35
6377-KSLXC,0.17,Low Risk,Month-to-month,5,19.95
0156-FVPTA,0.17,Low Risk,Month-to-month,22,54.2
1170-SASML,0.17,Low Risk,Month-to-month,69,85.4
7361-YPXFS,0.17,Low Risk,Month-to-month,28,64.45
7926-IJOOU,0.17,Low Risk,Month-to-month,1,19.3
6131-JLWZM,0.17,Low Risk,Month-to-month,13,20.3
6776-TLWOI,0.17,Low Risk,Month-to-month,3,19.85
6303-KFWSL,0.17,Low Risk,One year,29,55.25
3528-HFRIQ,0.17,Low Risk,Month-to-month,71,52.3
9972-VAFJJ,0.17,Low Risk,One year,53,94.0
5897-ZYEKH,0.17,Low Risk,One year,67,105.6
6112-KTHFQ,0.17,Low Risk,Month-to-month,13,19.3
4544-RXFMG,0.17,Low Risk,One year,8,43.45
2320-YKQBO,0.16,Low Risk,Month-to-month,7,19.3
3948-XHGNA,0.16,Low Risk,Month-to-month,24,49.55
3170-GWYKC,0.16,Low Risk,Month-to-month,60,104.95
2284-VFLKH,0.16,Low Risk,One year,49,99.25
7356-AYNJP,0.16,Low Risk,One year,4,23.9
5590-ZSKRV,0.16,Low Risk,Month-to-month,8,54.65
1376-HHBDV,0.16,Low Risk,Month-to-month,30,48.8
5850-BDWCY,0.16,Low Risk,Month-to-month,6,20.2
3982-DQLUS,0.16,Low Risk,Month-to-month,65,85.75
2439-QKJUL,0.16,Low Risk,Month-to-month,5,20.25
6505-OZNPG,0.16,Low Risk,Two year,6,63.4
2303-PJYHN,0.16,Low Risk,Month-to-month,2,19.85
9364-YKUVW,0.16,Low Risk,Month-to-month,15,19.8
3530-CRZSB,0.16,Low Risk,Month-to-month,7,20.65
5811-IWXYM,0.16,Low Risk,One year,52,101.25
1116-DXXDF,0.16,Low Risk,Two year,39,100.45
3190-XFANI,0.16,Low Risk,One year,49,100.6
5067-XJQFU,0.16,Low Risk,One year,66,108.45
4422-QVIJA,0.16,Low Risk,Month-to-month,35,50.15
5478-JJVZK,0.16,Low Risk,Month-to-month,33,60.9
8314-DPQHL,0.16,Low Risk,One year,9,50.8
9618-LFJRU,0.16,Low Risk,Month-to-month,4,20.45
2212-LYASK,0.16,Low Risk,One year,27,45.85
6211-WHMYA,0.16,Low Risk,Month-to-month,64,43.85
9762-YAQAA,0.16,Low Risk,One year,39,81.4
8715-KKTFG,0.16,Low Risk,One year,61,103.3
6621-YOBKI,0.16,Low Risk,Month-to-month,5,20.35
5151-HQRDG,0.16,Low Risk,Month-to-month,37,55.05
0447-BEMNG,0.16,Low Risk,Month-to-month,48,45.3
8999-XXGNS,0.16,Low Risk,One year,72,105.75
2252-JHJGE,0.16,Low Risk,One year,61,104.0
9058-HRZSV,0.16,Low Risk,Month-to-month,65,94.4
7409-JURKQ,0.16,Low Risk,One year,53,111.8
8319-QBEHW,0.16,Low Risk,One year,26,39.95
4374-YMUSQ,0.16,Low Risk,One year,34,116.25
7663-ZTEGJ,0.16,Low Risk,One year,29,100.55
2896-TBNBE,0.16,Low Risk,One year,40,80.8
8671-KKKOS,0.16,Low Risk,Month-to-month,46,45.55
0278-YXOOG,0.16,Low Risk,Month-to-month,5,21.05
6490-FGZAT,0.16,Low Risk,Month-to-month,6,20.65
1337-BOZWO,0.16,Low Risk,One year,18,46.4
4710-FDUIZ,0.16,Low Risk,One year,56,100.3
4277-UDIEF,0.16,Low Risk,Month-to-month,24,81.0
9909-DFRJA,0.16,Low Risk,One year,26,95.85
2928-HLDBA,0.16,Low Risk,Month-to-month,6,20.7
1735-XMJVH,0.16,Low Risk,Month-to-month,8,19.35
4198-VFOEA,0.16,Low Risk,One year,12,33.6
1925-GMVBW,0.16,Low Risk,Month-to-month,5,20.55
3339-EAQNV,0.16,Low Risk,One year,72,97.25
0655-YDGFJ,0.16,Low Risk,Month-to-month,29,48.95
1448-CYWKC,0.16,Low Risk,One year,58,105.2
4913-EHYUI,0.16,Low Risk,One year,56,104.55
4903-UYAVB,0.16,Low Risk,Month-to-month,5,19.35
2040-OBMLJ,0.16,Low Risk,One year,31,81.7
6705-LNMDD,0.16,Low Risk,Month-to-month,20,50.0
5202-IVJNU,0.16,Low Risk,Month-to-month,39,30.1
4895-TMWIR,0.16,Low Risk,Month-to-month,11,19.95
6979-TNDEU,0.16,Low Risk,Month-to-month,8,19.2
6728-WYQBC,0.16,Low Risk,Month-to-month,1,20.95
0292-WEGCH,0.16,Low Risk,Month-to-month,54,86.2
4789-KWMXN,0.16,Low Risk,One year,47,110.85
4472-VESGY,0.16,Low Risk,Month-to-month,52,98.15
3468-DRVQJ,0.16,Low Risk,One year,10,70.3
8961-QDZZJ,0.16,Low Risk,One year,57,95.0
6972-SNKKW,0.16,Low Risk,Month-to-month,6,20.0
3927-NLNRY,0.16,Low Risk,One year,53,94.25
9571-EDEBV,0.16,Low Risk,One year,71,98.65
9040-KZVWO,0.16,Low Risk,One year,26,75.5
1140-UKVZG,0.16,Low Risk,Month-to-month,17,24.8
2332-EFBJY,0.16,Low Risk,Month-to-month,16,19.7
6671-NGWON,0.16,Low Risk,Month-to-month,7,20.35
9821-BESNZ,0.16,Low Risk,One year,66,104.25
4140-WJAWW,0.16,Low Risk,Month-to-month,5,19.85
7299-GNVPL,0.16,Low Risk,Month-to-month,23,84.4
7874-ECPQJ,0.16,Low Risk,Month-to-month,4,20.05
0639-TSIQW,0.16,Low Risk,Month-to-month,67,102.95
5688-KZTSN,0.16,Low Risk,Month-to-month,15,20.0
1383-EZRWL,0.16,Low Risk,Month-to-month,7,20.05
0373-AIVNJ,0.16,Low Risk,One year,9,39.55
9092-GDZKO,0.16,Low Risk,Month-to-month,22,24.85
7017-VFULY,0.16,Low Risk,Month-to-month,2,20.1
7964-YESJC,0.16,Low Risk,Month-to-month,24,66.3
6425-YQLLO,0.16,Low Risk,One year,66,105.95
0114-RSRRW,0.16,Low Risk,Month-to-month,10,19.95
6617-WLBQC,0.16,Low Risk,One year,23,81.85
7968-QUXNS,0.16,Low Risk,Month-to-month,6,18.95
5268-DSMNQ,0.16,Low Risk,One year,62,97.95
4194-WHFCB,0.16,Low Risk,Month-to-month,59,96.65
5708-EVONK,0.16,Low Risk,Month-to-month,58,93.4
4710-NKCAW,0.15,Low Risk,Month-to-month,5,64.4
0330-BGYZE,0.15,Low Risk,One year,60,102.5
4946-EDSEW,0.15,Low Risk,Month-to-month,11,19.25
5832-EXGTT,0.15,Low Risk,Month-to-month,29,60.2
0103-CSITQ,0.15,Low Risk,One year,57,109.4
6322-PJJDJ,0.15,Low Risk,Two year,49,94.8
0516-QREYC,0.15,Low Risk,Month-to-month,24,20.3
4800-CZMPC,0.15,Low Risk,One year,48,103.25
3126-WQMGH,0.15,Low Risk,Month-to-month,49,52.15
0810-BDHAW,0.15,Low Risk,One year,24,78.4
0750-EKNGL,0.15,Low Risk,Month-to-month,7,20.75
3523-QRQLL,0.15,Low Risk,One year,22,69.5
6092-QZVPP,0.15,Low Risk,Month-to-month,36,79.2
7740-KKCXF,0.15,Low Risk,Month-to-month,51,30.05
3948-FVVRP,0.15,Low Risk,Month-to-month,9,54.8
5206-XZZQI,0.15,Low Risk,Month-to-month,53,80.6
6050-IJRHS,0.15,Low Risk,One year,70,106.5
3803-KMQFW,0.15,Low Risk,Month-to-month,1,20.55
7105-MXJLL,0.15,Low Risk,One year,26,60.7
4753-PADAS,0.15,Low Risk,One year,67,105.7
0961-ZWLVI,0.15,Low Risk,One year,49,109.2
1984-FCOWB,0.15,Low Risk,One year,70,109.5
4023-RTIQM,0.15,Low Risk,One year,31,50.4
4450-MDZFX,0.15,Low Risk,Month-to-month,60,74.35
3285-UCQVC,0.15,Low Risk,Month-to-month,37,28.6
9470-RTWDV,0.15,Low Risk,One year,26,82.0
8920-NAVAY,0.15,Low Risk,One year,62,110.75
9970-QBCDA,0.15,Low Risk,Month-to-month,6,19.7
5345-BMKWB,0.15,Low Risk,Month-to-month,8,20.25
2452-SNHFZ,0.15,Low Risk,Month-to-month,47,75.45
0678-RLHVP,0.15,Low Risk,Two year,53,105.55
4568-TTZRT,0.15,Low Risk,Month-to-month,9,20.4
2023-VQFDL,0.15,Low Risk,Month-to-month,18,19.0
4189-NAKJS,0.15,Low Risk,One year,26,51.55
0595-ITUDF,0.15,Low Risk,Month-to-month,64,91.8
3763-GCZHZ,0.15,Low Risk,One year,66,104.05
9402-CXWPL,0.15,Low Risk,One year,70,98.9
4926-UMJZD,0.15,Low Risk,Month-to-month,31,49.2
2159-TURXX,0.15,Low Risk,Month-to-month,5,20.05
3645-DEYGF,0.15,Low Risk,Month-to-month,1,20.75
9839-ETQOE,0.15,Low Risk,Month-to-month,43,40.45
5515-IDEJJ,0.15,Low Risk,Month-to-month,1,19.9
9962-BFPDU,0.15,Low Risk,Month-to-month,1,20.05
2812-SFXMJ,0.15,Low Risk,Month-to-month,1,20.05
4676-MQUEA,0.15,Low Risk,One year,50,101.9
3675-EQOZA,0.15,Low Risk,Month-to-month,5,20.65
5863-OOKCL,0.15,Low Risk,Month-to-month,10,18.85
1409-PHXTF,0.15,Low Risk,Two year,54,110.45
5510-BOIUJ,0.15,Low Risk,Month-to-month,1,19.25
5150-LJNSR,0.15,Low Risk,One year,31,98.05
8929-KSWIH,0.15,Low Risk,Two year,25,99.3
0310-VQXAM,0.15,Low Risk,Month-to-month,9,19.85
4083-EUGRJ,0.15,Low Risk,Month-to-month,9,20.25
6849-WLEYG,0.15,Low Risk,Month-to-month,1,19.75
0927-CNGRH,0.15,Low Risk,Month-to-month,1,19.55
5555-RNPGT,0.15,Low Risk,Month-to-month,10,24.8
6797-UCJHZ,0.15,Low Risk,One year,66,104.6
8944-AILEF,0.15,Low Risk,Month-to-month,15,19.45
1991-VOPLL,0.15,Low Risk,Month-to-month,9,19.05
2242-MFOTG,0.15,Low Risk,One year,33,80.1
9986-BONCE,0.15,Low Risk,Month-to-month,4,20.95
5640-CAXOA,0.15,Low Risk,One year,30,40.35
8563-IIOXK,0.15,Low Risk,One year,7,49.75
3373-YZZYM,0.15,Low Risk,Month-to-month,1,19.2
4760-XOHVN,0.15,Low Risk,Month-to-month,1,19.45
6723-WSNTY,0.15,Low Risk,One year,66,108.1
4580-TMHJU,0.15,Low Risk,Month-to-month,43,56.15
1925-LFCZZ,0.15,Low Risk,One year,55,50.05
5074-FBGHB,0.15,Low Risk,One year,64,104.65
0699-NDKJM,0.15,Low Risk,Month-to-month,57,58.75
5343-SGUBI,0.15,Low Risk,One year,52,80.2
7808-DVWEP,0.15,Low Risk,Month-to-month,3,20.0
3316-UWXUY,0.15,Low Risk,Month-to-month,50,93.5
3011-WQKSZ,0.15,Low Risk,Month-to-month,19,20.0
6278-FEPBZ,0.15,Low Risk,Month-to-month,9,20.25
5312-IRCFR,0.15,Low Risk,One year,64,92.85
1625-JAIIY,0.15,Low Risk,One year,68,83.0
4291-HPAXL,0.15,Low Risk,Month-to-month,1,19.85
2851-MMUTZ,0.15,Low Risk,Month-to-month,27,56.15
0128-MKWSG,0.15,Low Risk,Month-to-month,26,45.8
4489-SNOJF,0.15,Low Risk,Month-to-month,35,72.25
4163-KIUHY,0.15,Low Risk,Month-to-month,35,25.6
2359-QWQUL,0.15,Low Risk,One year,39,104.7
0142-GVYSN,0.15,Low Risk,Month-to-month,26,20.3
4830-FAXFM,0.15,Low Risk,Month-to-month,19,24.1
5876-HZVZM,0.15,Low Risk,Month-to-month,6,55.9
8474-UMLNT,0.15,Low Risk,Month-to-month,13,67.8
1237-WIYYZ,0.15,Low Risk,Month-to-month,18,19.55
3275-RHRNE,0.15,Low Risk,One year,28,60.0
6563-VNPMN,0.15,Low Risk,Month-to-month,45,85.7
8053-WWDRO,0.15,Low Risk,Month-to-month,6,19.5
0484-FFVBJ,0.15,Low Risk,One year,32,64.85
5473-KHBPS,0.15,Low Risk,One year,52,95.7
3156-QLHBO,0.15,Low Risk,Month-to-month,2,19.25
0098-BOWSO,0.15,Low Risk,Month-to-month,27,19.4
7868-BGSZA,0.15,Low Risk,One year,43,80.2
4700-UBQMV,0.15,Low Risk,One year,21,75.9
0247-SLUJI,0.15,Low Risk,Month-to-month,1,19.7
4332-MUOEZ,0.15,Low Risk,One year,20,94.3
6981-TDRFT,0.15,Low Risk,One year,44,54.3
9633-DENPU,0.14,Low Risk,Month-to-month,47,58.6
0580-PIQHM,0.14,Low Risk,One year,41,101.6
9367-TCUYN,0.14,Low Risk,Month-to-month,12,20.1
0997-YTLNY,0.14,Low Risk,Month-to-month,19,48.8
3714-XPXBW,0.14,Low Risk,Month-to-month,37,78.9
9496-IVVRP,0.14,Low Risk,Month-to-month,11,51.0
2969-WGHQO,0.14,Low Risk,One year,7,69.45
9039-RBEEE,0.14,Low Risk,Month-to-month,39,48.95
7824-PANSQ,0.14,Low Risk,Month-to-month,58,80.65
0786-IVLAW,0.14,Low Risk,One year,66,108.1
0696-UKTOX,0.14,Low Risk,Month-to-month,23,54.15
1502-XFCVR,0.14,Low Risk,One year,58,106.45
9644-KVCNC,0.14,Low Risk,One year,66,92.15
9932-WBWIK,0.14,Low Risk,Month-to-month,11,20.35
1539-LNKHM,0.14,Low Risk,Month-to-month,12,20.4
9115-YQHGA,0.14,Low Risk,Month-to-month,40,51.1
6873-UDNLD,0.14,Low Risk,Month-to-month,40,67.45
1755-RMCXH,0.14,Low Risk,Month-to-month,2,20.3
6368-NWMCE,0.14,Low Risk,Month-to-month,38,68.15
3633-CDBUW,0.14,Low Risk,One year,17,80.85
7845-URHJN,0.14,Low Risk,Month-to-month,8,20.15
9974-JFBHQ,0.14,Low Risk,Month-to-month,64,99.15
9495-REDIY,0.14,Low Risk,One year,25,40.65
7787-BNTZM,0.14,Low Risk,Month-to-month,6,20.15
5140-FOMCQ,0.14,Low Risk,One year,59,109.15
5756-JYOJT,0.14,Low Risk,One year,11,64.9
0409-WTMPL,0.14,Low Risk,One year,58,110.65
6097-EQISJ,0.14,Low Risk,One year,66,102.45
6732-FZUGP,0.14,Low Risk,One year,47,94.9
5025-GOOKI,0.14,Low Risk,Month-to-month,20,18.9
1309-XGFSN,0.14,Low Risk,One year,52,80.85
1563-IWQEX,0.14,Low Risk,Month-to-month,12,19.7
7136-RVDTZ,0.14,Low Risk,One year,70,45.25
5481-NTDOH,0.14,Low Risk,One year,67,107.05
7721-JXEAW,0.14,Low Risk,Month-to-month,59,41.05
9978-HYCIN,0.14,Low Risk,One year,47,84.95
3750-RNQKR,0.14,Low Risk,Month-to-month,12,19.45
9013-AQORL,0.14,Low Risk,Month-to-month,48,45.55
3428-MMGUB,0.14,Low Risk,Two year,60,89.55
7785-RDVIG,0.14,Low Risk,Month-to-month,3,19.3
2586-CWXVV,0.14,Low Risk,Month-to-month,54,30.4
7013-PSXHK,0.14,Low Risk,One year,40,80.75
7740-BTPUX,0.14,Low Risk,Two year,55,113.6
0031-PVLZI,0.14,Low Risk,Month-to-month,4,20.35
1465-WCZVT,0.14,Low Risk,Month-to-month,3,19.65
4184-VODJZ,0.14,Low Risk,One year,63,91.35
9844-FELAJ,0.14,Low Risk,One year,70,107.9
4726-DLWQN,0.14,Low Risk,Month-to-month,50,70.35
5353-WILCI,0.14,Low Risk,Month-to-month,28,56.05
7789-CRUVC,0.14,Low Risk,Month-to-month,61,94.2
1984-GPTEH,0.14,Low Risk,Month-to-month,29,25.15
1921-KYSAY,0.14,Low Risk,One year,41,68.6
4644-PIZRT,0.14,Low Risk,One year,17,70.35
6838-HVLXG,0.14,Low Risk,Month-to-month,12,20.3
9786-IJYDL,0.14,Low Risk,Two year,35,113.2
3896-RCYYE,0.14,Low Risk,Month-to-month,67,53.4
4075-JFPGR,0.14,Low Risk,One year,51,93.5
6214-EDAKZ,0.14,Low Risk,Month-to-month,22,55.15
2272-JKMSI,0.14,Low Risk,One year,62,110.8
5616-PRTNT,0.14,Low Risk,Month-to-month,20,19.4
1208-DNHLN,0.14,Low Risk,One year,23,48.35
0620-XEFWH,0.14,Low Risk,Month-to-month,4,18.85
2371-JUNGC,0.14,Low Risk,Month-to-month,11,20.25
9504-DSHWM,0.14,Low Risk,Month-to-month,20,59.2
3863-IUBJR,0.14,Low Risk,One year,12,53.65
2410-CIYFZ,0.14,Low Risk,Month-to-month,2,20.4
7521-YXVZY,0.14,Low Risk,Month-to-month,3,19.95
3893-JRNFS,0.14,Low Risk,Month-to-month,68,39.9
7516-GMHUV,0.14,Low Risk,Two year,50,105.05
5197-PYEPU,0.14,Low Risk,One year,42,94.45
2294-DMMUS,0.14,Low Risk,Month-to-month,62,70.45
5995-OIGLP,0.14,Low Risk,Month-to-month,12,56.65
8224-IVVPA,0.14,Low Risk,Month-to-month,27,56.7
3886-CERTZ,0.14,Low Risk,One year,72,109.25
9036-CSKBW,0.14,Low Risk,One year,51,107.45
9554-DFKIC,0.14,Low Risk,Month-to-month,30,54.45
1543-LLLFT,0.14,Low Risk,One year,61,98.3
8496-DMZUK,0.14,Low Risk,One year,30,90.4
3865-ZYKAD,0.14,Low Risk,Month-to-month,69,84.9
1009-IRMNA,0.14,Low Risk,Month-to-month,7,20.0
0787-LHDYT,0.14,Low Risk,Month-to-month,16,20.6
1447-PJGGA,0.14,Low Risk,Two year,57,95.25
3272-VUHPV,0.14,Low Risk,Month-to-month,8,56.3
3391-JSQEW,0.14,Low Risk,Month-to-month,40,50.15
8851-RAGOV,0.14,Low Risk,Month-to-month,25,71.05
5396-IZEPB,0.14,Low Risk,Month-to-month,9,19.7
6906-MPARY,0.14,Low Risk,One year,40,89.6
6583-SZVGP,0.14,Low Risk,Two year,48,108.1
4797-MIWUM,0.14,Low Risk,Month-to-month,7,20.25
3623-FQBOX,0.14,Low Risk,Month-to-month,21,19.95
9609-BENEA,0.14,Low Risk,One year,35,69.0
7727-SHVZV,0.14,Low Risk,Month-to-month,9,19.5
9101-BWFSS,0.14,Low Risk,One year,50,108.55
2233-TXSIU,0.14,Low Risk,One year,17,44.45
7094-MSZAO,0.14,Low Risk,Month-to-month,10,20.05
9546-KDTRB,0.14,Low Risk,Month-to-month,19,24.7
7764-BDPEE,0.14,Low Risk,Month-to-month,3,20.85
9146-JRIOX,0.14,Low Risk,Month-to-month,14,25.55
9659-ZTWSM,0.14,Low Risk,One year,66,107.35
8847-GEOOQ,0.14,Low Risk,Month-to-month,60,60.2
6778-EICRF,0.13,Low Risk,One year,24,74.8
8591-NXRCV,0.13,Low Risk,Month-to-month,41,74.65
3724-UCSHY,0.13,Low Risk,Month-to-month,6,19.55
5081-NWSUP,0.13,Low Risk,One year,10,64.9
7605-SNLQG,0.13,Low Risk,Month-to-month,45,50.25
7777-UNYHB,0.13,Low Risk,Month-to-month,12,20.1
5469-CTCWN,0.13,Low Risk,One year,61,106.0
2428-ZMCTB,0.13,Low Risk,Month-to-month,10,19.75
2001-MCUUW,0.13,Low Risk,Two year,46,108.65
4770-QAZXN,0.13,Low Risk,Month-to-month,13,19.45
7674-YTAFD,0.13,Low Risk,One year,33,79.95
3077-RSNTJ,0.13,Low Risk,Month-to-month,6,19.7
5240-CAOYT,0.13,Low Risk,Month-to-month,57,87.55
5176-LDKUH,0.13,Low Risk,One year,48,75.15
2748-MYRVK,0.13,Low Risk,One year,63,99.9
1389-WNUIB,0.13,Low Risk,One year,20,76.0
9494-BDNNC,0.13,Low Risk,One year,66,95.3
1322-AGOQM,0.13,Low Risk,Month-to-month,46,30.3
8318-LCNBW,0.13,Low Risk,One year,35,53.15
8017-UVSZU,0.13,Low Risk,Month-to-month,40,56.6
6040-CGACY,0.13,Low Risk,Month-to-month,15,19.6
5569-IDSEY,0.13,Low Risk,One year,71,105.7
1257-SXUXQ,0.13,Low Risk,Month-to-month,5,19.45
7812-FZHPE,0.13,Low Risk,Month-to-month,17,24.1
3752-CQSJI,0.13,Low Risk,Month-to-month,13,20.45
2791-SFVEW,0.13,Low Risk,Month-to-month,9,20.15
6769-DCQLI,0.13,Low Risk,One year,52,105.0
0621-JFHOL,0.13,Low Risk,Two year,10,29.6
0442-ZXKVS,0.13,Low Risk,One year,54,115.6
4719-UMSIY,0.13,Low Risk,Month-to-month,6,19.65
2717-HVIZY,0.13,Low Risk,Month-to-month,8,20.05
3450-WXOAT,0.13,Low Risk,Month-to-month,46,45.2
0594-UFTUL,0.13,Low Risk,Month-to-month,13,19.85
3506-LCJDC,0.13,Low Risk,Month-to-month,1,19.95
5149-CUZUJ,0.13,Low Risk,One year,28,92.9
0345-XMMUG,0.13,Low Risk,Two year,46,108.9
6302-JGYRJ,0.13,Low Risk,One year,31,79.45
2801-NISEI,0.13,Low Risk,Month-to-month,24,54.95
0002-ORFBO,0.13,Low Risk,One year,9,65.6
0206-TBWLC,0.13,Low Risk,One year,54,114.65
5619-PTMIK,0.13,Low Risk,Month-to-month,46,53.1
9294-TDIPC,0.13,Low Risk,Month-to-month,5,20.2
5985-TBABQ,0.13,Low Risk,One year,32,74.75
9798-DRYDS,0.13,Low Risk,One year,17,61.95
1345-GKDZZ,0.13,Low Risk,Month-to-month,6,19.55
9256-JTBNZ,0.13,Low Risk,Month-to-month,11,20.3
8457-XIGKN,0.13,Low Risk,Month-to-month,20,19.6
1163-ONYEY,0.13,Low Risk,Month-to-month,41,74.55
1304-SEGFY,0.13,Low Risk,Two year,72,97.85
1202-KKGFU,0.13,Low Risk,Month-to-month,12,54.2
6227-FBDXH,0.13,Low Risk,One year,69,99.5
6784-XYJAE,0.13,Low Risk,One year,36,55.8
7623-HKYRK,0.13,Low Risk,Month-to-month,6,19.7
7544-ZVIKX,0.13,Low Risk,One year,58,105.05
0233-FTHAV,0.13,Low Risk,One year,60,79.2
1545-ACTAS,0.13,Low Risk,One year,48,99.7
8138-EALND,0.13,Low Risk,Month-to-month,15,19.75
8433-WPJTV,0.13,Low Risk,One year,65,103.9
3039-MJSLN,0.13,Low Risk,Month-to-month,3,20.2
4182-BGSIQ,0.13,Low Risk,Month-to-month,10,19.8
9929-PLVPA,0.13,Low Risk,Month-to-month,4,20.4
3086-RUCRN,0.13,Low Risk,Month-to-month,66,103.1
6035-RIIOM,0.13,Low Risk,Two year,54,97.2
0257-KXZGU,0.13,Low Risk,Month-to-month,32,62.45
4353-HYOJD,0.13,Low Risk,Month-to-month,27,49.85
8963-MQVYN,0.13,Low Risk,Month-to-month,22,20.55
1950-KSVVJ,0.13,Low Risk,One year,45,113.3
1135-HIORI,0.13,Low Risk,One year,64,111.45
5945-AZYHT,0.13,Low Risk,One year,71,109.6
5837-LXSDN,0.13,Low Risk,One year,21,58.85
0380-ZCSBI,0.13,Low Risk,Month-to-month,10,20.0
8216-AZUUZ,0.13,Low Risk,Two year,42,100.4
7531-GQHME,0.13,Low Risk,Month-to-month,12,20.05
2882-DDZPG,0.13,Low Risk,Month-to-month,12,19.45
9060-HJJRW,0.13,Low Risk,One year,51,56.4
5921-NGYRH,0.13,Low Risk,Month-to-month,64,73.55
9074-KGVOX,0.13,Low Risk,Month-to-month,50,39.45
6164-HXUGH,0.13,Low Risk,Month-to-month,6,19.85
5985-BEHZK,0.13,Low Risk,One year,72,105.0
6156-UZDLF,0.13,Low Risk,One year,26,87.15
3061-BCKYI,0.13,Low Risk,Month-to-month,14,19.9
2692-AQCPF,0.13,Low Risk,One year,65,108.05
6286-ZHAOK,0.13,Low Risk,Month-to-month,20,25.55
0076-LVEPS,0.13,Low Risk,Month-to-month,29,45.0
7219-TLZHO,0.13,Low Risk,Month-to-month,4,20.85
9867-NNXLC,0.13,Low Risk,Month-to-month,22,20.05
3318-ISQFQ,0.13,Low Risk,Month-to-month,20,19.5
1573-LGXBA,0.13,Low Risk,One year,57,97.55
5832-TRLPB,0.13,Low Risk,One year,29,75.35
0347-UBKUZ,0.13,Low Risk,Month-to-month,15,19.9
3038-PQIUY,0.13,Low Risk,Month-to-month,38,66.15
9738-QLWTP,0.13,Low Risk,One year,39,81.9
5913-INRQV,0.13,Low Risk,One year,34,90.15
8942-DBMHZ,0.13,Low Risk,Month-to-month,12,20.45
4002-BQWPQ,0.13,Low Risk,Month-to-month,25,81.75
9391-TTOYH,0.13,Low Risk,Month-to-month,23,19.5
4785-QRJHC,0.13,Low Risk,One year,46,59.9
4011-ARPHK,0.13,Low Risk,Month-to-month,27,50.35
5539-HIVAK,0.13,Low Risk,Month-to-month,28,25.7
6900-RBKER,0.13,Low Risk,Two year,52,89.45
4903-CNOZC,0.13,Low Risk,One year,29,70.9
4694-PHWFW,0.13,Low Risk,Month-to-month,8,19.95
4429-WYGFR,0.12,Low Risk,Month-to-month,26,49.15
9770-KXGQU,0.12,Low Risk,One year,53,98.6
6082-GLJIX,0.12,Low Risk,Month-to-month,18,19.25
3160-TYXLT,0.12,Low Risk,Month-to-month,53,46.3
2812-ENYMO,0.12,Low Risk,One year,26,54.55
3209-ZPKFI,0.12,Low Risk,Month-to-month,47,54.25
0396-UKGAI,0.12,Low Risk,Month-to-month,23,55.3
7954-MLBUN,0.12,Low Risk,Two year,31,99.45
5678-VFNEQ,0.12,Low Risk,One year,71,104.1
0289-IVARM,0.12,Low Risk,Month-to-month,35,60.55
4250-ZBWLV,0.12,Low Risk,One year,68,108.45
1229-RCALF,0.12,Low Risk,One year,64,115.0
8947-YRTDV,0.12,Low Risk,One year,32,94.8
9259-PACGQ,0.12,Low Risk,Month-to-month,34,62.65
5732-IKGQH,0.12,Low Risk,One year,52,104.45
0975-UYDTX,0.12,Low Risk,One year,26,90.1
5084-OOVCJ,0.12,Low Risk,Month-to-month,17,55.35
6968-MHOMU,0.12,Low Risk,One year,58,45.0
5014-WUQMG,0.12,Low Risk,One year,47,96.1
2739-CCZMB,0.12,Low Risk,Month-to-month,5,20.35
5734-EJKXG,0.12,Low Risk,One year,61,118.6
1744-JHKYS,0.12,Low Risk,Month-to-month,34,24.7
6804-GDMOI,0.12,Low Risk,Two year,61,106.6
4504-YOULA,0.12,Low Risk,Month-to-month,35,59.45
2560-PPCHE,0.12,Low Risk,One year,65,105.05
2972-YDYUW,0.12,Low Risk,One year,57,94.7
6865-JZNKO,0.12,Low Risk,Month-to-month,30,55.3
3537-RYBHH,0.12,Low Risk,Month-to-month,47,67.45
0487-RPVUM,0.12,Low Risk,Month-to-month,61,99.4
1810-BOHSY,0.12,Low Risk,One year,51,96.4
3199-NPKCN,0.12,Low Risk,One year,67,111.25
1360-XFJMR,0.12,Low Risk,One year,67,109.7
9651-GTSAQ,0.12,Low Risk,One year,53,106.1
4713-ZBURT,0.12,Low Risk,Two year,45,99.7
9518-IMLHK,0.12,Low Risk,Month-to-month,31,72.45
3128-YOVTD,0.12,Low Risk,Month-to-month,51,79.15
2001-EWBQU,0.12,Low Risk,Two year,60,104.7
8350-NYMVI,0.12,Low Risk,Month-to-month,39,41.1
6674-KVJHG,0.12,Low Risk,One year,11,25.2
1371-WEPDS,0.12,Low Risk,One year,40,55.8
9249-FXSCK,0.12,Low Risk,One year,52,111.25
7964-ZRKKG,0.12,Low Risk,One year,67,88.4
3012-VFFMN,0.12,Low Risk,Month-to-month,7,20.65
7107-UBYKY,0.12,Low Risk,Month-to-month,35,25.75
4881-GQJTW,0.12,Low Risk,Month-to-month,14,19.6
2294-SALNE,0.12,Low Risk,One year,23,86.8
3863-QSTYI,0.12,Low Risk,Month-to-month,59,64.65
9357-UJRUN,0.12,Low Risk,One year,24,58.35
8401-EMUWF,0.12,Low Risk,Month-to-month,42,69.4
8735-NBLWT,0.12,Low Risk,Month-to-month,9,20.4
3253-HKOKL,0.12,Low Risk,One year,52,100.3
6933-VLYFX,0.12,Low Risk,One year,31,59.95
4776-XSKYQ,0.12,Low Risk,One year,12,30.25
8780-RSYYU,0.12,Low Risk,Month-to-month,25,19.2
0931-MHTEM,0.12,Low Risk,One year,54,100.05
4079-ULGFR,0.12,Low Risk,Month-to-month,16,20.0
8582-KRHPJ,0.12,Low Risk,Month-to-month,50,35.0
2722-VOJQL,0.12,Low Risk,One year,64,105.65
4274-DRSQT,0.12,Low Risk,One year,66,88.9
2958-NHPPS,0.12,Low Risk,Month-to-month,23,20.85
0743-HRVFF,0.12,Low Risk,One year,51,56.15
3070-BDOQC,0.12,Low Risk,Two year,60,99.65
0750-EBAIU,0.12,Low Risk,One year,52,91.25
6469-MRVET,0.12,Low Risk,One year,1,20.2
1159-WFSGR,0.12,Low Risk,Month-to-month,16,20.4
2796-UUZZO,0.12,Low Risk,Month-to-month,63,80.3
2120-SMPEX,0.12,Low Risk,Month-to-month,25,20.15
2530-FMFXO,0.12,Low Risk,Two year,56,103.2
2202-OUTMO,0.12,Low Risk,Month-to-month,34,60.85
1179-INLAT,0.12,Low Risk,One year,3,19.45
4418-LZMSV,0.12,Low Risk,Month-to-month,13,61.8
9086-YJYXS,0.12,Low Risk,One year,34,77.2
2019-HDCZY,0.12,Low Risk,Two year,63,102.6
4732-RRJZC,0.12,Low Risk,Month-to-month,7,20.25
0815-MFZGM,0.12,Low Risk,Two year,42,99.0
0305-SQECB,0.12,Low Risk,One year,11,36.05
9139-TWBAS,0.12,Low Risk,One year,26,47.85
8204-TIFGJ,0.12,Low Risk,Month-to-month,23,20.3
6036-TTFYU,0.12,Low Risk,Month-to-month,16,19.6
7148-XZPHA,0.12,Low Risk,Month-to-month,55,79.4
1057-FOGLZ,0.12,Low Risk,Month-to-month,18,19.65
9388-ZEYVT,0.12,Low Risk,One year,43,44.15
1125-SNVCK,0.12,Low Risk,Month-to-month,49,43.8
5774-XZTQC,0.12,Low Risk,Month-to-month,7,20.45
6648-INWPS,0.12,Low Risk,Month-to-month,16,20.15
2223-KAGMX,0.12,Low Risk,Month-to-month,15,19.4
6202-JVYEU,0.12,Low Risk,One year,9,19.9
1850-AKQEP,0.12,Low Risk,Month-to-month,8,20.35
2234-XADUH,0.12,Low Risk,One year,72,103.2
4054-CUMIA,0.12,Low Risk,Month-to-month,18,20.25
1530-ZTDOZ,0.12,Low Risk,Month-to-month,49,40.65
5566-SOEZD,0.12,Low Risk,One year,27,80.65
8100-HZZLJ,0.12,Low Risk,Month-to-month,43,63.95
5996-NRVXR,0.12,Low Risk,One year,40,98.15
1346-PJWTK,0.12,Low Risk,Month-to-month,61,94.15
3181-MIZBN,0.12,Low Risk,Month-to-month,16,19.75
7184-LRUUR,0.12,Low Risk,One year,22,65.25
8910-ICHIU,0.12,Low Risk,One year,46,95.65
7228-PAQPD,0.12,Low Risk,One year,14,59.1
6840-RESVB,0.12,Low Risk,One year,24,84.8
2794-XIMMO,0.12,Low Risk,One year,53,60.45
7879-CGSFV,0.12,Low Risk,One year,55,100.9
5161-XEUVX,0.12,Low Risk,Two year,37,94.3
2659-VXMWZ,0.12,Low Risk,One year,67,111.3
1395-OFUWC,0.12,Low Risk,Month-to-month,43,29.3
4020-KIUDI,0.12,Low Risk,Month-to-month,6,19.85
6661-EIPZC,0.11,Low Risk,Month-to-month,48,29.5
0824-VWDPO,0.11,Low Risk,One year,45,96.75
8465-SBRXP,0.11,Low Risk,Two year,38,94.9
3387-PLKUI,0.11,Low Risk,Month-to-month,13,18.8
3898-BSJYF,0.11,Low Risk,One year,10,73.55
5376-PCKNB,0.11,Low Risk,One year,72,104.45
6103-LIANB,0.11,Low Risk,Two year,59,99.5
4622-YNKIJ,0.11,Low Risk,Two year,33,88.95
0080-EMYVY,0.11,Low Risk,One year,14,51.45
6794-HKIAJ,0.11,Low Risk,Month-to-month,62,90.7
9853-JFZDU,0.11,Low Risk,Month-to-month,35,56.85
3642-GKTCT,0.11,Low Risk,One year,61,115.1
4654-GGUII,0.11,Low Risk,One year,18,40.2
6341-AEVKX,0.11,Low Risk,One year,62,104.3
6749-UTDVX,0.11,Low Risk,Two year,72,103.65
1121-QSIVB,0.11,Low Risk,One year,44,77.55
8268-YDIXR,0.11,Low Risk,One year,56,93.15
4139-JPIAM,0.11,Low Risk,Month-to-month,51,44.45
2558-BUOZZ,0.11,Low Risk,One year,47,94.8
0285-INHLN,0.11,Low Risk,Month-to-month,27,54.75
0303-UNCIP,0.11,Low Risk,One year,41,65.0
3486-KHMLI,0.11,Low Risk,Month-to-month,21,24.7
4476-OSWTN,0.11,Low Risk,One year,69,110.55
2898-MRKPI,0.11,Low Risk,One year,68,101.05
7998-ZLXWN,0.11,Low Risk,Month-to-month,15,20.45
1353-GHZOS,0.11,Low Risk,One year,22,59.75
2930-UOTMB,0.11,Low Risk,Month-to-month,31,65.25
8573-CGOCC,0.11,Low Risk,Month-to-month,16,19.75
6198-PNNSZ,0.11,Low Risk,One year,56,109.8
4323-OHFOW,0.11,Low Risk,One year,70,105.55
9967-ATRFS,0.11,Low Risk,Month-to-month,19,19.9
0068-FIGTF,0.11,Low Risk,One year,27,78.2
8905-IAZPF,0.11,Low Risk,One year,69,95.65
8467-WYNSR,0.11,Low Risk,Month-to-month,22,55.1
8034-RYTVV,0.11,Low Risk,One year,55,84.25
9378-FXTIZ,0.11,Low Risk,One year,54,70.15
4801-KFYKL,0.11,Low Risk,Month-to-month,8,19.45
2243-FNMMI,0.11,Low Risk,Month-to-month,20,19.4
7641-TQFHN,0.11,Low Risk,Two year,39,100.55
9522-ZSINC,0.11,Low Risk,One year,13,19.95
4712-UYOOI,0.11,Low Risk,Month-to-month,20,20.0
6476-EPYZR,0.11,Low Risk,Month-to-month,12,20.5
4355-CVPVS,0.11,Low Risk,One year,56,88.9
1810-MVMAI,0.11,Low Risk,Month-to-month,30,67.6
8769-KKTPH,0.11,Low Risk,One year,63,99.65
2150-UWTFY,0.11,Low Risk,Month-to-month,22,61.15
6319-QSUSR,0.11,Low Risk,Month-to-month,11,19.7
5740-YHGTW,0.11,Low Risk,Month-to-month,70,97.55
1297-VQDRP,0.11,Low Risk,One year,68,107.15
7311-MQJCH,0.11,Low Risk,One year,5,19.55
7459-IMVYU,0.11,Low Risk,Month-to-month,38,69.95
3594-UVONA,0.11,Low Risk,One year,35,85.95
7080-TNUWP,0.11,Low Risk,One year,70,95.0
9592-ERDKV,0.11,Low Risk,One year,37,79.25
5285-MVEHD,0.11,Low Risk,One year,56,105.6
2577-GVSIL,0.11,Low Risk,One year,35,73.45
4403-BWPAY,0.11,Low Risk,One year,14,24.8
2696-ECXKC,0.11,Low Risk,One year,55,100.9
4623-ZKHLY,0.11,Low Risk,Month-to-month,22,20.45
9746-MDMBK,0.11,Low Risk,One year,47,113.45
8375-KVTHK,0.11,Low Risk,One year,68,100.3
8849-GYOKR,0.11,Low Risk,One year,54,106.55
5577-OTWWW,0.11,Low Risk,Month-to-month,15,19.75
6861-OKBCE,0.11,Low Risk,Month-to-month,11,20.1
8246-SHFGA,0.11,Low Risk,Month-to-month,17,21.1
1045-LTCYT,0.11,Low Risk,Month-to-month,8,21.05
3824-RHKVR,0.11,Low Risk,Month-to-month,17,19.7
4816-OKWNX,0.11,Low Risk,One year,50,103.4
8845-LWKGE,0.11,Low Risk,One year,30,64.5
2055-SIFSS,0.11,Low Risk,Month-to-month,55,51.65
4765-OXPPD,0.11,Low Risk,Month-to-month,9,65.0
7771-ZONAT,0.11,Low Risk,Two year,22,56.75
7666-WKRON,0.11,Low Risk,Two year,39,80.45
7632-MNYOY,0.11,Low Risk,One year,66,110.9
0297-RBCSG,0.11,Low Risk,One year,19,65.35
8815-LMFLX,0.11,Low Risk,Month-to-month,25,25.4
2450-ZKEED,0.11,Low Risk,One year,11,53.8
5307-UVGNB,0.11,Low Risk,Month-to-month,53,48.7
4488-PSYCG,0.11,Low Risk,Month-to-month,16,20.25
7542-CYDDM,0.11,Low Risk,Month-to-month,18,20.05
7956-XQWGU,0.11,Low Risk,Month-to-month,27,19.4
6035-BXTTY,0.11,Low Risk,Month-to-month,32,54.65
8865-TNMNX,0.11,Low Risk,One year,10,49.55
4833-QTJNO,0.11,Low Risk,Month-to-month,67,83.85
5968-XQIVE,0.11,Low Risk,One year,72,89.7
6933-FHBZC,0.11,Low Risk,One year,26,56.05
9076-AXYIK,0.11,Low Risk,Two year,64,102.1
4510-PYUSH,0.11,Low Risk,Month-to-month,38,57.15
1218-VKFPE,0.11,Low Risk,Month-to-month,12,19.0
1428-IEDPR,0.11,Low Risk,Two year,52,109.3
9107-UKCKY,0.11,Low Risk,One year,61,79.8
5966-EMAZU,0.11,Low Risk,One year,64,108.5
2466-NEJOJ,0.11,Low Risk,Month-to-month,8,19.65
4455-BFSPD,0.11,Low Risk,One year,61,101.15
7217-JYHOQ,0.11,Low Risk,Month-to-month,24,70.3
9152-AMKAK,0.11,Low Risk,Two year,6,80.25
9575-IWCAZ,0.11,Low Risk,One year,6,25.1
4815-TUMEQ,0.1,Low Risk,One year,10,19.3
4531-AUZNK,0.1,Low Risk,One year,51,95.15
3280-MRDOF,0.1,Low Risk,Two year,30,69.1
2834-JKOOW,0.1,Low Risk,One year,15,45.9
7614-QVWQL,0.1,Low Risk,One year,49,51.8
1696-MZVAU,0.1,Low Risk,One year,39,25.25
9114-VEPUF,0.1,Low Risk,One year,62,96.1
4063-EIKNQ,0.1,Low Risk,Month-to-month,11,20.95
3716-LRGXK,0.1,Low Risk,Two year,60,101.15
2931-VUVJN,0.1,Low Risk,One year,59,94.05
0487-VVUVK,0.1,Low Risk,Month-to-month,25,19.15
7159-NOKYQ,0.1,Low Risk,Two year,67,93.15
3137-NYQQI,0.1,Low Risk,One year,17,64.8
3190-FZATL,0.1,Low Risk,Month-to-month,14,19.95
5229-DTFYB,0.1,Low Risk,Two year,41,98.8
7336-RLLRH,0.1,Low Risk,One year,27,80.85
2805-EDJPQ,0.1,Low Risk,One year,56,99.75
1492-QGCLU,0.1,Low Risk,Month-to-month,53,85.7
8220-OCUFY,0.1,Low Risk,One year,21,60.25
8894-JVDCV,0.1,Low Risk,One year,62,115.05
0547-HURJB,0.1,Low Risk,Month-to-month,12,21.05
8849-PRIQJ,0.1,Low Risk,One year,67,109.4
5651-CRHKQ,0.1,Low Risk,One year,41,86.2
8133-ANHHJ,0.1,Low Risk,One year,49,103.0
8035-BUYVG,0.1,Low Risk,One year,40,42.35
0842-IWYCP,0.1,Low Risk,Month-to-month,46,44.95
4000-VGMQP,0.1,Low Risk,One year,38,78.95
2519-TWKFS,0.1,Low Risk,One year,25,55.1
3680-CTHUH,0.1,Low Risk,One year,60,116.6
8624-GIOUT,0.1,Low Risk,Month-to-month,49,59.75
5537-UXXVS,0.1,Low Risk,Month-to-month,20,19.25
2096-XOTMO,0.1,Low Risk,Month-to-month,16,19.35
2129-ALKBS,0.1,Low Risk,Month-to-month,40,26.2
5701-GUXDC,0.1,Low Risk,One year,26,35.4
3648-GZPHF,0.1,Low Risk,One year,32,36.25
7803-XOCCZ,0.1,Low Risk,Month-to-month,52,84.05
7105-BENQF,0.1,Low Risk,One year,15,64.85
0723-FDLAY,0.1,Low Risk,One year,44,85.25
5168-MQQCA,0.1,Low Risk,One year,72,108.5
0665-XHDJU,0.1,Low Risk,Two year,72,99.4
1488-SYSFC,0.1,Low Risk,Month-to-month,31,20.65
0458-HEUZG,0.1,Low Risk,Two year,13,35.4
4104-PVRPS,0.1,Low Risk,Month-to-month,24,53.6
9498-FIMXL,0.1,Low Risk,One year,8,19.2
5160-UXJED,0.1,Low Risk,One year,17,44.6
7446-KQISO,0.1,Low Risk,Two year,45,109.75
0489-WMEMG,0.1,Low Risk,One year,23,49.45
9128-CPXKI,0.1,Low Risk,Two year,59,95.8
8387-UGUSU,0.1,Low Risk,Month-to-month,15,20.05
4868-AADLV,0.1,Low Risk,One year,66,116.25
7872-RDDLZ,0.1,Low Risk,Month-to-month,67,54.9
4922-CVPDX,0.1,Low Risk,Two year,26,73.5
0036-IHMOT,0.1,Low Risk,One year,55,103.7
3786-WOVKF,0.1,Low Risk,One year,72,106.85
5440-VHLUL,0.1,Low Risk,One year,69,105.2
9972-NKTFD,0.1,Low Risk,Month-to-month,28,54.65
5012-YSPJJ,0.1,Low Risk,Month-to-month,31,54.35
5446-DKWYW,0.1,Low Risk,One year,61,65.2
6568-POCUI,0.1,Low Risk,Two year,45,95.2
9467-ROOLM,0.1,Low Risk,Month-to-month,25,19.05
9411-TPQQV,0.1,Low Risk,One year,40,54.55
5693-PIPCS,0.1,Low Risk,Two year,41,99.65
1697-BCSHV,0.1,Low Risk,Month-to-month,58,66.8
4501-UYKBC,0.1,Low Risk,One year,46,69.1
9754-CLVZW,0.1,Low Risk,Month-to-month,26,38.85
0895-UADGO,0.1,Low Risk,Two year,8,44.55
8631-XVRZL,0.1,Low Risk,One year,9,20.15
0440-UEDAI,0.1,Low Risk,One year,53,94.45
7047-YXDMZ,0.1,Low Risk,Month-to-month,21,20.0
9513-DXHDA,0.1,Low Risk,One year,27,81.7
9480-BQJEI,0.1,Low Risk,One year,62,92.3
1347-KTTTA,0.1,Low Risk,One year,64,102.45
8634-CILSZ,0.1,Low Risk,One year,69,104.7
2277-BKJKN,0.1,Low Risk,Two year,71,99.2
1114-CENIM,0.1,Low Risk,Month-to-month,54,55.0
0208-BPQEJ,0.1,Low Risk,Month-to-month,12,19.4
2931-XIQBR,0.1,Low Risk,One year,50,103.05
5384-ZTTWP,0.1,Low Risk,Month-to-month,15,19.8
3941-XTSKM,0.1,Low Risk,One year,42,45.1
1400-WIVLL,0.1,Low Risk,Two year,57,107.95
4795-WRNVT,0.1,Low Risk,Month-to-month,40,65.1
3099-OONVS,0.1,Low Risk,Month-to-month,25,54.3
1095-WGNGG,0.1,Low Risk,Two year,61,101.05
1877-HKBQX,0.1,Low Risk,One year,11,54.6
4318-RAJVY,0.1,Low Risk,One year,10,19.8
9052-DHNKM,0.1,Low Risk,One year,26,61.55
4186-ZBUEW,0.1,Low Risk,One year,36,70.7
5447-VYTKW,0.1,Low Risk,Month-to-month,27,53.45
0384-LPITE,0.1,Low Risk,One year,40,62.05
5120-ZBLAI,0.1,Low Risk,One year,50,75.7
0117-LFRMW,0.1,Low Risk,Month-to-month,37,40.2
0136-IFMYD,0.1,Low Risk,Two year,69,109.95
9143-CANJF,0.1,Low Risk,Month-to-month,24,55.15
2324-EFHVG,0.1,Low Risk,Two year,64,104.4
7820-ZYGNY,0.1,Low Risk,One year,63,90.45
1730-VFMWO,0.1,Low Risk,Month-to-month,34,50.2
2038-YSEZE,0.1,Low Risk,Month-to-month,29,67.45
7572-KPVKK,0.1,Low Risk,Two year,62,104.05
6728-DKUCO,0.1,Low Risk,One year,72,104.15
0516-UXRMT,0.1,Low Risk,One year,62,92.05
6333-YDVLT,0.1,Low Risk,One year,65,110.0
1898-JSNDC,0.1,Low Risk,One year,39,58.6
1264-FUHCX,0.1,Low Risk,One year,49,56.3
0377-JBKKT,0.1,Low Risk,Month-to-month,22,57.95
6655-LHBYW,0.1,Low Risk,One year,50,114.35
8200-KLNYW,0.1,Low Risk,One year,21,80.9
6289-CPNLD,0.1,Low Risk,One year,33,73.9
1866-ZSLJM,0.1,Low Risk,Month-to-month,21,20.5
1017-FBQMM,0.1,Low Risk,One year,62,106.05
5193-QLVZB,0.1,Low Risk,Two year,63,104.75
9695-IDRZR,0.1,Low Risk,Two year,34,116.15
5013-SBUIH,0.1,Low Risk,Two year,50,109.65
8984-EYLLL,0.09,Low Risk,Two year,64,105.25
0193-ESZXP,0.09,Low Risk,One year,58,105.5
8550-XSXUQ,0.09,Low Risk,One year,48,70.55
2292-XQWSV,0.09,Low Risk,One year,40,60.3
6603-QWSPR,0.09,Low Risk,Two year,46,104.4
3571-DPYUH,0.09,Low Risk,One year,58,94.7
3729-OWRVL,0.09,Low Risk,Two year,65,110.35
4393-OBCRR,0.09,Low Risk,One year,3,20.25
8213-TAZPM,0.09,Low Risk,One year,69,108.75
2724-FJDYW,0.09,Low Risk,One year,39,54.85
4389-UEFCZ,0.09,Low Risk,Two year,72,105.5
5092-STPKP,0.09,Low Risk,Month-to-month,24,56.35
8221-EQDGL,0.09,Low Risk,Month-to-month,35,61.0
5872-OEQNH,0.09,Low Risk,One year,60,44.45
4423-JWZJN,0.09,Low Risk,One year,64,90.25
5619-XZZKR,0.09,Low Risk,One year,4,19.95
5173-ZXXXL,0.09,Low Risk,One year,2,19.95
0533-UCAAU,0.09,Low Risk,One year,57,71.1
8822-KNBHV,0.09,Low Risk,One year,48,83.45
4119-ZYPZY,0.09,Low Risk,Two year,71,106.8
1099-BTKWT,0.09,Low Risk,One year,68,54.4
6598-RFFVI,0.09,Low Risk,One year,2,19.3
3104-OWCGK,0.09,Low Risk,One year,60,90.95
0557-ASKVU,0.09,Low Risk,One year,18,54.4
2926-JEJJC,0.09,Low Risk,One year,8,20.2
5777-ZPQNC,0.09,Low Risk,One year,12,20.15
2887-JPYLU,0.09,Low Risk,Month-to-month,41,45.2
9894-QMIMJ,0.09,Low Risk,One year,23,55.8
2164-SOQXL,0.09,Low Risk,Month-to-month,20,20.05
3282-ZISZV,0.09,Low Risk,One year,32,83.7
5032-USPKF,0.09,Low Risk,One year,38,84.1
4525-VZCZG,0.09,Low Risk,One year,54,105.85
5382-TEMLV,0.09,Low Risk,Month-to-month,45,50.9
5681-LLOEI,0.09,Low Risk,One year,43,91.25
1729-VLAZJ,0.09,Low Risk,One year,10,40.25
6837-BJYDQ,0.09,Low Risk,One year,3,19.6
8756-RDDLT,0.09,Low Risk,Month-to-month,68,44.95
1708-PBBOA,0.09,Low Risk,One year,42,54.75
7010-ZMVBF,0.09,Low Risk,Month-to-month,18,20.45
6924-TDGMT,0.09,Low Risk,One year,11,20.55
0484-JPBRU,0.09,Low Risk,Month-to-month,41,25.25
2746-DIJLO,0.09,Low Risk,One year,41,56.3
0917-EZOLA,0.09,Low Risk,Two year,72,104.15
8561-NMTBD,0.09,Low Risk,One year,67,112.35
5397-TUPSH,0.09,Low Risk,One year,65,70.95
9931-KGHOA,0.09,Low Risk,Month-to-month,46,55.0
0308-GIQJT,0.09,Low Risk,One year,71,105.75
1679-JRFBR,0.09,Low Risk,One year,70,108.15
1004-NOZNR,0.09,Low Risk,One year,56,94.8
9750-BOOHV,0.09,Low Risk,One year,32,30.15
3621-CHYVB,0.09,Low Risk,Month-to-month,57,49.9
2495-TTHBQ,0.09,Low Risk,One year,4,20.4
9677-AVKED,0.09,Low Risk,One year,53,84.6
0689-DSXGL,0.09,Low Risk,Month-to-month,52,85.8
4742-DRORA,0.09,Low Risk,One year,60,95.4
7049-GKVZY,0.09,Low Risk,One year,17,79.85
0607-MVMGC,0.09,Low Risk,One year,45,78.75
6131-IUNXN,0.09,Low Risk,Month-to-month,19,20.2
8548-AWOFC,0.09,Low Risk,Month-to-month,66,63.85
5327-CNLUQ,0.09,Low Risk,Two year,48,96.9
6502-KUGLL,0.09,Low Risk,Month-to-month,14,59.45
4139-SUGLD,0.09,Low Risk,Month-to-month,31,35.4
3823-KYNQY,0.09,Low Risk,One year,12,24.95
0956-SYCWG,0.09,Low Risk,One year,13,19.65
7901-IIDQV,0.09,Low Risk,One year,24,54.6
2530-ENDWQ,0.09,Low Risk,Two year,71,93.7
9473-CBZOP,0.09,Low Risk,One year,28,59.0
6718-BDGHG,0.09,Low Risk,One year,43,64.85
5777-KJIRB,0.09,Low Risk,One year,40,50.25
0519-DRGTI,0.09,Low Risk,Month-to-month,20,20.35
9313-QOLTZ,0.09,Low Risk,Month-to-month,26,20.9
2316-ESMLS,0.09,Low Risk,One year,12,33.15
2150-WLKUW,0.09,Low Risk,One year,40,63.9
9928-BZVLZ,0.09,Low Risk,Two year,12,49.85
9114-AAFQH,0.09,Low Risk,One year,48,65.65
8909-BOLNL,0.09,Low Risk,One year,3,21.2
7407-SUJIZ,0.09,Low Risk,Month-to-month,25,20.6
4116-IQRFR,0.09,Low Risk,One year,4,24.1
5808-TOTXO,0.09,Low Risk,One year,3,20.55
6968-URWQU,0.09,Low Risk,One year,43,56.35
6386-SZZKH,0.09,Low Risk,Two year,49,107.95
1183-CANVH,0.09,Low Risk,One year,23,60.0
1621-YNCJH,0.09,Low Risk,Two year,36,106.05
7931-PXHFC,0.09,Low Risk,One year,38,62.3
9200-NLNPD,0.09,Low Risk,One year,56,54.05
1265-XTECC,0.09,Low Risk,One year,68,96.55
8809-RIHDD,0.09,Low Risk,Two year,72,103.4
7102-JJVTX,0.09,Low Risk,One year,9,48.6
6419-ZTTLE,0.09,Low Risk,One year,23,20.75
3205-MXZRA,0.09,Low Risk,One year,26,59.45
9134-WYRVP,0.09,Low Risk,One year,51,86.35
5546-QUERU,0.09,Low Risk,One year,13,19.95
8405-IGQFX,0.09,Low Risk,One year,63,90.05
6260-XLACS,0.09,Low Risk,One year,4,19.7
5056-FIMPT,0.09,Low Risk,One year,43,106.0
5815-HGGHV,0.09,Low Risk,One year,20,64.15
0725-CXOTM,0.09,Low Risk,One year,36,89.65
4003-OCTMP,0.09,Low Risk,One year,31,64.0
5223-UZAVK,0.09,Low Risk,One year,64,100.3
5260-UMPWX,0.09,Low Risk,Month-to-month,26,20.25
4759-PXTAN,0.09,Low Risk,One year,59,80.1
7470-DYNOE,0.09,Low Risk,One year,53,61.1
3733-UOCWF,0.09,Low Risk,One year,61,85.55
4826-DXMUP,0.09,Low Risk,One year,35,72.1
0667-NSRGI,0.09,Low Risk,One year,48,69.55
2877-VDUER,0.09,Low Risk,One year,35,40.9
9475-NNDGC,0.09,Low Risk,One year,71,113.15
6870-ECSHE,0.09,Low Risk,One year,2,20.45
6837-HAEVO,0.09,Low Risk,Two year,69,105.0
5294-IMHHT,0.09,Low Risk,One year,53,97.75
8008-ESFLK,0.09,Low Risk,One year,53,110.5
2307-FYNNL,0.09,Low Risk,Two year,65,109.05
1038-RQOST,0.09,Low Risk,Month-to-month,19,20.6
6766-HFKLA,0.08,Low Risk,Two year,56,103.2
7432-FFVAR,0.08,Low Risk,One year,46,90.95
1498-DQNRX,0.08,Low Risk,Month-to-month,29,19.85
4822-LPTYJ,0.08,Low Risk,Two year,72,103.75
0356-OBMAC,0.08,Low Risk,Two year,56,99.9
4159-NAAIX,0.08,Low Risk,Two year,63,97.45
3092-IGHWF,0.08,Low Risk,One year,67,87.4
6994-FGRHH,0.08,Low Risk,One year,70,106.15
3082-WQRVY,0.08,Low Risk,One year,14,19.65
9229-RQABD,0.08,Low Risk,One year,18,23.75
4378-BZYFP,0.08,Low Risk,One year,17,20.5
2144-ESWKO,0.08,Low Risk,One year,43,35.2
0835-JKADZ,0.08,Low Risk,Two year,71,111.25
5562-BETPV,0.08,Low Risk,One year,1,19.65
9845-PEEKO,0.08,Low Risk,Two year,59,79.2
0134-XWXCE,0.08,Low Risk,One year,44,74.85
8089-UZWLX,0.08,Low Risk,Two year,71,104.05
5203-XEHAX,0.08,Low Risk,One year,34,64.35
3374-TTZTK,0.08,Low Risk,Two year,52,106.3
2550-QHZGP,0.08,Low Risk,One year,7,19.5
3552-CTCYF,0.08,Low Risk,Two year,63,104.8
1832-PEUTS,0.08,Low Risk,Two year,62,89.1
2667-WYLWJ,0.08,Low Risk,One year,8,19.75
1171-TYKUR,0.08,Low Risk,Month-to-month,47,25.4
3865-YIOTT,0.08,Low Risk,One year,72,106.1
7233-IOQNP,0.08,Low Risk,Month-to-month,43,34.0
6941-KXRRV,0.08,Low Risk,One year,48,58.95
2391-IPLOP,0.08,Low Risk,One year,50,69.65
0980-FEXWF,0.08,Low Risk,One year,26,50.35
2484-DGXPZ,0.08,Low Risk,Month-to-month,31,19.55
0536-BGFMZ,0.08,Low Risk,Month-to-month,28,20.5
7940-UQQUG,0.08,Low Risk,One year,64,104.4
6305-YLBMM,0.08,Low Risk,One year,69,104.05
1096-ADRUX,0.08,Low Risk,One year,66,74.25
7997-EASSD,0.08,Low Risk,One year,63,81.2
3354-OADJP,0.08,Low Risk,One year,8,54.25
2363-BJLSL,0.08,Low Risk,Month-to-month,62,80.4
5294-CDGWY,0.08,Low Risk,One year,51,59.3
1131-SUEKT,0.08,Low Risk,One year,61,98.45
4576-CSAJH,0.08,Low Risk,One year,22,55.15
8727-XDPUD,0.08,Low Risk,Two year,37,35.8
7816-VGHTO,0.08,Low Risk,Two year,6,40.55
5195-KPUNQ,0.08,Low Risk,One year,53,96.75
7492-TAFJD,0.08,Low Risk,Two year,7,38.55
2967-MXRAV,0.08,Low Risk,One year,1,18.8
2911-IJORQ,0.08,Low Risk,One year,37,90.6
2387-KDZQY,0.08,Low Risk,One year,17,20.1
8898-KASCD,0.08,Low Risk,One year,39,35.55
2483-XSSMZ,0.08,Low Risk,One year,39,47.85
8224-UAXBZ,0.08,Low Risk,One year,58,45.35
2682-KEVRP,0.08,Low Risk,One year,22,20.05
9350-ZXYJC,0.08,Low Risk,Two year,4,25.3
4829-ZLJTK,0.08,Low Risk,Two year,72,112.4
9330-VOFSZ,0.08,Low Risk,Two year,60,110.8
8681-ICONS,0.08,Low Risk,Month-to-month,29,20.65
3315-IKYZQ,0.08,Low Risk,One year,28,50.8
4018-KJYUY,0.08,Low Risk,Month-to-month,22,20.15
5514-YQENT,0.08,Low Risk,Two year,41,111.15
2673-ZALNP,0.08,Low Risk,One year,7,19.9
2266-SJNAT,0.08,Low Risk,One year,72,109.15
7746-QYVCO,0.08,Low Risk,One year,16,55.85
6937-GCDGQ,0.08,Low Risk,One year,19,48.95
4091-TVOCN,0.08,Low Risk,One year,48,78.75
8659-HDIYE,0.08,Low Risk,Month-to-month,64,74.65
4683-WYDOU,0.08,Low Risk,Two year,62,107.6
9142-XMYJH,0.08,Low Risk,Month-to-month,29,19.35
7758-UJWYS,0.08,Low Risk,Two year,34,40.55
6297-NOOPG,0.08,Low Risk,Two year,70,110.5
3096-WPXBT,0.08,Low Risk,One year,61,100.7
0661-KBKPA,0.08,Low Risk,One year,53,78.75
0744-GKNGE,0.08,Low Risk,Month-to-month,64,86.8
9555-SAHUZ,0.08,Low Risk,Month-to-month,38,54.5
5829-NVSQN,0.08,Low Risk,One year,23,68.75
9391-LMANN,0.08,Low Risk,One year,53,95.95
3739-YBWAB,0.08,Low Risk,One year,36,35.35
6620-HVDUJ,0.08,Low Risk,Month-to-month,24,60.45
8406-LNMHF,0.08,Low Risk,One year,59,82.95
9796-MVYXX,0.08,Low Risk,Two year,14,39.7
0218-QNVAS,0.08,Low Risk,One year,71,100.55
5236-PERKL,0.08,Low Risk,Two year,57,112.95
4682-BLBUC,0.08,Low Risk,One year,44,70.95
2639-UGMAZ,0.08,Low Risk,One year,71,56.45
7021-XSNYE,0.08,Low Risk,Two year,7,49.65
3327-YBAKM,0.08,Low Risk,One year,64,96.9
8231-BSWXX,0.08,Low Risk,One year,71,79.05
1226-JZNKR,0.08,Low Risk,One year,8,19.8
2165-VOEGB,0.08,Low Risk,One year,46,105.2
1247-QBVSH,0.08,Low Risk,Month-to-month,43,50.2
1301-LOPVR,0.08,Low Risk,One year,29,55.35
3530-VWVGU,0.08,Low Risk,Month-to-month,22,19.9
9308-ANMVE,0.08,Low Risk,Month-to-month,47,55.3
7435-ZNUYY,0.08,Low Risk,One year,6,20.6
6440-DKQGE,0.08,Low Risk,One year,30,64.5
7657-DYEPJ,0.08,Low Risk,One year,38,70.15
1536-YHDOE,0.08,Low Risk,One year,17,62.1
7654-YWJUF,0.08,Low Risk,One year,43,84.25
6992-TKNYO,0.08,Low Risk,One year,38,69.0
0623-EJQEG,0.08,Low Risk,One year,65,93.55
9351-LZYGF,0.08,Low Risk,Month-to-month,42,66.4
4366-CTOUZ,0.08,Low Risk,Two year,50,100.2
0536-ACXIP,0.08,Low Risk,Two year,72,109.55
5961-VUSRV,0.08,Low Risk,One year,12,19.35
6465-GSRCL,0.08,Low Risk,One year,67,106.6
8075-GXIUB,0.08,Low Risk,One year,9,19.85
2250-IVBWA,0.08,Low Risk,Month-to-month,64,81.05
9896-UYMIE,0.08,Low Risk,One year,66,114.3
7691-XVTZH,0.08,Low Risk,Two year,68,89.95
5269-NRGDP,0.08,Low Risk,One year,42,73.15
8189-DUKMV,0.08,Low Risk,One year,4,20.5
7353-YOWFP,0.08,Low Risk,One year,7,20.25
6682-QJDGB,0.08,Low Risk,Month-to-month,40,55.25
6838-YAUVY,0.08,Low Risk,Two year,54,95.1
6242-SGYTS,0.08,Low Risk,One year,62,94.95
2690-DVRVK,0.08,Low Risk,One year,5,20.55
0201-MIBOL,0.08,Low Risk,Two year,66,102.4
4328-VUFWD,0.08,Low Risk,One year,39,59.3
9362-MWODR,0.08,Low Risk,Month-to-month,40,64.1
7629-WFGLW,0.08,Low Risk,One year,56,95.65
5372-FBKBN,0.08,Low Risk,Month-to-month,21,20.75
0496-AHOOK,0.08,Low Risk,One year,24,74.4
0020-JDNXP,0.08,Low Risk,One year,34,61.25
6480-YAGIY,0.08,Low Risk,One year,45,112.2
6727-IOTLZ,0.08,Low Risk,Two year,14,81.95
2522-WLNSF,0.08,Low Risk,One year,34,64.2
9031-ZVQPT,0.08,Low Risk,Two year,72,108.2
7089-RKVSZ,0.08,Low Risk,One year,8,24.4
2578-JQPHZ,0.08,Low Risk,Two year,44,100.1
1097-FSPVW,0.08,Low Risk,Month-to-month,42,54.55
4223-BKEOR,0.08,Low Risk,One year,21,64.85
2419-FSORS,0.08,Low Risk,Two year,72,108.4
7566-DSRLQ,0.08,Low Risk,Two year,72,110.15
9848-JQJTX,0.08,Low Risk,Two year,72,100.9
8402-EIVQS,0.08,Low Risk,One year,67,100.9
9730-DRTMJ,0.08,Low Risk,One year,32,72.8
0795-GMVQO,0.08,Low Risk,One year,67,109.9
3229-USWAR,0.08,Low Risk,One year,34,79.95
5944-UGLLK,0.08,Low Risk,One year,53,54.9
5414-OFQCB,0.08,Low Risk,Two year,57,90.45
3197-NNYNB,0.08,Low Risk,Two year,65,105.1
2371-KFUOG,0.08,Low Risk,One year,58,99.15
5789-LDFXO,0.08,Low Risk,One year,24,24.6
5360-LJCNJ,0.08,Low Risk,Two year,71,105.15
4626-OZDTJ,0.08,Low Risk,One year,51,78.65
5089-IFSDP,0.08,Low Risk,Two year,58,109.45
3441-CGZJH,0.08,Low Risk,One year,43,60.4
7032-LMBHI,0.08,Low Risk,One year,37,64.65
2533-QVMSK,0.08,Low Risk,Two year,61,94.1
7036-TYDEC,0.08,Low Risk,Two year,69,104.0
2809-ILCYT,0.08,Low Risk,One year,25,26.8
7055-VKGDA,0.08,Low Risk,One year,54,105.4
6506-EYCNH,0.08,Low Risk,Month-to-month,28,19.55
8152-VETUR,0.08,Low Risk,Two year,72,97.7
2862-JVEOY,0.08,Low Risk,One year,6,19.15
0864-FVJNJ,0.08,Low Risk,One year,64,113.35
7156-MXBJE,0.08,Low Risk,One year,43,85.1
5153-LXKDT,0.07,Low Risk,Two year,68,110.2
3800-LYTRK,0.07,Low Risk,One year,14,55.7
0716-BQNDX,0.07,Low Risk,Two year,57,93.75
4697-LUPSU,0.07,Low Risk,One year,2,20.2
6174-NRBTZ,0.07,Low Risk,One year,46,30.75
8573-JGCZW,0.07,Low Risk,One year,17,19.65
9432-RUVSL,0.07,Low Risk,Two year,48,102.5
8752-IMQOS,0.07,Low Risk,One year,5,20.1
0323-XWWTN,0.07,Low Risk,Two year,3,26.4
8570-KLJYJ,0.07,Low Risk,One year,36,54.45
5524-KHNJP,0.07,Low Risk,One year,33,74.75
7762-URZQH,0.07,Low Risk,Two year,66,106.05
1345-ZUKID,0.07,Low Risk,One year,14,19.35
5917-HBSDW,0.07,Low Risk,Month-to-month,37,19.35
8208-EUMTE,0.07,Low Risk,Two year,16,54.85
5915-DGNVC,0.07,Low Risk,One year,49,71.8
8752-GHJFU,0.07,Low Risk,One year,71,92.0
0221-NAUXK,0.07,Low Risk,One year,10,19.95
9691-HKOVS,0.07,Low Risk,One year,55,90.15
6266-QHOJZ,0.07,Low Risk,One year,65,89.85
6746-WAUWT,0.07,Low Risk,One year,19,19.7
6196-HBOBZ,0.07,Low Risk,Two year,65,99.35
9938-ZREHM,0.07,Low Risk,One year,37,72.1
2651-ZCBXV,0.07,Low Risk,Two year,54,108.0
9617-UDPEU,0.07,Low Risk,One year,22,19.25
3115-JPJDD,0.07,Low Risk,One year,59,81.25
5724-BIDBU,0.07,Low Risk,One year,49,55.35
7136-IHZJA,0.07,Low Risk,Month-to-month,40,71.35
6147-CBCRA,0.07,Low Risk,Month-to-month,33,20.05
1527-SXDPN,0.07,Low Risk,Two year,52,96.25
6341-JVQGF,0.07,Low Risk,One year,31,81.15
2499-AJYUA,0.07,Low Risk,Two year,72,110.8
9715-WZCLW,0.07,Low Risk,Two year,71,97.2
6295-OSINB,0.07,Low Risk,Two year,72,109.65
2239-CFOUJ,0.07,Low Risk,One year,1,20.4
8084-OIVBS,0.07,Low Risk,One year,11,20.0
5445-PZWGX,0.07,Low Risk,One year,62,102.0
8041-TMEID,0.07,Low Risk,Two year,63,108.5
1952-DVVSW,0.07,Low Risk,One year,10,20.1
1760-CAZHT,0.07,Low Risk,Month-to-month,25,20.8
5018-LXQQG,0.07,Low Risk,Month-to-month,30,66.3
7191-ADRGF,0.07,Low Risk,Two year,44,54.3
6551-ZCOTS,0.07,Low Risk,One year,33,24.9
9822-BIIGN,0.07,Low Risk,Month-to-month,53,71.85
0983-TATYJ,0.07,Low Risk,One year,33,51.45
3915-ODIYG,0.07,Low Risk,One year,60,71.75
6427-FEFIG,0.07,Low Risk,Two year,24,78.6
1334-PDUKM,0.07,Low Risk,One year,68,86.45
2469-DTSGX,0.07,Low Risk,Two year,72,111.65
7445-WMRBW,0.07,Low Risk,One year,48,73.85
1430-SFQSA,0.07,Low Risk,One year,29,35.6
9553-DLCLU,0.07,Low Risk,Two year,13,88.95
9488-FYQAU,0.07,Low Risk,Two year,63,109.25
8610-ZIKJJ,0.07,Low Risk,One year,2,20.3
3423-HHXAO,0.07,Low Risk,One year,14,19.5
6993-YCOBK,0.07,Low Risk,Two year,60,110.6
3696-XRIEN,0.07,Low Risk,One year,50,82.5
0628-CNQRM,0.07,Low Risk,One year,22,67.5
8461-EFQYM,0.07,Low Risk,One year,38,24.25
8707-HOEDG,0.07,Low Risk,Two year,70,110.2
8107-RZLNV,0.07,Low Risk,Two year,72,106.3
9987-LUTYD,0.07,Low Risk,One year,13,55.15
4072-IPYLT,0.07,Low Risk,Month-to-month,36,51.05
1338-CECEE,0.07,Low Risk,One year,41,68.5
0112-QWPNC,0.07,Low Risk,One year,49,84.35
7925-PNRGI,0.07,Low Risk,Month-to-month,45,81.3
7665-VIGUD,0.07,Low Risk,One year,10,20.35
5062-CJJKH,0.07,Low Risk,One year,25,53.65
7541-YLXCL,0.07,Low Risk,One year,36,65.4
9586-JGQKH,0.07,Low Risk,Two year,64,105.4
5236-XMZJY,0.07,Low Risk,Month-to-month,42,59.65
8595-SIZNC,0.07,Low Risk,One year,22,25.6
9046-JBFWA,0.07,Low Risk,Month-to-month,27,19.15
4464-JCOLN,0.07,Low Risk,One year,2,19.85
4806-DXQCE,0.07,Low Risk,Two year,70,113.65
2338-BQEZT,0.07,Low Risk,Month-to-month,55,50.55
6967-PEJLL,0.07,Low Risk,One year,37,40.2
2408-PSJVE,0.07,Low Risk,Month-to-month,44,61.9
9386-LDCZR,0.07,Low Risk,One year,43,90.65
4730-AWNAU,0.07,Low Risk,One year,36,60.7
7134-HBPBS,0.07,Low Risk,Two year,72,108.1
4827-LTQRJ,0.07,Low Risk,One year,66,110.6
8883-GRDWQ,0.07,Low Risk,One year,20,54.0
4598-ZADCK,0.07,Low Risk,One year,53,53.6
6075-QMNRR,0.07,Low Risk,Month-to-month,52,49.75
4282-MSACW,0.07,Low Risk,One year,68,117.2
4203-QGNZA,0.07,Low Risk,Month-to-month,28,20.25
1431-CYWMH,0.07,Low Risk,Month-to-month,22,19.05
1282-IHQAC,0.07,Low Risk,One year,70,44.05
5049-MUBWG,0.07,Low Risk,One year,26,75.0
2788-CJQAQ,0.07,Low Risk,One year,13,19.45
2636-SJDOU,0.07,Low Risk,One year,64,84.3
2272-WUSPA,0.07,Low Risk,Two year,72,110.75
8199-ZLLSA,0.07,Low Risk,One year,67,118.35
5602-BVFMK,0.07,Low Risk,One year,12,19.3
5442-BXVND,0.07,Low Risk,Month-to-month,33,24.25
8434-PNQZX,0.07,Low Risk,Two year,42,78.45
2834-JRTUA,0.07,Low Risk,Two year,71,108.05
6878-GGDWG,0.07,Low Risk,Month-to-month,32,19.4
4808-YNLEU,0.07,Low Risk,One year,35,62.15
7508-KBIMB,0.07,Low Risk,One year,24,56.25
3758-CKOQL,0.07,Low Risk,One year,59,107.0
6586-PSJOX,0.07,Low Risk,One year,15,55.2
8065-QBYTO,0.07,Low Risk,One year,71,99.65
1557-EMYVT,0.07,Low Risk,Two year,43,115.05
4425-OWHWB,0.07,Low Risk,One year,20,19.35
4129-LYCOI,0.07,Low Risk,Two year,67,104.0
3597-YASZG,0.07,Low Risk,Two year,70,104.45
8076-FEZKJ,0.07,Low Risk,One year,10,19.5
4137-JOPHL,0.07,Low Risk,Two year,50,89.7
6509-TSGWN,0.07,Low Risk,Month-to-month,37,26.45
9000-PLFUZ,0.07,Low Risk,Two year,60,49.45
5857-XRECV,0.07,Low Risk,One year,2,20.5
3374-PZLXD,0.07,Low Risk,Month-to-month,34,19.7
1930-BZLHI,0.07,Low Risk,One year,21,20.35
0357-NVCRI,0.07,Low Risk,Month-to-month,25,20.05
6265-SXWBU,0.07,Low Risk,One year,69,95.75
5748-RNCJT,0.07,Low Risk,Two year,69,106.5
1136-XGEQU,0.07,Low Risk,One year,50,84.15
4134-BSXLX,0.07,Low Risk,Month-to-month,28,60.9
1442-OKRJE,0.07,Low Risk,One year,66,103.15
8646-JCOMS,0.07,Low Risk,One year,66,90.55
3096-YXENJ,0.07,Low Risk,Two year,65,107.65
3969-JQABI,0.07,Low Risk,Month-to-month,58,65.25
1577-HKTFG,0.07,Low Risk,Month-to-month,30,19.65
5278-PNYOX,0.07,Low Risk,Two year,49,100.65
8741-LQOBK,0.07,Low Risk,Month-to-month,46,35.05
5440-FLBQG,0.07,Low Risk,Two year,69,108.4
3043-SUDUA,0.07,Low Risk,Month-to-month,32,19.9
5286-YHCVC,0.07,Low Risk,Two year,72,104.8
7762-ONLJY,0.07,Low Risk,One year,6,19.7
0186-CAERR,0.07,Low Risk,One year,71,116.3
1964-SVLEA,0.07,Low Risk,One year,20,19.7
8332-OSJDW,0.07,Low Risk,One year,12,26.4
1064-FBXNK,0.07,Low Risk,One year,1,19.85
1060-ENTOF,0.07,Low Risk,One year,67,105.4
5753-QQWPW,0.07,Low Risk,One year,28,59.9
5546-BYZSM,0.07,Low Risk,Month-to-month,41,20.45
5027-YOCXN,0.07,Low Risk,One year,51,110.05
3556-BVQGL,0.07,Low Risk,One year,20,20.0
9933-QRGTX,0.07,Low Risk,Two year,60,97.2
2680-XKKNJ,0.07,Low Risk,One year,8,58.2
7707-PYBBH,0.07,Low Risk,Month-to-month,40,61.9
7208-PSIHR,0.07,Low Risk,Two year,70,104.3
9170-GYZJC,0.07,Low Risk,Month-to-month,41,79.9
1429-UYJSV,0.07,Low Risk,One year,12,19.7
2171-UDMFD,0.07,Low Risk,Month-to-month,32,19.45
9860-LISIZ,0.07,Low Risk,Month-to-month,34,20.35
4419-UJMUS,0.07,Low Risk,Two year,69,99.35
9405-GPBBG,0.07,Low Risk,Two year,64,110.5
8383-SGHJU,0.07,Low Risk,One year,33,59.4
8109-YUOHE,0.07,Low Risk,One year,17,56.1
4933-IKULF,0.07,Low Risk,One year,17,20.65
7649-PHJVR,0.07,Low Risk,One year,11,19.5
3034-ZBEQN,0.07,Low Risk,One year,48,34.7
5039-LZRQT,0.07,Low Risk,One year,13,20.2
0967-BMLBD,0.07,Low Risk,One year,11,20.0
9442-JTWDL,0.07,Low Risk,One year,11,20.05
8079-XRJRS,0.07,Low Risk,One year,65,89.75
5663-QBGIS,0.07,Low Risk,Two year,72,98.35
3612-YUNGG,0.06,Low Risk,Two year,64,109.2
4508-OEBEY,0.06,Low Risk,One year,31,75.5
9313-CDOGY,0.06,Low Risk,Month-to-month,38,19.6
4199-QHJNM,0.06,Low Risk,Two year,67,102.9
3243-ZHOHY,0.06,Low Risk,One year,16,20.1
7369-TRPFD,0.06,Low Risk,One year,19,18.8
0052-DCKON,0.06,Low Risk,One year,66,115.8
5504-WSIUR,0.06,Low Risk,One year,70,90.25
4311-QTTAI,0.06,Low Risk,One year,16,19.35
2054-PJOCK,0.06,Low Risk,One year,60,80.55
6500-JVEGC,0.06,Low Risk,One year,68,101.35
2830-LEWOA,0.06,Low Risk,One year,61,103.9
4043-MKDTV,0.06,Low Risk,Two year,71,105.25
6114-TCFID,0.06,Low Risk,One year,29,39.5
5499-ECUTN,0.06,Low Risk,One year,47,66.05
3750-YHRYO,0.06,Low Risk,One year,7,20.65
8499-BRXTD,0.06,Low Risk,One year,18,20.1
6308-CQRBU,0.06,Low Risk,Two year,71,109.25
0829-DDVLK,0.06,Low Risk,One year,15,20.1
4654-DLAMQ,0.06,Low Risk,One year,64,97.0
2361-FJWNO,0.06,Low Risk,One year,40,36.0
9847-HNVGP,0.06,Low Risk,One year,17,19.95
6257-DTAYD,0.06,Low Risk,Two year,71,104.15
5386-THSLQ,0.06,Low Risk,One year,66,45.55
3192-NQECA,0.06,Low Risk,Two year,68,110.0
0895-LNKRC,0.06,Low Risk,One year,6,19.45
2683-JXWQQ,0.06,Low Risk,Month-to-month,61,33.6
5995-WWKKG,0.06,Low Risk,One year,37,19.8
2061-VVFST,0.06,Low Risk,Month-to-month,37,19.5
1452-XRSJV,0.06,Low Risk,Month-to-month,39,51.05
1915-OAKWD,0.06,Low Risk,One year,16,19.3
2085-JVGAD,0.06,Low Risk,Month-to-month,37,20.35
3518-FSTWG,0.06,Low Risk,Two year,72,109.55
2073-QBVBI,0.06,Low Risk,One year,41,35.45
3259-KNMRR,0.06,Low Risk,Two year,57,79.75
2710-WYVXG,0.06,Low Risk,Two year,3,71.1
6752-APNJL,0.06,Low Risk,Month-to-month,42,54.5
6508-NJYRO,0.06,Low Risk,One year,15,18.8
5982-PSMKW,0.06,Low Risk,Two year,23,91.1
0392-BZIUW,0.06,Low Risk,Two year,72,105.0
6481-OGDOO,0.06,Low Risk,One year,67,90.6
3090-HAWSU,0.06,Low Risk,Two year,61,111.6
4057-FKCZK,0.06,Low Risk,Two year,58,82.5
3259-FDWOY,0.06,Low Risk,Two year,71,106.0
9866-OCCKE,0.06,Low Risk,Two year,72,109.75
4049-ZPALD,0.06,Low Risk,Two year,64,99.0
1680-VDCWW,0.06,Low Risk,One year,12,19.8
3551-GAEGL,0.06,Low Risk,One year,34,30.4
2592-HODOV,0.06,Low Risk,One year,13,19.3
7817-OMJNA,0.06,Low Risk,One year,14,20.4
7519-JTWQH,0.06,Low Risk,Two year,69,110.5
2773-OVBPK,0.06,Low Risk,Two year,67,111.3
8261-GWDBQ,0.06,Low Risk,Two year,60,116.05
5671-RQRLP,0.06,Low Risk,Two year,70,75.65
8071-SBTRN,0.06,Low Risk,Two year,70,111.15
0813-TAXXS,0.06,Low Risk,Two year,55,77.8
2889-FPWRM,0.06,Low Risk,One year,72,117.8
4537-CIBHB,0.06,Low Risk,One year,9,20.25
1162-ECVII,0.06,Low Risk,Two year,72,109.75
9861-PDSZP,0.06,Low Risk,Two year,72,108.05
2546-KZAAT,0.06,Low Risk,One year,52,75.4
8819-ZBYNA,0.06,Low Risk,Two year,58,109.1
1545-JFUML,0.06,Low Risk,Two year,71,99.0
0266-CLZKZ,0.06,Low Risk,Two year,67,105.65
0866-QLSIR,0.06,Low Risk,One year,34,64.4
6435-VWCCY,0.06,Low Risk,Two year,65,92.7
2364-UFROM,0.06,Low Risk,One year,30,70.4
7244-QWYHG,0.06,Low Risk,One year,50,44.45
4445-KWOKW,0.06,Low Risk,One year,42,60.15
6034-ZRYCV,0.06,Low Risk,Two year,72,54.2
2434-EEVDB,0.06,Low Risk,Two year,64,94.6
1137-DGOWI,0.06,Low Risk,One year,30,70.25
9715-SBVSU,0.06,Low Risk,Two year,14,61.4
0454-OKRCT,0.06,Low Risk,Two year,33,80.6
9483-GCPWE,0.06,Low Risk,One year,9,20.1
5393-HJZSM,0.06,Low Risk,Month-to-month,32,76.3
1623-NLDOT,0.06,Low Risk,One year,42,33.55
3724-BSCVH,0.06,Low Risk,One year,10,20.45
9758-MFWGD,0.06,Low Risk,One year,48,29.9
6416-JNVRK,0.06,Low Risk,One year,46,55.65
5993-BQHEA,0.06,Low Risk,One year,12,20.05
6171-ZTVYB,0.06,Low Risk,Month-to-month,43,66.25
9917-KWRBE,0.06,Low Risk,One year,41,78.35
6616-AALSR,0.06,Low Risk,Two year,65,104.3
6663-JOCQO,0.06,Low Risk,One year,31,75.25
8097-VBQTZ,0.06,Low Risk,Month-to-month,54,69.9
5954-BDFSG,0.06,Low Risk,Two year,72,107.5
3178-CIFOT,0.06,Low Risk,One year,23,19.65
9891-NQDBD,0.06,Low Risk,One year,28,25.55
0946-FKYTX,0.06,Low Risk,One year,52,30.1
6510-UPNKS,0.06,Low Risk,One year,23,24.8
2197-OMWGI,0.06,Low Risk,Two year,68,53.0
4291-YZODP,0.06,Low Risk,One year,7,20.05
4522-XRWWI,0.06,Low Risk,One year,42,80.45
5468-BPMMO,0.06,Low Risk,Month-to-month,46,19.6
0661-KQHNK,0.06,Low Risk,One year,6,19.0
8969-PRHFK,0.06,Low Risk,One year,18,19.65
9931-DCEZH,0.06,Low Risk,One year,28,54.4
5505-OVWQW,0.06,Low Risk,One year,17,20.15
6867-ACCZI,0.06,Low Risk,Two year,24,52.5
6408-OTUBZ,0.06,Low Risk,One year,66,104.55
2351-RRBUE,0.06,Low Risk,One year,7,20.65
4837-QUSFT,0.06,Low Risk,One year,65,100.15
4611-ANLQC,0.06,Low Risk,One year,60,50.05
0307-BCOPK,0.06,Low Risk,One year,16,19.05
4664-NJCMS,0.06,Low Risk,Two year,33,59.55
1763-KUAAW,0.06,Low Risk,One year,18,20.35
8690-UPCZI,0.06,Low Risk,One year,29,69.05
0742-LAFQK,0.06,Low Risk,Two year,72,99.15
6250-CGGUN,0.06,Low Risk,One year,54,84.4
5304-EFJLP,0.06,Low Risk,Two year,72,111.65
8777-MBMTS,0.06,Low Risk,Two year,65,105.85
9766-HGEDE,0.06,Low Risk,One year,17,19.35
0164-APGRB,0.06,Low Risk,Two year,72,114.9
1133-KXCGE,0.06,Low Risk,One year,18,20.1
4451-RWASJ,0.06,Low Risk,One year,15,19.5
4385-ZKVNW,0.06,Low Risk,Month-to-month,44,54.9
1544-JJMYL,0.06,Low Risk,One year,27,69.35
3372-CDXFJ,0.06,Low Risk,One year,13,24.5
8792-AOROI,0.06,Low Risk,Two year,8,65.5
9906-NHHVC,0.06,Low Risk,Two year,65,53.5
8680-CGLTP,0.06,Low Risk,One year,29,58.75
7609-NRNCA,0.06,Low Risk,One year,17,19.55
0635-WKOLD,0.06,Low Risk,One year,40,70.75
9558-IHEZX,0.06,Low Risk,Two year,71,106.75
3239-TPHPZ,0.06,Low Risk,Two year,12,20.05
2320-TZRRH,0.06,Low Risk,One year,20,19.5
1936-CZAKF,0.06,Low Risk,Two year,49,49.65
6598-KELSS,0.06,Low Risk,One year,50,43.05
0106-UGRDO,0.06,Low Risk,Two year,69,116.0
1015-JPFYW,0.06,Low Risk,One year,7,19.45
8016-ZMGMO,0.06,Low Risk,One year,66,70.85
5297-MDOIR,0.06,Low Risk,One year,63,81.15
4404-HIBDJ,0.06,Low Risk,One year,25,74.3
9046-DQMTP,0.06,Low Risk,Month-to-month,35,20.75
1131-ALZWV,0.06,Low Risk,One year,24,24.6
7663-CUXZB,0.06,Low Risk,Two year,59,113.75
8996-ZROXE,0.06,Low Risk,One year,57,53.5
6765-MBQNU,0.06,Low Risk,One year,26,26.0
2634-HCZGT,0.06,Low Risk,One year,53,60.05
3340-QBBFM,0.06,Low Risk,One year,36,54.1
9309-BZGNT,0.06,Low Risk,One year,69,29.8
5795-KTGUD,0.06,Low Risk,Two year,68,110.8
7317-GGVPB,0.06,Low Risk,Two year,71,108.6
0960-HUWBM,0.06,Low Risk,Two year,65,104.1
7677-SJJJK,0.06,Low Risk,One year,8,19.9
2988-QRAJY,0.06,Low Risk,Two year,69,110.05
0661-WCQNQ,0.06,Low Risk,One year,22,56.25
3146-JTQHR,0.06,Low Risk,One year,10,19.6
5578-NKCXI,0.06,Low Risk,One year,58,99.25
3397-AVTKU,0.06,Low Risk,Two year,43,60.0
9220-ZNKJI,0.06,Low Risk,Two year,55,88.8
0201-OAMXR,0.06,Low Risk,One year,70,115.55
8879-ZKJOF,0.06,Low Risk,One year,41,79.85
8498-XXGWA,0.06,Low Risk,Month-to-month,65,55.15
9711-FJTBX,0.06,Low Risk,One year,56,85.85
7801-CEDNV,0.06,Low Risk,One year,27,48.7
5090-EMGTC,0.06,Low Risk,Two year,59,100.05
0203-HHYIJ,0.06,Low Risk,One year,25,25.3
9412-ARGBX,0.06,Low Risk,Two year,48,95.5
2330-PQGDQ,0.06,Low Risk,One year,51,84.2
7839-NUIAA,0.06,Low Risk,Month-to-month,61,59.8
0022-TCJCI,0.06,Low Risk,One year,45,62.7
5998-DZLYR,0.06,Low Risk,Two year,61,94.35
4670-TABXH,0.06,Low Risk,Two year,72,109.75
6893-ODYYE,0.06,Low Risk,One year,50,90.1
6016-LVTJQ,0.06,Low Risk,Month-to-month,34,20.65
0756-MPZRL,0.06,Low Risk,One year,46,33.7
9207-ZPANB,0.06,Low Risk,One year,37,67.45
4526-RMTLL,0.06,Low Risk,Two year,8,76.15
8313-AFGBW,0.06,Low Risk,Two year,47,73.6
1150-FTQGN,0.06,Low Risk,One year,60,94.15
1702-CCFNJ,0.06,Low Risk,Month-to-month,52,61.35
6434-TTGJP,0.06,Low Risk,Two year,10,53.7
1042-HFUCW,0.06,Low Risk,One year,25,54.75
7182-OVLBJ,0.06,Low Risk,Two year,62,101.15
6635-MYYYZ,0.06,Low Risk,One year,30,85.35
6371-NZYEG,0.06,Low Risk,Two year,16,64.25
7841-FCRQD,0.06,Low Risk,One year,33,53.75
3721-CNZHX,0.06,Low Risk,One year,15,19.8
4906-ZHGPK,0.06,Low Risk,One year,54,70.7
5186-PEIZU,0.06,Low Risk,Month-to-month,35,19.25
1696-HXOWK,0.06,Low Risk,One year,71,95.65
2907-ILJBN,0.06,Low Risk,One year,11,20.6
5975-BAICR,0.06,Low Risk,One year,36,63.7
8559-CIZFV,0.06,Low Risk,One year,21,77.5
4359-INNWN,0.06,Low Risk,One year,17,20.05
7718-UPSKJ,0.05,Low Risk,One year,69,106.4
8738-JOKAR,0.05,Low Risk,One year,42,67.7
2056-EVGZL,0.05,Low Risk,One year,68,105.75
6797-LNAQX,0.05,Low Risk,Two year,70,98.3
0530-IJVDB,0.05,Low Risk,Two year,70,114.6
4616-ULAOA,0.05,Low Risk,Two year,65,110.8
5791-KAJFD,0.05,Low Risk,One year,56,68.75
7813-TKCVO,0.05,Low Risk,One year,20,20.35
2580-ASVVY,0.05,Low Risk,Two year,37,45.4
5844-QVTAT,0.05,Low Risk,One year,33,58.45
5020-ZSTTY,0.05,Low Risk,One year,54,82.45
1891-QRQSA,0.05,Low Risk,Two year,64,111.6
7554-NEWDD,0.05,Low Risk,Two year,10,25.7
1904-WAJAA,0.05,Low Risk,Two year,24,64.35
7605-BDWDC,0.05,Low Risk,Two year,31,49.85
7838-LAZFO,0.05,Low Risk,One year,45,78.8
3482-ABPKK,0.05,Low Risk,One year,28,54.3
4115-BNPJY,0.05,Low Risk,Two year,29,75.55
9867-JCZSP,0.05,Low Risk,One year,17,20.75
9027-TMATR,0.05,Low Risk,Two year,43,78.8
5756-OZRIO,0.05,Low Risk,One year,61,64.05
8823-RLPWL,0.05,Low Risk,Two year,72,110.65
9577-WJVCQ,0.05,Low Risk,Month-to-month,68,54.45
3410-YOQBQ,0.05,Low Risk,Two year,31,79.2
3363-DTIVD,0.05,Low Risk,Two year,71,105.55
7753-USQYQ,0.05,Low Risk,One year,55,64.2
1036-GUDCL,0.05,Low Risk,Month-to-month,60,79.05
7971-HLVXI,0.05,Low Risk,Two year,72,84.5
7576-ASEJU,0.05,Low Risk,One year,41,74.7
8788-DOXSU,0.05,Low Risk,One year,59,61.35
2798-NYLMZ,0.05,Low Risk,Two year,71,108.55
3546-GHEAE,0.05,Low Risk,Two year,7,19.45
3134-DSHVC,0.05,Low Risk,Two year,63,98.0
8263-QMNTJ,0.05,Low Risk,Two year,72,115.55
7996-BPXHY,0.05,Low Risk,Two year,13,25.0
5061-PBXFW,0.05,Low Risk,Month-to-month,32,61.4
1090-PYKCI,0.05,Low Risk,One year,69,105.1
1790-NESIO,0.05,Low Risk,Two year,13,20.4
3351-NQLDI,0.05,Low Risk,One year,67,94.35
2868-LLSKM,0.05,Low Risk,One year,68,83.65
1069-QJOEE,0.05,Low Risk,One year,25,19.9
0907-HQNTS,0.05,Low Risk,Two year,70,113.0
9534-NSXEM,0.05,Low Risk,One year,26,20.65
3259-QMXUN,0.05,Low Risk,Two year,58,86.1
8559-WNQZS,0.05,Low Risk,Two year,1,20.45
2200-DSAAL,0.05,Low Risk,Two year,68,80.65
9924-JPRMC,0.05,Low Risk,Two year,72,118.2
7923-IYJWY,0.05,Low Risk,Two year,67,116.1
4627-MIHJH,0.05,Low Risk,Two year,69,110.25
9619-GSATL,0.05,Low Risk,One year,43,55.45
4369-NYSCF,0.05,Low Risk,One year,56,75.75
4707-YNOQA,0.05,Low Risk,One year,34,25.6
1163-VIPRI,0.05,Low Risk,Two year,65,109.3
0042-JVWOJ,0.05,Low Risk,One year,26,19.6
7055-JCGNI,0.05,Low Risk,Two year,70,111.95
8565-HBFNN,0.05,Low Risk,One year,69,107.2
6050-FFXES,0.05,Low Risk,Two year,69,105.35
6734-FQAJX,0.05,Low Risk,Two year,67,105.05
8612-GXIDD,0.05,Low Risk,Two year,12,25.4
4884-TVUQF,0.05,Low Risk,Two year,57,101.3
1178-PZGAB,0.05,Low Risk,One year,19,20.25
5271-YNWVR,0.05,Low Risk,Two year,68,113.15
8879-XUAHX,0.05,Low Risk,Two year,71,116.25
7951-VRDVK,0.05,Low Risk,One year,36,85.85
1998-VHJHK,0.05,Low Risk,One year,27,19.15
4853-RULSV,0.05,Low Risk,Two year,70,104.0
6670-MFRPK,0.05,Low Risk,Two year,69,79.2
8869-LIHMK,0.05,Low Risk,Two year,64,115.1
3324-OIRTO,0.05,Low Risk,One year,71,104.65
9541-PWTWO,0.05,Low Risk,Two year,52,80.95
0234-TEVTT,0.05,Low Risk,One year,48,45.0
0020-INWCK,0.05,Low Risk,Two year,71,95.75
5003-OKNNK,0.05,Low Risk,One year,15,20.35
9621-OUPYD,0.05,Low Risk,One year,25,20.2
9705-ZJBCG,0.05,Low Risk,One year,13,54.15
1552-TKMXS,0.05,Low Risk,Month-to-month,42,20.35
3705-RHRFR,0.05,Low Risk,Two year,69,99.15
0401-WDBXM,0.05,Low Risk,Two year,72,105.55
1303-SRDOK,0.05,Low Risk,Two year,55,69.05
7325-ENZFI,0.05,Low Risk,One year,39,40.3
9209-NWPGU,0.05,Low Risk,One year,44,65.4
5575-GNVDE,0.05,Low Risk,One year,34,56.95
5214-NLTIT,0.05,Low Risk,Two year,72,90.8
1455-HFBXA,0.05,Low Risk,Two year,52,91.6
3549-ZTMNH,0.05,Low Risk,Two year,12,24.0
8707-RMEZH,0.05,Low Risk,One year,69,87.3
0269-XFESX,0.05,Low Risk,One year,23,24.35
7527-QNRUS,0.05,Low Risk,Two year,17,25.15
8106-GWQOK,0.05,Low Risk,Two year,38,60.0
5135-GRQJV,0.05,Low Risk,Two year,72,114.5
5862-BRIXZ,0.05,Low Risk,Two year,46,60.75
6016-NXBNJ,0.05,Low Risk,One year,35,19.15
8328-SKJNO,0.05,Low Risk,One year,23,40.65
3082-YVEKW,0.05,Low Risk,Two year,23,77.15
8309-PPCED,0.05,Low Risk,Two year,72,110.45
5847-MXBEO,0.05,Low Risk,One year,22,20.3
7691-KGKGP,0.05,Low Risk,Month-to-month,53,65.0
8099-MZPUJ,0.05,Low Risk,Two year,48,111.8
7995-ZHHNZ,0.05,Low Risk,One year,42,56.1
4803-LBYPN,0.05,Low Risk,Month-to-month,34,20.8
8571-ZCMCX,0.05,Low Risk,Two year,47,60.0
0748-RDGGM,0.05,Low Risk,One year,70,109.5
8400-WZICQ,0.05,Low Risk,Month-to-month,55,55.7
1402-PTHGN,0.05,Low Risk,One year,18,61.5
4717-GHADL,0.05,Low Risk,Two year,50,79.6
5199-FPUSP,0.05,Low Risk,One year,33,34.05
7319-ZNRTR,0.05,Low Risk,One year,25,19.6
5762-TJXGK,0.05,Low Risk,Two year,52,58.75
0565-JUPYD,0.05,Low Risk,One year,63,104.5
6481-LXPWL,0.05,Low Risk,One year,56,36.1
5451-YHYPW,0.05,Low Risk,Two year,72,115.75
7168-HDQHG,0.05,Low Risk,Month-to-month,36,19.2
4578-PHJYZ,0.05,Low Risk,One year,52,68.75
9955-QOPOY,0.05,Low Risk,One year,69,60.8
4032-RMHCI,0.05,Low Risk,One year,41,35.4
4086-ATNFV,0.05,Low Risk,One year,34,60.8
6869-FGJJC,0.05,Low Risk,One year,68,79.6
8853-TZDGH,0.05,Low Risk,Two year,72,111.6
5327-XOKKY,0.05,Low Risk,Two year,72,73.45
4323-ELYYB,0.05,Low Risk,One year,13,20.0
2706-QZIHY,0.05,Low Risk,Two year,15,25.2
4616-EWBNJ,0.05,Low Risk,One year,16,20.1
3474-BAFSJ,0.05,Low Risk,Two year,57,57.5
1474-JUWSM,0.05,Low Risk,One year,58,68.4
0428-AXXLJ,0.05,Low Risk,One year,25,19.5
8984-HPEMB,0.05,Low Risk,Two year,71,118.65
8746-BFOAJ,0.05,Low Risk,One year,21,20.5
6543-JXSOO,0.05,Low Risk,One year,23,57.75
3125-RAHBV,0.05,Low Risk,One year,22,20.3
1439-LCGVL,0.05,Low Risk,One year,26,19.2
7696-AMHOD,0.05,Low Risk,One year,49,78.0
2829-HYVZP,0.05,Low Risk,One year,29,19.8
8348-JLBUG,0.05,Low Risk,One year,64,80.3
1094-BKOSX,0.05,Low Risk,One year,45,51.0
2188-SXWVT,0.05,Low Risk,One year,34,55.0
2245-ADZFJ,0.05,Low Risk,Two year,31,80.55
7338-ERIVA,0.05,Low Risk,One year,39,45.05
7868-TMWMZ,0.05,Low Risk,Two year,60,110.0
5312-TSZVC,0.05,Low Risk,One year,15,19.65
1272-ILHFG,0.05,Low Risk,One year,15,19.65
1444-VVSGW,0.05,Low Risk,One year,70,115.65
3283-WCWXT,0.05,Low Risk,Two year,6,25.4
0727-BNRLG,0.05,Low Risk,Two year,69,97.65
0572-ZJKLT,0.05,Low Risk,Two year,46,99.65
1682-VCOIO,0.05,Low Risk,One year,23,20.45
3452-FLHYD,0.05,Low Risk,One year,25,20.95
2453-SAFNS,0.05,Low Risk,One year,54,72.1
0074-HDKDG,0.05,Low Risk,One year,25,61.6
6048-UWKAL,0.05,Low Risk,Two year,69,105.4
9589-ABEPT,0.05,Low Risk,Two year,69,92.45
3026-ATZYV,0.05,Low Risk,One year,37,75.1
0930-EHUZA,0.05,Low Risk,One year,36,76.35
1291-CUOCY,0.05,Low Risk,Two year,72,110.6
5474-LAMUQ,0.05,Low Risk,One year,24,20.1
1866-NXPSP,0.05,Low Risk,One year,36,75.55
1661-CZBAU,0.05,Low Risk,One year,48,70.95
6682-VCIXC,0.05,Low Risk,One year,43,51.25
0121-SNYRK,0.05,Low Risk,One year,50,35.4
0056-EPFBG,0.05,Low Risk,Two year,20,39.4
9184-GALIL,0.05,Low Risk,Month-to-month,38,20.45
2933-XEUJM,0.05,Low Risk,Two year,46,79.2
8777-PVYGU,0.05,Low Risk,One year,52,64.3
4973-RLZVI,0.05,Low Risk,One year,30,74.65
3131-NWVFJ,0.05,Low Risk,One year,14,19.55
4909-JOUPP,0.05,Low Risk,Two year,72,109.7
9330-DHBFL,0.05,Low Risk,One year,23,66.25
8226-BXGES,0.05,Low Risk,One year,64,89.45
7279-NMVJC,0.05,Low Risk,One year,17,19.9
1222-KJNZD,0.05,Low Risk,Month-to-month,40,20.4
3523-BRGUW,0.05,Low Risk,One year,26,19.3
7876-AEHIG,0.05,Low Risk,One year,51,60.15
2039-JONDJ,0.05,Low Risk,One year,27,55.45
8166-ZZTFS,0.05,Low Risk,Two year,66,80.55
7672-VFMXZ,0.05,Low Risk,Month-to-month,57,55.7
3224-DFQNQ,0.05,Low Risk,One year,66,89.0
9867-XOBQA,0.05,Low Risk,Two year,21,53.15
1022-RKXDR,0.05,Low Risk,One year,41,24.85
2205-LPVGL,0.05,Low Risk,One year,58,89.85
9746-YKGXB,0.05,Low Risk,One year,52,44.25
0422-OHQHQ,0.05,Low Risk,One year,15,20.55
5110-CHOPY,0.05,Low Risk,Two year,60,53.6
8022-BECSI,0.05,Low Risk,One year,22,19.6
3778-FOAQW,0.05,Low Risk,One year,24,20.15
1038-ZAGBI,0.05,Low Risk,One year,12,19.8
9402-ROUMJ,0.05,Low Risk,One year,67,100.25
9845-QOMAD,0.05,Low Risk,One year,14,19.75
3022-BEXHZ,0.05,Low Risk,Two year,67,111.2
4092-OFQZS,0.05,Low Risk,One year,20,20.65
9199-PWQVC,0.05,Low Risk,One year,63,79.7
1839-UMACK,0.05,Low Risk,One year,42,25.05
7196-LIWRH,0.05,Low Risk,Two year,6,19.55
0862-PRCBS,0.05,Low Risk,Two year,68,103.75
2773-MADBQ,0.05,Low Risk,Two year,36,53.1
8630-QSGXK,0.05,Low Risk,Two year,51,75.2
5245-VDBUR,0.05,Low Risk,One year,52,35.45
9236-NDUCW,0.05,Low Risk,Two year,21,35.1
2511-MORQY,0.05,Low Risk,One year,50,54.9
1401-FTHFQ,0.05,Low Risk,One year,23,20.0
3985-HOYPM,0.05,Low Risk,One year,26,19.4
1752-OZXFY,0.04,Low Risk,One year,60,59.8
1320-GVNHT,0.04,Low Risk,Two year,72,108.4
2030-BTZRO,0.04,Low Risk,Two year,6,20.4
8277-RVRSV,0.04,Low Risk,One year,33,24.15
8292-FRFZQ,0.04,Low Risk,One year,39,41.15
6252-DFGTK,0.04,Low Risk,One year,37,68.1
3407-JMJQQ,0.04,Low Risk,Two year,71,109.0
4174-LPGTI,0.04,Low Risk,One year,41,66.5
5965-GGPRW,0.04,Low Risk,Two year,72,105.25
6754-WKSHP,0.04,Low Risk,One year,30,25.35
2380-DAMQP,0.04,Low Risk,Two year,72,115.15
2138-VFAPZ,0.04,Low Risk,Two year,14,19.7
9648-BCHKM,0.04,Low Risk,Two year,18,24.65
9347-AERRL,0.04,Low Risk,One year,23,19.3
5183-KLYEM,0.04,Low Risk,Two year,72,112.75
2335-GSODA,0.04,Low Risk,Two year,23,40.1
3585-YNADK,0.04,Low Risk,One year,57,74.6
3249-VHRIP,0.04,Low Risk,Two year,62,43.6
9746-UGFAC,0.04,Low Risk,One year,22,20.85
0859-YGKFW,0.04,Low Risk,One year,18,20.05
1354-YZFNB,0.04,Low Risk,Two year,4,19.55
8029-XYPWT,0.04,Low Risk,Two year,71,115.05
0872-CASZJ,0.04,Low Risk,One year,59,69.1
9174-IHETN,0.04,Low Risk,Two year,50,70.35
5063-IUOKK,0.04,Low Risk,Two year,13,19.75
4632-PAOYU,0.04,Low Risk,One year,22,19.95
2995-YWTCD,0.04,Low Risk,Two year,19,24.9
1099-GODLO,0.04,Low Risk,Two year,1,20.35
3926-YZVVX,0.04,Low Risk,One year,41,50.05
3214-IYUUQ,0.04,Low Risk,One year,61,93.7
5306-BVTKJ,0.04,Low Risk,One year,48,55.8
8668-KNZTI,0.04,Low Risk,One year,52,53.75
6368-TZZDT,0.04,Low Risk,Two year,4,19.5
7994-XIRTR,0.04,Low Risk,One year,54,65.25
3057-VJJQE,0.04,Low Risk,Two year,35,55.25
8608-OZTLB,0.04,Low Risk,One year,38,74.05
3301-VKTGC,0.04,Low Risk,One year,68,85.5
7472-EQOAV,0.04,Low Risk,One year,71,86.7
6103-QCKFX,0.04,Low Risk,Month-to-month,44,56.25
7781-EWARA,0.04,Low Risk,One year,70,60.35
3508-CFVZL,0.04,Low Risk,Two year,71,111.3
0657-DOGUM,0.04,Low Risk,One year,48,60.6
9289-LBQVU,0.04,Low Risk,One year,64,70.15
9788-HNGUT,0.04,Low Risk,Two year,72,116.95
4750-UKWJK,0.04,Low Risk,One year,37,19.6
6726-NNFWD,0.04,Low Risk,Two year,71,89.45
7619-PLRLP,0.04,Low Risk,One year,53,74.1
1576-PFZIW,0.04,Low Risk,Two year,70,105.35
8085-MSNLK,0.04,Low Risk,Two year,62,113.95
6047-SUHPR,0.04,Low Risk,One year,39,59.8
9625-QNLUX,0.04,Low Risk,Two year,68,103.25
4942-VZZOM,0.04,Low Risk,One year,64,66.15
5519-TEEUH,0.04,Low Risk,One year,33,20.15
9801-NOSHQ,0.04,Low Risk,One year,23,19.8
8901-UPRHR,0.04,Low Risk,Two year,72,109.2
1599-MMYRQ,0.04,Low Risk,One year,62,81.45
8821-KVZKQ,0.04,Low Risk,One year,70,58.4
1929-ZCBHE,0.04,Low Risk,One year,47,40.3
3186-AJIEK,0.04,Low Risk,Two year,66,105.65
1821-BUCWY,0.04,Low Risk,Two year,30,55.65
5917-RYRMG,0.04,Low Risk,One year,32,19.8
0023-UYUPN,0.04,Low Risk,One year,50,25.2
8510-BBWMU,0.04,Low Risk,One year,41,19.75
7710-JSYOA,0.04,Low Risk,Two year,69,93.3
6478-HRRCZ,0.04,Low Risk,One year,32,70.5
2388-LAESQ,0.04,Low Risk,Two year,72,114.85
1139-WUOAH,0.04,Low Risk,Two year,57,53.35
5641-DMBFJ,0.04,Low Risk,Two year,58,84.3
4709-LKHYG,0.04,Low Risk,One year,29,20.0
9830-ECLEN,0.04,Low Risk,One year,58,50.0
4950-HKQTE,0.04,Low Risk,Two year,22,26.25
9885-MFVSU,0.04,Low Risk,Two year,35,46.35
9531-NSBMR,0.04,Low Risk,One year,36,19.25
8015-IHCGW,0.04,Low Risk,Two year,72,115.5
8884-MRNSU,0.04,Low Risk,One year,17,19.9
5170-PTRKA,0.04,Low Risk,One year,49,35.8
8670-MEFCP,0.04,Low Risk,Two year,36,92.9
1093-YSWCA,0.04,Low Risk,Two year,11,19.55
3298-QEICA,0.04,Low Risk,Two year,23,34.6
6339-TBELP,0.04,Low Risk,Two year,71,86.4
9702-AIUJO,0.04,Low Risk,One year,50,44.8
5495-GPSRW,0.04,Low Risk,Two year,20,19.7
4513-CXYIX,0.04,Low Risk,Two year,71,80.7
6211-WWLTF,0.04,Low Risk,Two year,63,99.7
1043-UXOVO,0.04,Low Risk,Two year,71,113.15
6614-FHDBO,0.04,Low Risk,Two year,72,109.2
7255-SSFBC,0.04,Low Risk,Two year,72,112.25
4163-NCJAK,0.04,Low Risk,One year,46,24.45
4686-GEFRM,0.04,Low Risk,Two year,70,98.7
0019-EFAEP,0.04,Low Risk,Two year,72,101.3
4957-TIALW,0.04,Low Risk,One year,15,65.6
8873-TMKGR,0.04,Low Risk,One year,29,19.1
4584-LBNMK,0.04,Low Risk,One year,45,24.7
2749-CTKAJ,0.04,Low Risk,One year,22,20.15
6904-JLBGY,0.04,Low Risk,Two year,72,117.35
6100-FJZDG,0.04,Low Risk,One year,26,20.05
7636-PEPNS,0.04,Low Risk,One year,58,44.1
8717-VCTXJ,0.04,Low Risk,One year,42,19.55
5214-CHIWJ,0.04,Low Risk,One year,27,20.3
2325-ZUSFD,0.04,Low Risk,One year,57,70.1
8194-PEEBY,0.04,Low Risk,One year,24,19.9
6559-ILWKJ,0.04,Low Risk,Two year,71,49.35
1051-EQPZR,0.04,Low Risk,Month-to-month,44,19.6
7100-FQPRV,0.04,Low Risk,One year,43,71.9
8908-SLFCJ,0.04,Low Risk,Two year,21,20.85
2587-YNLES,0.04,Low Risk,Two year,6,20.1
7005-CYUIL,0.04,Low Risk,Two year,71,99.4
5014-GSOUQ,0.04,Low Risk,Two year,13,19.95
4500-HKANN,0.04,Low Risk,Two year,23,59.7
6848-YLDFR,0.04,Low Risk,One year,58,75.2
5825-XJOCM,0.04,Low Risk,One year,48,64.4
9108-EQPNQ,0.04,Low Risk,Two year,10,26.1
7321-ZNSLA,0.04,Low Risk,Two year,13,40.55
0840-DCNZE,0.04,Low Risk,One year,47,86.95
5914-GXMDA,0.04,Low Risk,One year,32,19.3
4111-BNXIF,0.04,Low Risk,Two year,67,59.55
2466-FCCPT,0.04,Low Risk,One year,20,19.7
1325-USMEC,0.04,Low Risk,Two year,70,99.35
2878-RMWXY,0.04,Low Risk,Two year,72,102.65
6518-KZXCB,0.04,Low Risk,Two year,22,25.25
2321-OMBXY,0.04,Low Risk,One year,38,80.3
4530-NDRKU,0.04,Low Risk,One year,42,19.05
4716-MRVEN,0.04,Low Risk,One year,29,20.0
5172-RKOCB,0.04,Low Risk,Two year,72,108.95
5469-NUJUR,0.04,Low Risk,Two year,19,19.95
6061-PQHMK,0.04,Low Risk,One year,25,19.9
0253-ZTEOB,0.04,Low Risk,Two year,48,79.65
7690-KPNCU,0.04,Low Risk,One year,64,73.05
9194-GFVOI,0.04,Low Risk,Two year,42,84.35
6082-OQFBA,0.04,Low Risk,One year,23,19.65
1779-PWPMG,0.04,Low Risk,Two year,72,114.65
8007-YYPWD,0.04,Low Risk,Two year,15,25.05
3308-JSGML,0.04,Low Risk,Two year,59,64.05
0679-TDGAK,0.04,Low Risk,One year,50,75.5
9938-TKDGL,0.04,Low Risk,Two year,68,99.55
6061-GWWAV,0.04,Low Risk,One year,41,70.2
1734-ZMNTZ,0.04,Low Risk,Two year,11,25.0
7520-HQWJU,0.04,Low Risk,Month-to-month,66,67.45
2017-CCBLH,0.04,Low Risk,Two year,8,20.0
6188-UXBBR,0.04,Low Risk,One year,38,20.25
1741-WTPON,0.04,Low Risk,Two year,56,115.85
1834-ABKHQ,0.04,Low Risk,One year,52,50.95
7375-WMVMT,0.04,Low Risk,Two year,71,95.5
5855-EIBDE,0.04,Low Risk,Two year,49,106.65
4452-ROHMO,0.04,Low Risk,Two year,15,19.6
6194-HBGQN,0.04,Low Risk,One year,51,81.15
9742-XOKTS,0.04,Low Risk,One year,67,89.55
5876-QMYLD,0.04,Low Risk,One year,23,20.05
5197-YPYBZ,0.04,Low Risk,Two year,12,25.25
4778-IZARL,0.04,Low Risk,Two year,63,110.1
9298-WGMRW,0.04,Low Risk,Two year,72,115.5
3547-LQRIK,0.04,Low Risk,One year,47,26.9
4106-HADHQ,0.04,Low Risk,One year,39,80.0
3766-EJLFL,0.04,Low Risk,Two year,68,109.05
8748-HFWBO,0.04,Low Risk,One year,19,19.9
3982-JGSFD,0.04,Low Risk,One year,36,20.35
6122-EFVKN,0.04,Low Risk,Two year,24,35.75
0619-OLYUR,0.04,Low Risk,Two year,72,111.9
2190-PHBHR,0.04,Low Risk,Two year,72,94.45
1407-DIGZV,0.04,Low Risk,Two year,3,19.1
4815-YOSUK,0.04,Low Risk,One year,72,104.9
7029-IJEJK,0.04,Low Risk,One year,54,44.1
7581-EBBOU,0.04,Low Risk,One year,60,70.15
3727-OWVYD,0.04,Low Risk,One year,35,61.2
5914-XRFQB,0.04,Low Risk,Two year,72,115.8
3617-XLSGQ,0.04,Low Risk,Two year,66,109.25
8975-SKGRX,0.04,Low Risk,Two year,71,116.1
6176-YJWAS,0.04,Low Risk,Two year,72,97.95
7244-KXYZN,0.04,Low Risk,One year,24,20.45
5871-DGTXZ,0.04,Low Risk,One year,32,19.8
1834-WULEG,0.04,Low Risk,One year,24,20.25
1897-RCFUM,0.04,Low Risk,One year,39,24.2
6650-BWFRT,0.04,Low Risk,Two year,72,117.15
2790-XUYMV,0.04,Low Risk,One year,71,85.45
4702-HDRKD,0.04,Low Risk,One year,67,49.35
0942-KOWSM,0.04,Low Risk,Two year,30,80.8
0487-CRLZF,0.04,Low Risk,Two year,49,74.45
3594-BDSOA,0.04,Low Risk,One year,24,20.4
9640-ZSLDC,0.04,Low Risk,One year,53,60.6
9127-FHJBZ,0.04,Low Risk,Two year,72,114.0
8165-CBKXO,0.04,Low Risk,Two year,66,56.75
0219-QAERP,0.04,Low Risk,One year,30,19.8
9959-WOFKT,0.04,Low Risk,Two year,71,106.7
5204-HMGYF,0.04,Low Risk,One year,49,87.2
3658-QQJYD,0.04,Low Risk,One year,62,74.3
3850-OKINF,0.04,Low Risk,One year,71,66.2
6244-BESBM,0.04,Low Risk,Two year,69,95.2
5726-CVNYA,0.04,Low Risk,Two year,8,19.85
1150-WFARN,0.04,Low Risk,Two year,67,108.75
3717-FDJFU,0.04,Low Risk,Two year,5,20.45
8606-CIQUL,0.04,Low Risk,Two year,72,115.75
2927-CVULT,0.04,Low Risk,Two year,53,104.05
0254-KCJGT,0.04,Low Risk,One year,52,81.4
7137-NAXML,0.04,Low Risk,One year,23,20.15
6999-CHVCF,0.04,Low Risk,Two year,68,102.1
1480-BKXGA,0.04,Low Risk,Two year,72,116.05
3580-HYCSP,0.04,Low Risk,Two year,72,110.3
4115-UMJFQ,0.04,Low Risk,One year,69,35.75
0670-ANMUU,0.04,Low Risk,One year,71,97.65
3669-WHAFY,0.04,Low Risk,Two year,71,115.15
6479-OAUSD,0.04,Low Risk,One year,25,19.9
4795-UXVCJ,0.04,Low Risk,One year,26,19.8
5887-IKKYO,0.04,Low Risk,Two year,58,94.35
0197-PNKNK,0.04,Low Risk,One year,69,84.45
3055-VTCGS,0.04,Low Risk,One year,63,58.55
2282-YGNOR,0.04,Low Risk,One year,29,58.0
6223-DHJGV,0.04,Low Risk,One year,42,20.65
1841-YSJGV,0.04,Low Risk,Two year,72,109.95
4859-ZSRDZ,0.04,Low Risk,Two year,58,55.5
0516-VRYBW,0.04,Low Risk,One year,18,20.15
9777-IQHWP,0.04,Low Risk,Two year,64,93.4
8591-TKMZH,0.04,Low Risk,Two year,59,111.1
7765-LWVVH,0.04,Low Risk,Two year,72,95.1
2348-KCJLT,0.04,Low Risk,One year,44,61.5
6584-VQMYT,0.04,Low Risk,One year,27,56.2
2323-ARSVR,0.04,Low Risk,Two year,67,111.05
3506-OVLKD,0.04,Low Risk,One year,35,26.2
2027-DNKIV,0.04,Low Risk,One year,37,58.75
8763-KIAFH,0.04,Low Risk,One year,27,20.55
7446-SFAOA,0.04,Low Risk,One year,37,19.85
9070-BCKQP,0.04,Low Risk,Two year,72,110.15
6993-YGFJV,0.04,Low Risk,Two year,69,112.55
8628-MFKAX,0.04,Low Risk,Two year,72,116.75
6447-EGDIV,0.04,Low Risk,One year,31,20.95
4854-SSLTN,0.04,Low Risk,Two year,2,59.5
8745-PVESG,0.04,Low Risk,One year,57,41.1
2150-OEGBV,0.04,Low Risk,One year,27,20.1
5232-NXPAY,0.04,Low Risk,Two year,47,74.45
0754-EEBDC,0.04,Low Risk,Two year,4,19.9
4685-TFLLS,0.04,Low Risk,One year,18,19.8
7176-WRTNX,0.04,Low Risk,Two year,70,114.95
9030-QGZNL,0.04,Low Risk,Two year,8,20.85
9150-KPBJQ,0.04,Low Risk,Two year,6,19.65
3963-RYFNS,0.04,Low Risk,Two year,72,116.45
1154-HYWWO,0.04,Low Risk,One year,38,70.6
0254-FNMCI,0.04,Low Risk,Two year,72,109.9
7632-YUTXB,0.04,Low Risk,One year,25,20.05
0810-DHDBD,0.04,Low Risk,One year,52,74.0
9351-HXDMR,0.04,Low Risk,Two year,72,110.9
2368-GAKKQ,0.04,Low Risk,Two year,70,113.65
2121-JAFOM,0.04,Low Risk,Two year,72,115.55
7795-CFOCW,0.04,Low Risk,One year,45,42.3
1245-HARPS,0.04,Low Risk,Two year,14,20.4
1271-UODNO,0.04,Low Risk,Two year,39,53.85
3181-VTHOE,0.04,Low Risk,One year,70,51.05
6527-PZFPV,0.04,Low Risk,One year,24,20.8
7269-JISCY,0.04,Low Risk,One year,55,45.05
8883-ANODQ,0.04,Low Risk,Two year,68,84.4
1561-BWHIN,0.04,Low Risk,One year,19,19.8
6823-SIDFQ,0.04,Low Risk,One year,28,18.25
2676-SSLTO,0.04,Low Risk,Two year,49,66.15
5038-ETMLM,0.04,Low Risk,Two year,72,113.65
9239-GZHZE,0.04,Low Risk,Two year,72,113.65
6698-OXETB,0.04,Low Risk,Two year,11,20.4
3244-CQPHU,0.04,Low Risk,Two year,72,110.1
3705-PSNGL,0.04,Low Risk,One year,45,20.4
1982-FEBTD,0.04,Low Risk,Two year,23,25.6
8779-YIQQA,0.04,Low Risk,One year,21,19.8
3422-WJOYD,0.04,Low Risk,One year,28,54.35
8388-DMKAE,0.04,Low Risk,Two year,8,20.25
7037-MTYVW,0.04,Low Risk,Two year,38,85.4
5256-SKJGO,0.04,Low Risk,Two year,64,54.6
8314-HTWVE,0.04,Low Risk,Two year,7,19.85
7026-YMSBE,0.04,Low Risk,One year,30,19.7
9560-BBZXK,0.04,Low Risk,Two year,36,31.05
4135-FRWKJ,0.04,Low Risk,One year,55,76.25
1872-EBWSC,0.04,Low Risk,One year,29,20.35
9637-CDTKZ,0.04,Low Risk,Two year,72,114.1
9424-CMPOG,0.03,Low Risk,Two year,9,19.6
9053-JZFKV,0.03,Low Risk,Two year,67,116.2
6064-PUPMC,0.03,Low Risk,One year,23,57.2
0320-DWVTU,0.03,Low Risk,Two year,53,99.5
1032-MAELW,0.03,Low Risk,One year,68,78.45
2890-WFBHU,0.03,Low Risk,One year,59,79.85
0835-DUUIQ,0.03,Low Risk,One year,24,21.05
7030-FZTFM,0.03,Low Risk,Two year,72,110.9
5512-IDZEI,0.03,Low Risk,One year,46,24.9
5055-BRMNE,0.03,Low Risk,Two year,67,106.7
6161-ERDGD,0.03,Low Risk,One year,71,85.45
1194-BHJYC,0.03,Low Risk,Two year,61,62.15
4114-QMKVN,0.03,Low Risk,One year,56,68.75
6901-GOGZG,0.03,Low Risk,Two year,60,84.95
0906-QVPMS,0.03,Low Risk,Two year,72,115.15
4872-VXRIL,0.03,Low Risk,One year,56,64.65
5906-CVLHP,0.03,Low Risk,One year,45,54.15
0013-SMEOE,0.03,Low Risk,Two year,71,109.7
4636-OLWOE,0.03,Low Risk,One year,54,61.0
8869-TORSS,0.03,Low Risk,One year,48,60.35
7025-WCBNE,0.03,Low Risk,Two year,47,59.6
9802-CAQUT,0.03,Low Risk,Two year,72,109.55
7602-MVRMB,0.03,Low Risk,Two year,72,110.45
9570-KYEUA,0.03,Low Risk,Two year,64,99.25
1089-XZWHH,0.03,Low Risk,Two year,24,19.7
4538-WNTMJ,0.03,Low Risk,One year,46,24.95
6064-ZATLR,0.03,Low Risk,Two year,27,52.85
1352-HNSAW,0.03,Low Risk,Two year,72,115.6
7247-XOZPB,0.03,Low Risk,One year,53,77.4
1843-TLSGD,0.03,Low Risk,Two year,13,20.85
6898-RBTLU,0.03,Low Risk,Two year,49,79.3
9251-WNSOD,0.03,Low Risk,One year,67,75.1
7596-IIWYC,0.03,Low Risk,Two year,27,20.25
0017-IUDMW,0.03,Low Risk,Two year,72,116.8
2650-GYRYL,0.03,Low Risk,One year,33,19.45
6859-QNXIQ,0.03,Low Risk,Two year,72,113.1
8148-WOCMK,0.03,Low Risk,Two year,8,19.6
0757-WCUUZ,0.03,Low Risk,Two year,54,63.35
6693-DJWTY,0.03,Low Risk,One year,35,55.6
5781-BKHOP,0.03,Low Risk,Two year,72,100.65
1063-DHQJF,0.03,Low Risk,Two year,69,92.15
4877-TSOFF,0.03,Low Risk,One year,55,75.75
6352-GIGGQ,0.03,Low Risk,One year,67,88.8
0191-EQUUH,0.03,Low Risk,Two year,25,35.05
8454-AATJP,0.03,Low Risk,Two year,72,115.05
6339-RZCBJ,0.03,Low Risk,Two year,48,78.9
1937-OTUKY,0.03,Low Risk,Two year,72,98.2
4615-PIVVU,0.03,Low Risk,Two year,42,66.5
7473-ZBDSN,0.03,Low Risk,Two year,14,18.8
8480-PPONV,0.03,Low Risk,Two year,62,115.55
2333-KWEWW,0.03,Low Risk,Two year,18,20.05
5893-PYOLZ,0.03,Low Risk,Two year,56,81.8
0064-SUDOG,0.03,Low Risk,Two year,12,20.3
0224-NIJLP,0.03,Low Risk,Two year,8,20.15
1725-IQNIY,0.03,Low Risk,Two year,54,109.75
9018-PCIOK,0.03,Low Risk,Two year,55,64.75
0014-BMAQU,0.03,Low Risk,Two year,63,84.65
4213-HKBJO,0.03,Low Risk,Two year,33,25.7
4304-XUMGI,0.03,Low Risk,Two year,50,75.15
6919-ELBGL,0.03,Low Risk,Two year,72,114.95
7730-CLDSV,0.03,Low Risk,Two year,72,98.65
3442-ZHHCC,0.03,Low Risk,One year,68,76.9
4227-OJHAL,0.03,Low Risk,One year,68,73.0
3812-LRZIR,0.03,Low Risk,Two year,27,24.5
4039-PIMHX,0.03,Low Risk,Two year,49,49.8
4835-YSJMR,0.03,Low Risk,Two year,39,49.8
7670-ZBPOQ,0.03,Low Risk,One year,58,61.05
6007-TCTST,0.03,Low Risk,Two year,72,115.8
6814-ZPWFQ,0.03,Low Risk,One year,51,25.0
6609-MXJHJ,0.03,Low Risk,Two year,30,25.1
0378-CJKPV,0.03,Low Risk,Two year,72,112.1
3726-TBHQT,0.03,Low Risk,Two year,71,114.0
1023-BQXZE,0.03,Low Risk,Two year,57,74.35
6696-YDAYZ,0.03,Low Risk,Two year,16,20.5
5318-YKDPV,0.03,Low Risk,Two year,43,79.15
7337-CINUD,0.03,Low Risk,Two year,8,19.5
1552-CZCLL,0.03,Low Risk,Month-to-month,55,20.0
2351-BKRZW,0.03,Low Risk,Two year,43,75.2
0979-MOZQI,0.03,Low Risk,Two year,62,39.0
4597-ELFTS,0.03,Low Risk,One year,56,24.9
8098-TDCBU,0.03,Low Risk,Two year,42,25.25
3258-SYSWS,0.03,Low Risk,Two year,72,113.8
6810-VCAEX,0.03,Low Risk,One year,47,39.65
9926-PJHDQ,0.03,Low Risk,Two year,72,76.8
3174-AKMAS,0.03,Low Risk,Two year,46,64.2
7779-ORAEL,0.03,Low Risk,Two year,45,75.15
1265-BCFEO,0.03,Low Risk,Two year,71,80.45
6872-HXFNF,0.03,Low Risk,One year,64,58.35
4381-MHQDC,0.03,Low Risk,Two year,47,65.0
7109-CQYUZ,0.03,Low Risk,Two year,52,89.25
8871-JLMHM,0.03,Low Risk,Two year,68,90.2
0739-UUAJR,0.03,Low Risk,Two year,72,53.8
5313-FPXWG,0.03,Low Risk,One year,51,24.6
8670-ERCJH,0.03,Low Risk,Two year,72,113.4
1395-WSWXR,0.03,Low Risk,Two year,24,20.75
2324-AALNO,0.03,Low Risk,One year,48,24.55
4573-JKNAE,0.03,Low Risk,Two year,12,19.35
3230-IUALN,0.03,Low Risk,Two year,45,81.0
5158-RIVOP,0.03,Low Risk,Two year,11,20.9
8143-ETQTI,0.03,Low Risk,Two year,23,19.65
5788-YPOEG,0.03,Low Risk,Two year,34,84.75
6437-UDQJM,0.03,Low Risk,Two year,72,84.1
1776-SPBWV,0.03,Low Risk,One year,34,20.1
0266-GMEAO,0.03,Low Risk,Two year,72,114.3
5574-NXZIU,0.03,Low Risk,Two year,63,109.2
1403-LKLIK,0.03,Low Risk,One year,33,20.1
9782-LGXMC,0.03,Low Risk,Month-to-month,49,61.75
5148-HKFIR,0.03,Low Risk,Two year,20,19.7
9581-GVBXT,0.03,Low Risk,One year,59,34.8
6549-BTYPG,0.03,Low Risk,Two year,60,60.8
7138-GIRSH,0.03,Low Risk,Two year,50,69.5
3865-ZFZIB,0.03,Low Risk,Two year,19,19.65
1525-LNLOJ,0.03,Low Risk,Two year,66,63.3
9066-QRSDU,0.03,Low Risk,One year,69,26.3
7471-MQPOS,0.03,Low Risk,One year,71,72.9
3396-DKDEL,0.03,Low Risk,Two year,70,115.15
5849-ASHZJ,0.03,Low Risk,One year,27,20.05
3129-AAQOU,0.03,Low Risk,Two year,19,25.6
7945-HLKEA,0.03,Low Risk,One year,60,64.75
2223-GDSHL,0.03,Low Risk,Two year,71,116.05
6754-LZUKA,0.03,Low Risk,Two year,61,80.9
5989-AXPUC,0.03,Low Risk,Two year,68,118.6
2332-TODQS,0.03,Low Risk,One year,48,25.05
8008-OTEZX,0.03,Low Risk,One year,35,19.65
3882-IYOIJ,0.03,Low Risk,Two year,60,115.25
2266-FUBDZ,0.03,Low Risk,Two year,15,19.35
1755-FZQEC,0.03,Low Risk,One year,39,19.9
6261-RCVNS,0.03,Low Risk,One year,42,73.9
2005-DWQZJ,0.03,Low Risk,Two year,8,19.05
2632-IVXVF,0.03,Low Risk,Two year,68,111.75
8915-NNTRC,0.03,Low Risk,Two year,72,107.7
3230-JCNZS,0.03,Low Risk,Two year,71,99.0
7951-QKZPL,0.03,Low Risk,Two year,33,24.5
2541-YGPKE,0.03,Low Risk,One year,42,63.7
8515-OCTJS,0.03,Low Risk,Two year,25,24.75
5380-XPJNZ,0.03,Low Risk,One year,38,20.05
4304-TSPVK,0.03,Low Risk,Two year,68,114.9
3891-NLXJB,0.03,Low Risk,Two year,37,40.55
1934-MKPXS,0.03,Low Risk,One year,33,20.1
4999-IEZLT,0.03,Low Risk,One year,66,29.45
3908-MKIMJ,0.03,Low Risk,Two year,68,41.95
9680-NIAUV,0.03,Low Risk,Two year,72,109.7
8639-NHQEI,0.03,Low Risk,Two year,72,95.9
8466-PZBLH,0.03,Low Risk,Two year,67,104.6
4893-GYUJU,0.03,Low Risk,One year,50,19.35
4994-OBRSZ,0.03,Low Risk,Two year,14,76.1
7277-KAMWT,0.03,Low Risk,Two year,13,20.0
5918-VUKWP,0.03,Low Risk,One year,32,20.55
3266-FTKHB,0.03,Low Risk,Two year,17,19.15
5696-CEIQJ,0.03,Low Risk,Two year,67,103.15
4648-YPBTM,0.03,Low Risk,Two year,53,73.9
2361-UPSND,0.03,Low Risk,One year,46,70.6
2055-BFOCC,0.03,Low Risk,One year,63,84.0
0854-UYHZD,0.03,Low Risk,Two year,13,19.55
5716-EZXZN,0.03,Low Risk,Two year,65,99.05
0298-XACET,0.03,Low Risk,Two year,52,50.2
0164-XAIRP,0.03,Low Risk,Two year,24,19.55
4962-CHQPW,0.03,Low Risk,One year,29,19.85
0804-YGEQV,0.03,Low Risk,One year,43,24.45
3486-NPGST,0.03,Low Risk,One year,36,19.55
1699-TLDLZ,0.03,Low Risk,Two year,16,19.7
3352-RICWQ,0.03,Low Risk,Two year,9,19.75
6445-TNRXS,0.03,Low Risk,Two year,68,114.7
9995-HOTOH,0.03,Low Risk,Two year,63,59.0
8782-NUUOL,0.03,Low Risk,One year,60,79.0
0565-IYCGT,0.03,Low Risk,One year,69,78.6
3458-IDMFK,0.03,Low Risk,Two year,25,20.75
2999-AANRQ,0.03,Low Risk,Two year,21,71.05
8760-ZRHKE,0.03,Low Risk,One year,71,69.2
8884-FEEWR,0.03,Low Risk,One year,35,20.6
7017-VFHAY,0.03,Low Risk,Two year,61,115.1
4891-NLUBA,0.03,Low Risk,Two year,61,61.45
1488-PBLJN,0.03,Low Risk,Two year,72,116.85
8510-TMWYB,0.03,Low Risk,Two year,54,59.8
9227-UAQFT,0.03,Low Risk,Two year,16,19.75
4981-FLTMF,0.03,Low Risk,Month-to-month,57,65.2
3258-ZKPAI,0.03,Low Risk,Two year,72,116.6
0181-RITDD,0.03,Low Risk,Two year,62,108.15
0945-TSONX,0.03,Low Risk,Two year,47,85.3
6374-NTQLP,0.03,Low Risk,Two year,72,104.1
7328-OWMOM,0.03,Low Risk,One year,31,20.1
4703-MQYKT,0.03,Low Risk,Two year,21,19.6
9102-OXKFY,0.03,Low Risk,Two year,59,54.15
3892-NXAZG,0.03,Low Risk,Two year,72,114.05
3653-NCRDJ,0.03,Low Risk,One year,43,19.2
5197-LQXXH,0.03,Low Risk,Two year,71,83.3
3460-TJBWI,0.03,Low Risk,Two year,24,24.2
8144-DGHXP,0.03,Low Risk,Two year,54,80.6
5906-DVAPM,0.03,Low Risk,One year,55,75.0
0536-ESJEP,0.03,Low Risk,Two year,54,74.55
3721-WKIIL,0.03,Low Risk,Two year,27,19.6
9178-JHUVJ,0.03,Low Risk,Two year,24,24.1
0868-VJRDR,0.03,Low Risk,Two year,64,104.05
1371-OJCEK,0.03,Low Risk,One year,48,24.35
7929-SKFGK,0.03,Low Risk,Two year,70,114.3
9720-JJJOR,0.03,Low Risk,One year,41,60.3
7173-TETGO,0.03,Low Risk,Two year,72,78.5
3401-URHDA,0.03,Low Risk,One year,51,59.9
9530-GRMJG,0.03,Low Risk,Two year,70,84.1
1092-WPIVQ,0.03,Low Risk,Two year,18,25.1
7359-WWYJV,0.03,Low Risk,Two year,72,114.45
7639-LIAYI,0.03,Low Risk,Two year,52,79.75
1298-PHBTI,0.03,Low Risk,Two year,71,84.8
6827-IEAUQ,0.03,Low Risk,One year,27,66.15
3841-NFECX,0.03,Low Risk,Two year,71,96.35
3605-JISKB,0.03,Low Risk,One year,55,60.0
9548-LERKT,0.03,Low Risk,Two year,24,19.75
4560-WQAQW,0.03,Low Risk,One year,59,68.7
5375-XLDOF,0.03,Low Risk,Two year,69,114.35
6166-YIPFO,0.03,Low Risk,Two year,72,64.7
6322-HRPFA,0.03,Low Risk,Month-to-month,49,59.6
9500-IWPXQ,0.03,Low Risk,One year,61,79.4
4254-QPEDE,0.03,Low Risk,Two year,52,66.25
6950-TWMYB,0.03,Low Risk,Two year,54,79.95
9224-VTYID,0.03,Low Risk,Two year,47,90.5
8932-CZHRQ,0.03,Low Risk,One year,68,76.75
3655-SNQYZ,0.03,Low Risk,Two year,69,113.25
7469-LKBCI,0.03,Low Risk,Two year,16,18.95
4565-EVZMJ,0.03,Low Risk,One year,47,58.9
5583-EJXRD,0.03,Low Risk,Two year,44,54.05
8512-WIWYV,0.03,Low Risk,One year,32,20.35
0334-ZFJSR,0.03,Low Risk,One year,55,66.05
3021-VLNRJ,0.03,Low Risk,One year,50,70.8
7570-WELNY,0.03,Low Risk,Two year,68,84.7
1555-DJEQW,0.03,Low Risk,Two year,70,114.2
0057-QBUQH,0.03,Low Risk,Two year,43,25.1
8331-ZXFOE,0.03,Low Risk,One year,58,71.1
5129-HHMZC,0.03,Low Risk,Two year,43,86.45
8809-XKHMD,0.03,Low Risk,Two year,72,100.55
8966-OIQHG,0.03,Low Risk,One year,22,20.75
5057-RKGLH,0.03,Low Risk,Two year,9,20.35
2808-CHTDM,0.03,Low Risk,Two year,23,25.1
7190-XHTWJ,0.03,Low Risk,One year,38,19.3
5627-TVBPP,0.03,Low Risk,One year,35,20.1
1328-EUZHC,0.03,Low Risk,Two year,18,20.1
1265-HVPZB,0.03,Low Risk,One year,59,66.4
8958-JPTRR,0.03,Low Risk,One year,56,24.3
6990-YNRIO,0.03,Low Risk,Two year,65,108.65
5149-QYTTU,0.03,Low Risk,One year,71,95.15
5317-FLPJF,0.03,Low Risk,Two year,66,61.35
3911-RSNHI,0.03,Low Risk,Two year,71,61.4
6691-CCIHA,0.03,Low Risk,Two year,62,84.95
9225-BZLNZ,0.03,Low Risk,Two year,72,85.25
6229-UOLQL,0.03,Low Risk,One year,56,52.0
2516-XSJKX,0.03,Low Risk,Two year,41,78.45
3887-PBQAO,0.03,Low Risk,One year,45,25.9
5840-NVDCG,0.03,Low Risk,Two year,16,68.25
5696-EXCYS,0.03,Low Risk,Two year,17,19.45
0731-EBJQB,0.03,Low Risk,One year,52,20.4
5442-PPTJY,0.03,Low Risk,Two year,12,19.7
3078-ZKNTS,0.03,Low Risk,Two year,13,19.75
2878-DHMIN,0.03,Low Risk,One year,35,19.9
8097-OMULG,0.03,Low Risk,One year,59,76.75
9824-QCJPK,0.03,Low Risk,One year,36,20.0
2606-PKWJB,0.03,Low Risk,One year,40,40.25
4378-MYPGO,0.03,Low Risk,Two year,68,105.25
3389-KTRXV,0.03,Low Risk,Two year,23,23.85
9670-BPNXF,0.03,Low Risk,One year,45,62.55
6828-HMKWP,0.03,Low Risk,Two year,12,21.05
2904-GGUAZ,0.03,Low Risk,Two year,72,84.05
8259-DZLIZ,0.03,Low Risk,One year,64,53.85
8606-OEGQZ,0.03,Low Risk,Two year,18,25.3
8819-WFGGJ,0.03,Low Risk,Two year,68,54.1
2703-AMTUL,0.03,Low Risk,One year,36,53.65
8327-WKMIE,0.03,Low Risk,One year,37,20.15
2277-AXSDC,0.03,Low Risk,One year,32,19.75
8659-IOOPU,0.03,Low Risk,Two year,71,100.45
0902-RFHOF,0.03,Low Risk,One year,38,20.1
2863-IMQDR,0.03,Low Risk,Two year,61,89.65
7305-ZWMAJ,0.03,Low Risk,One year,30,20.7
4355-HBJHH,0.03,Low Risk,Two year,67,79.7
6563-VRERX,0.03,Low Risk,One year,33,20.6
3896-ZVNET,0.03,Low Risk,Two year,24,24.7
6461-PPAXN,0.03,Low Risk,One year,35,54.95
3520-FJGCV,0.03,Low Risk,Two year,72,112.6
7833-PKIHD,0.03,Low Risk,One year,51,76.4
0104-PPXDV,0.03,Low Risk,One year,58,50.3
1936-UAFEH,0.03,Low Risk,Two year,68,110.25
0513-RBGPE,0.03,Low Risk,Two year,37,62.8
3378-AJRAO,0.03,Low Risk,One year,44,24.85
3935-TBRZZ,0.03,Low Risk,One year,44,25.7
5924-SNGKP,0.03,Low Risk,One year,41,20.25
7322-OCWHC,0.03,Low Risk,Two year,72,93.05
6195-MELTI,0.03,Low Risk,One year,57,54.65
0486-LGCCH,0.03,Low Risk,Two year,11,19.65
2819-GWENI,0.03,Low Risk,One year,28,19.9
7110-BDTWG,0.03,Low Risk,Two year,71,47.05
2996-XAUVF,0.03,Low Risk,Two year,70,40.05
3870-SPZSI,0.03,Low Risk,Two year,70,113.05
2789-CZANW,0.03,Low Risk,Two year,64,110.3
6203-HBZPA,0.03,Low Risk,Two year,52,63.9
4056-QHXHZ,0.03,Low Risk,Two year,72,107.45
0559-CKHUS,0.03,Low Risk,Two year,29,19.55
1431-AIDJQ,0.03,Low Risk,Two year,33,82.1
0916-KNFAJ,0.03,Low Risk,Two year,61,69.9
0083-PIVIK,0.03,Low Risk,One year,64,81.25
5792-JALQC,0.03,Low Risk,Two year,52,59.85
5820-PTRYM,0.03,Low Risk,One year,56,68.45
7452-FOLON,0.03,Low Risk,One year,39,25.45
4376-KFVRS,0.03,Low Risk,Two year,72,114.05
4737-HOBAX,0.03,Low Risk,Two year,63,79.8
4980-URKXC,0.03,Low Risk,One year,36,20.85
6048-NJXHX,0.03,Low Risk,Two year,41,19.75
9150-HEPMB,0.03,Low Risk,One year,56,52.7
9945-PSVIP,0.03,Low Risk,Two year,25,18.7
3525-DVKFN,0.03,Low Risk,Two year,17,19.4
7663-YJHSN,0.03,Low Risk,Two year,72,103.95
9063-ZGTUY,0.03,Low Risk,Month-to-month,61,19.4
2091-GPPIQ,0.03,Low Risk,Two year,72,78.95
1293-HHSHJ,0.03,Low Risk,One year,35,21.1
7061-OVMIM,0.03,Low Risk,One year,30,19.55
8311-UEUAB,0.03,Low Risk,Two year,67,75.5
9127-QRZMH,0.03,Low Risk,One year,44,59.85
6522-OIQSX,0.03,Low Risk,Two year,69,54.95
5647-URDKA,0.03,Low Risk,Two year,8,19.7
5127-BZENZ,0.03,Low Risk,One year,56,65.2
3392-EHMNK,0.03,Low Risk,Two year,67,94.1
9880-TDQAC,0.03,Low Risk,Two year,72,60.0
3795-CAWEX,0.03,Low Risk,Two year,70,116.55
2192-CKRLV,0.03,Low Risk,Two year,72,49.2
4163-HFTUK,0.03,Low Risk,One year,51,19.1
1206-EHBDD,0.03,Low Risk,Two year,56,80.3
8024-XNAFQ,0.03,Low Risk,Two year,72,107.4
6556-DBKZF,0.03,Low Risk,Two year,71,76.05
4883-KCPZJ,0.03,Low Risk,Two year,22,25.25
9509-MPYOD,0.03,Low Risk,One year,35,20.75
6546-OPBBH,0.03,Low Risk,One year,51,23.95
4547-FZJWE,0.03,Low Risk,One year,55,59.45
6013-BHCAW,0.03,Low Risk,Two year,61,81.0
6736-DHUQI,0.03,Low Risk,One year,67,84.8
5073-RZGBK,0.03,Low Risk,One year,50,80.05
3933-DQPWX,0.03,Low Risk,Two year,50,39.7
9919-FZDED,0.03,Low Risk,Two year,72,84.1
6072-NUQCB,0.03,Low Risk,One year,22,20.25
2137-DQMEV,0.03,Low Risk,One year,68,44.8
4526-EXKKN,0.03,Low Risk,Two year,40,24.6
7569-NMZYQ,0.03,Low Risk,Two year,72,118.75
9717-IOAAF,0.03,Low Risk,Two year,27,25.85
3810-DVDQQ,0.03,Low Risk,Two year,72,117.6
2892-GESUL,0.03,Low Risk,Two year,18,19.35
2088-IEBAU,0.03,Low Risk,Two year,68,88.15
1960-UOTYM,0.03,Low Risk,Two year,52,79.2
1535-VTJOQ,0.03,Low Risk,Two year,24,25.15
6772-WFQRD,0.03,Low Risk,One year,40,20.4
9297-FVVDH,0.03,Low Risk,Two year,57,84.5
2229-DPMBI,0.03,Low Risk,Two year,8,19.5
4322-RCYMT,0.03,Low Risk,One year,68,75.8
8513-OLYGY,0.03,Low Risk,Two year,72,115.8
0675-NCDYU,0.03,Low Risk,Two year,72,116.4
0248-PGHBZ,0.03,Low Risk,Two year,67,92.45
2405-LBMUW,0.03,Low Risk,One year,61,50.7
5656-MJEFC,0.03,Low Risk,Two year,42,48.15
1494-EJZDW,0.03,Low Risk,Two year,10,20.15
0343-QLUZP,0.02,Low Risk,Two year,60,39.6
8234-GSZYK,0.02,Low Risk,Two year,43,26.45
2176-LVPNX,0.02,Low Risk,Two year,71,89.85
5622-UEJFI,0.02,Low Risk,Two year,35,25.4
3251-YMVWZ,0.02,Low Risk,One year,53,24.05
7153-CHRBV,0.02,Low Risk,One year,57,59.3
4884-LEVMQ,0.02,Low Risk,Two year,39,20.45
4024-CSNBY,0.02,Low Risk,Two year,72,94.25
3769-MHZNV,0.02,Low Risk,Two year,33,20.1
5387-ASZNZ,0.02,Low Risk,One year,66,63.85
4342-HFXWS,0.02,Low Risk,One year,48,69.7
5859-HZYLF,0.02,Low Risk,Two year,26,19.15
3831-YCPUO,0.02,Low Risk,Two year,72,109.5
5310-NOOVA,0.02,Low Risk,Two year,46,19.95
1897-OKVMW,0.02,Low Risk,Two year,64,90.6
9359-UGBTK,0.02,Low Risk,One year,67,72.35
8292-ITGYJ,0.02,Low Risk,Two year,45,24.65
7771-CFQRQ,0.02,Low Risk,Two year,47,63.8
9795-NREXC,0.02,Low Risk,Two year,64,85.0
3097-FQTVJ,0.02,Low Risk,Two year,41,20.0
8148-NLEGT,0.02,Low Risk,Two year,42,22.95
5322-ZSMZY,0.02,Low Risk,Two year,31,25.75
3489-VSFRD,0.02,Low Risk,One year,56,60.25
0301-KOBTQ,0.02,Low Risk,Two year,32,20.05
5266-PFRQK,0.02,Low Risk,One year,52,20.85
4121-AGSIN,0.02,Low Risk,One year,58,24.5
4518-FZBSX,0.02,Low Risk,One year,42,20.25
6963-EZQEE,0.02,Low Risk,Two year,70,88.55
1498-NHTLT,0.02,Low Risk,Two year,59,86.75
0969-RGKCU,0.02,Low Risk,One year,37,19.8
8221-HVAYI,0.02,Low Risk,Two year,35,69.15
2845-KDHVX,0.02,Low Risk,Two year,64,68.3
3472-QPRCH,0.02,Low Risk,Two year,40,25.25
6519-ZHPXP,0.02,Low Risk,Two year,72,108.3
6121-TNHBO,0.02,Low Risk,One year,63,83.0
0017-DINOC,0.02,Low Risk,Two year,54,45.2
7552-KEYGT,0.02,Low Risk,Two year,27,19.55
0993-OSGPT,0.02,Low Risk,One year,68,60.65
5986-WWXDV,0.02,Low Risk,One year,39,19.35
3070-FNFZQ,0.02,Low Risk,Two year,23,20.4
4751-ERMAN,0.02,Low Risk,Two year,72,75.4
3521-HTQTV,0.02,Low Risk,Two year,34,26.1
3373-DIUUN,0.02,Low Risk,Two year,30,21.25
9805-FILKB,0.02,Low Risk,One year,46,20.2
9798-OPFEM,0.02,Low Risk,Two year,46,21.1
6258-PVZWJ,0.02,Low Risk,Two year,68,90.8
0602-DDUML,0.02,Low Risk,Two year,57,69.75
4335-UPJSI,0.02,Low Risk,Two year,24,19.75
5453-YBTWV,0.02,Low Risk,Two year,70,101.1
5003-XZWWO,0.02,Low Risk,Two year,71,84.2
7622-FWGEW,0.02,Low Risk,Two year,56,85.65
6922-NCEDI,0.02,Low Risk,One year,56,21.2
4312-GVYNH,0.02,Low Risk,Two year,70,49.85
4955-VCWBI,0.02,Low Risk,One year,43,20.0
6813-GZQCG,0.02,Low Risk,Two year,45,24.65
0788-DXBFY,0.02,Low Risk,One year,58,19.55
3398-GCPMU,0.02,Low Risk,Two year,72,89.55
0743-HNPFG,0.02,Low Risk,One year,51,69.75
5702-KVQRD,0.02,Low Risk,Two year,71,82.55
5696-JVVQY,0.02,Low Risk,Two year,48,70.1
9610-WCESF,0.02,Low Risk,Two year,67,43.9
2812-REYAT,0.02,Low Risk,One year,49,20.05
7560-QRBXH,0.02,Low Risk,One year,48,19.95
2581-VKIRT,0.02,Low Risk,One year,59,65.5
2040-XBAVJ,0.02,Low Risk,Two year,72,114.45
2057-BOYKM,0.02,Low Risk,Two year,72,96.6
5356-KZCKT,0.02,Low Risk,Two year,58,24.45
0839-QNXME,0.02,Low Risk,Two year,30,19.4
4735-BJKOU,0.02,Low Risk,Two year,40,20.15
8966-KZXXA,0.02,Low Risk,Two year,36,25.1
1177-XZBJL,0.02,Low Risk,One year,53,64.15
0354-VXMJC,0.02,Low Risk,Two year,23,19.6
6701-DHKWQ,0.02,Low Risk,Two year,61,51.35
7321-KKSDU,0.02,Low Risk,Two year,32,20.5
7945-PRBVF,0.02,Low Risk,Two year,35,21.45
5451-MHQOF,0.02,Low Risk,One year,56,24.45
0230-UBYPQ,0.02,Low Risk,One year,63,36.1
5980-BDHPY,0.02,Low Risk,Two year,72,87.1
2430-RRYUW,0.02,Low Risk,One year,66,54.8
4609-KNNWG,0.02,Low Risk,Two year,27,19.9
5668-MEISB,0.02,Low Risk,Two year,72,106.1
0129-QMPDR,0.02,Low Risk,One year,44,20.5
1635-HDGFT,0.02,Low Risk,Two year,19,20.5
0254-WWRKD,0.02,Low Risk,One year,67,50.55
6732-VAILE,0.02,Low Risk,Two year,70,85.95
2123-VSCOT,0.02,Low Risk,Two year,59,72.1
7297-DVYGA,0.02,Low Risk,One year,51,19.85
2239-CGBUZ,0.02,Low Risk,One year,51,60.5
8050-XGRVL,0.02,Low Risk,One year,62,54.75
4890-VMUAV,0.02,Low Risk,One year,63,71.5
6332-FBZRI,0.02,Low Risk,One year,67,69.35
6000-UKLWI,0.02,Low Risk,Two year,41,20.15
7205-BAIAD,0.02,Low Risk,Two year,40,20.6
7401-JIXNM,0.02,Low Risk,Two year,54,91.3
3978-YNKDD,0.02,Low Risk,Two year,19,20.85
8414-OOEEL,0.02,Low Risk,Two year,66,79.5
8999-EXMNO,0.02,Low Risk,Two year,19,20.15
0277-ORXQS,0.02,Low Risk,Two year,66,50.55
0909-SELIE,0.02,Low Risk,Two year,61,80.8
8249-THVEC,0.02,Low Risk,One year,51,19.4
9624-EGDEQ,0.02,Low Risk,Two year,37,19.8
0071-NDAFP,0.02,Low Risk,Two year,25,25.5
9297-EONCV,0.02,Low Risk,Two year,72,91.35
8766-PAFNE,0.02,Low Risk,Two year,71,79.1
0827-ITJPH,0.02,Low Risk,Two year,36,18.55
7665-NKLAV,0.02,Low Risk,Two year,36,40.65
1270-XKUCC,0.02,Low Risk,Two year,30,19.7
3166-PNEOF,0.02,Low Risk,Two year,61,86.45
3719-TDVQB,0.02,Low Risk,Two year,54,18.95
0048-PIHNL,0.02,Low Risk,One year,49,20.45
3108-PCCGG,0.02,Low Risk,Two year,72,84.45
2612-PHGOX,0.02,Low Risk,Two year,64,76.1
9674-EHPPG,0.02,Low Risk,Two year,46,40.4
3704-IEAXF,0.02,Low Risk,Two year,72,53.65
4295-YURET,0.02,Low Risk,Two year,56,72.6
4635-EJYPD,0.02,Low Risk,Two year,32,18.95
9392-XBGTD,0.02,Low Risk,Two year,27,20.6
0784-GTUUK,0.02,Low Risk,One year,62,23.75
5480-XTFFL,0.02,Low Risk,Two year,31,21.0
2346-CZYIL,0.02,Low Risk,Two year,27,20.35
5774-QPLTF,0.02,Low Risk,One year,50,20.35
5542-NKVRU,0.02,Low Risk,Two year,42,20.75
0455-ENTCR,0.02,Low Risk,Two year,66,85.25
1985-MBRYP,0.02,Low Risk,Two year,43,19.65
9968-FFVVH,0.02,Low Risk,One year,63,68.8
7963-SHNDT,0.02,Low Risk,Two year,52,39.1
9339-FIIJL,0.02,Low Risk,Two year,72,85.95
7073-QETQY,0.02,Low Risk,One year,66,20.35
4967-WPNCF,0.02,Low Risk,Two year,72,63.7
1830-GGFNM,0.02,Low Risk,Two year,65,94.55
6463-HHXJR,0.02,Low Risk,Two year,71,100.5
1187-WILMM,0.02,Low Risk,Two year,63,89.4
1970-KKFWL,0.02,Low Risk,Two year,35,23.3
9548-ZMVTX,0.02,Low Risk,Two year,72,90.45
7977-HXJKU,0.02,Low Risk,Two year,21,19.6
8060-HIWJJ,0.02,Low Risk,Two year,64,86.55
6974-DAFLI,0.02,Low Risk,One year,55,19.7
5498-IBWPI,0.02,Low Risk,One year,66,49.4
0310-SUCIN,0.02,Low Risk,One year,71,84.8
0625-AFOHS,0.02,Low Risk,Two year,29,20.2
8999-YPYBV,0.02,Low Risk,Two year,45,84.35
9888-ZCUMM,0.02,Low Risk,Two year,64,60.05
0654-PQKDW,0.02,Low Risk,One year,62,70.75
7054-DMVAS,0.02,Low Risk,Two year,54,65.3
6265-FRMTQ,0.02,Low Risk,Two year,31,20.4
1074-WVEVG,0.02,Low Risk,One year,59,20.35
3544-FBCAS,0.02,Low Risk,Two year,72,83.6
8265-HKSOW,0.02,Low Risk,Two year,72,107.45
9067-SQTNS,0.02,Low Risk,One year,44,20.6
3133-PZNSR,0.02,Low Risk,Two year,72,97.75
1122-YJBCS,0.02,Low Risk,One year,69,53.65
6631-HMANX,0.02,Low Risk,Two year,72,85.45
5397-NSKQG,0.02,Low Risk,Two year,67,50.9
1452-UZOSF,0.02,Low Risk,Two year,72,106.1
2000-DHJUY,0.02,Low Risk,Two year,70,92.2
8390-FESFV,0.02,Low Risk,Two year,62,84.5
5456-ITGIC,0.02,Low Risk,Two year,72,64.45
8345-MVDYC,0.02,Low Risk,Two year,45,81.65
4487-ZYJZK,0.02,Low Risk,One year,38,19.6
2664-XJZNO,0.02,Low Risk,Two year,72,104.9
0230-WEQUW,0.02,Low Risk,Two year,66,56.6
4676-WLUHT,0.02,Low Risk,Two year,54,46.2
6762-QVYJO,0.02,Low Risk,Two year,58,59.75
2126-GSEGL,0.02,Low Risk,Two year,70,84.8
7609-YBPXG,0.02,Low Risk,Two year,54,87.1
6729-FZWSY,0.02,Low Risk,One year,67,19.45
1686-STUHN,0.02,Low Risk,One year,42,19.8
8125-QPFJD,0.02,Low Risk,Two year,72,84.9
9565-FLVCG,0.02,Low Risk,Two year,65,69.55
5177-RVZNU,0.02,Low Risk,One year,37,20.3
4334-HOWRP,0.02,Low Risk,Two year,72,64.95
5130-YPIRV,0.02,Low Risk,Two year,62,72.0
0214-JHPFW,0.02,Low Risk,Two year,70,57.8
5642-MHDQT,0.02,Low Risk,One year,53,19.85
2384-OVPSA,0.02,Low Risk,Two year,38,20.2
8207-DMRVL,0.02,Low Risk,Two year,72,114.55
8672-OAUPW,0.02,Low Risk,One year,51,47.85
6199-IPCAO,0.02,Low Risk,Two year,29,26.1
6532-YLWSI,0.02,Low Risk,One year,53,20.8
6516-NKQBO,0.02,Low Risk,Two year,38,81.0
2040-LDIWQ,0.02,Low Risk,Two year,65,84.2
2208-NKVVH,0.02,Low Risk,Two year,43,24.25
0459-SPZHJ,0.02,Low Risk,Two year,63,83.5
7301-ABVAD,0.02,Low Risk,Two year,72,86.6
1757-TCATG,0.02,Low Risk,One year,35,20.05
3569-VLDHH,0.02,Low Risk,One year,66,75.1
4568-KNYWR,0.02,Low Risk,Two year,52,63.25
8169-SAEJD,0.02,Low Risk,Two year,69,56.55
9548-LIGTA,0.02,Low Risk,Two year,61,81.05
8050-DVOJX,0.02,Low Risk,Two year,49,81.35
3079-BCHLN,0.02,Low Risk,One year,47,19.9
1972-XMUWV,0.02,Low Risk,Two year,65,59.8
0582-AVCLN,0.02,Low Risk,Two year,38,20.3
6681-ZSEXG,0.02,Low Risk,Two year,56,59.5
4774-HHGGS,0.02,Low Risk,Two year,30,19.05
5997-OPVFA,0.02,Low Risk,Two year,72,89.05
2753-JMMCV,0.02,Low Risk,Two year,65,74.2
2521-NPUZR,0.02,Low Risk,Two year,70,101.0
7503-MIOGA,0.02,Low Risk,Two year,72,89.85
6418-HNFED,0.02,Low Risk,Two year,51,83.25
5321-NTRKC,0.02,Low Risk,Two year,66,79.85
1223-UNPKS,0.02,Low Risk,Two year,20,20.05
8404-VIOMB,0.02,Low Risk,Two year,66,62.5
0617-AQNWT,0.02,Low Risk,Two year,64,47.85
6701-YVNQG,0.02,Low Risk,Two year,72,88.7
9602-WCXPI,0.02,Low Risk,One year,50,20.15
4641-FROLU,0.02,Low Risk,Two year,30,19.3
7973-DZRKH,0.02,Low Risk,Two year,66,90.95
1627-AFWVJ,0.02,Low Risk,Two year,29,19.4
8590-OHDIW,0.02,Low Risk,One year,38,20.3
0114-IGABW,0.02,Low Risk,Two year,71,58.25
3712-PKXZA,0.02,Low Risk,One year,61,20.55
9661-JALZV,0.02,Low Risk,Two year,58,24.7
7815-PDTHL,0.02,Low Risk,Two year,35,20.2
2805-AUFQN,0.02,Low Risk,Two year,25,19.8
8565-WUXZU,0.02,Low Risk,Two year,72,84.8
8661-BOYNW,0.02,Low Risk,Two year,72,84.4
3720-DBRWL,0.02,Low Risk,Two year,51,83.85
6551-VLJMV,0.02,Low Risk,Two year,34,20.05
0078-XZMHT,0.02,Low Risk,Two year,72,85.15
6242-FEGFD,0.02,Low Risk,Two year,66,96.6
9620-QJREV,0.02,Low Risk,One year,47,20.55
2987-BJXIK,0.02,Low Risk,Two year,70,84.7
7501-IWUNG,0.02,Low Risk,Two year,61,73.8
8645-KOMJQ,0.02,Low Risk,Two year,69,81.95
6023-GSSXW,0.02,Low Risk,Two year,69,61.45
0123-CRBRT,0.02,Low Risk,Two year,61,88.1
8874-EJNSR,0.02,Low Risk,Two year,39,25.2
1534-OULXE,0.02,Low Risk,One year,61,49.7
4825-FUREZ,0.02,Low Risk,Two year,42,20.25
2595-KIWPV,0.02,Low Risk,Two year,27,19.7
9385-EHGDO,0.02,Low Risk,Two year,35,19.85
5075-JSDKI,0.02,Low Risk,Two year,59,24.45
1269-FOYWN,0.02,Low Risk,One year,44,20.0
9470-YFUYI,0.02,Low Risk,One year,71,71.0
9541-ZPSEA,0.02,Low Risk,Two year,68,80.35
9950-MTGYX,0.02,Low Risk,Two year,28,20.3
6741-QRLUP,0.02,Low Risk,Two year,63,80.3
2263-SFSQZ,0.02,Low Risk,Two year,51,24.95
5249-QYHEX,0.02,Low Risk,Two year,40,24.8
0378-XSZPU,0.02,Low Risk,One year,58,60.3
8626-PTQGE,0.02,Low Risk,Two year,69,60.05
8042-RNLKO,0.02,Low Risk,One year,66,25.45
6152-ONASV,0.02,Low Risk,One year,68,58.25
5329-KRDTM,0.02,Low Risk,Two year,72,77.35
0707-HOVVN,0.02,Low Risk,Two year,70,75.5
2977-CEBSX,0.02,Low Risk,Two year,66,90.05
8204-YJCLA,0.02,Low Risk,Two year,72,64.8
7216-KAOID,0.02,Low Risk,One year,41,19.5
6723-CEGQI,0.02,Low Risk,Two year,65,45.25
7253-UVNDW,0.02,Low Risk,Two year,46,54.35
4804-NCPET,0.02,Low Risk,Two year,19,20.2
5322-TEUJK,0.02,Low Risk,Two year,71,114.6
5996-EBTKM,0.02,Low Risk,Two year,67,69.9
3796-ENZGF,0.02,Low Risk,Two year,63,67.25
2302-OUZXB,0.02,Low Risk,Two year,72,82.15
1866-DIOQZ,0.02,Low Risk,One year,71,66.8
2211-RMNHO,0.02,Low Risk,Two year,68,85.3
5176-LMJXE,0.02,Low Risk,Two year,47,20.55
7601-DHFWZ,0.02,Low Risk,Two year,48,24.0
2400-XIWIO,0.02,Low Risk,Two year,71,90.1
1088-CNNKB,0.02,Low Risk,One year,63,80.0
8430-TWCBX,0.02,Low Risk,One year,49,20.7
6586-MYGKD,0.02,Low Risk,Two year,70,76.95
8067-NIOYM,0.02,Low Risk,Two year,24,21.1
1333-PBMXB,0.02,Low Risk,One year,54,24.75
5161-UBZXI,0.02,Low Risk,Two year,69,106.35
3566-CAAYU,0.02,Low Risk,Two year,64,49.85
3957-HHLMR,0.02,Low Risk,One year,70,65.2
2511-ALLCS,0.02,Low Risk,Two year,35,24.3
6119-SPUDB,0.02,Low Risk,Two year,46,38.25
5394-MEITZ,0.02,Low Risk,Two year,60,80.6
8181-YHCMF,0.02,Low Risk,Two year,68,60.3
8316-BBQAY,0.02,Low Risk,Two year,65,59.95
9585-KKMFD,0.02,Low Risk,Two year,41,20.0
0336-KXKFK,0.02,Low Risk,Two year,72,61.2
1813-JYWTO,0.02,Low Risk,Two year,72,80.45
9253-VIFJQ,0.02,Low Risk,One year,65,67.05
0263-FJTQO,0.02,Low Risk,Two year,50,70.5
3649-JPUGY,0.02,Low Risk,Two year,72,88.6
8174-LNWMW,0.02,Low Risk,Two year,31,20.9
2167-FQSTQ,0.02,Low Risk,Two year,72,92.4
1043-YCUTE,0.02,Low Risk,Two year,56,25.15
3572-UUHRS,0.02,Low Risk,One year,45,18.85
7508-DQAKK,0.02,Low Risk,Two year,64,86.4
1506-YJTYT,0.02,Low Risk,Two year,45,73.85
0016-QLJIS,0.02,Low Risk,Two year,65,90.45
0674-GCDXG,0.02,Low Risk,Two year,63,71.9
5126-RCXYW,0.02,Low Risk,Two year,54,46.0
2404-JIBFC,0.02,Low Risk,Two year,55,85.1
2192-OZITF,0.02,Low Risk,Two year,45,73.55
3284-SVCRO,0.02,Low Risk,Two year,45,25.5
9732-OUYRN,0.02,Low Risk,One year,49,19.0
8908-NMQTX,0.02,Low Risk,Two year,72,65.6
8592-PLTMQ,0.02,Low Risk,One year,64,24.7
2990-OGYTD,0.02,Low Risk,Two year,67,86.15
3146-MSEGF,0.02,Low Risk,Two year,72,88.05
7564-GHCVB,0.02,Low Risk,Two year,72,79.05
9418-RUKPH,0.02,Low Risk,Two year,38,19.95
4849-PYRLQ,0.02,Low Risk,Two year,56,73.25
8232-CTLKO,0.02,Low Risk,Two year,66,59.75
8902-ZEOVF,0.02,Low Risk,One year,47,20.05
2662-NNTDK,0.02,Low Risk,One year,65,24.8
4293-ETKAP,0.02,Low Risk,Two year,65,79.4
9227-YBAXE,0.02,Low Risk,Two year,65,82.5
4667-QONEA,0.02,Low Risk,One year,60,74.85
3957-SQXML,0.02,Low Risk,Two year,34,24.95
6504-VBLFL,0.02,Low Risk,Two year,55,58.6
9710-NJERN,0.02,Low Risk,Two year,39,20.15
7471-WNSUF,0.02,Low Risk,One year,60,24.15
4079-WWQQQ,0.02,Low Risk,Two year,72,65.55
0361-HJRDX,0.02,Low Risk,Two year,68,64.35
6923-AQONU,0.02,Low Risk,Two year,23,20.9
9739-JLPQJ,0.02,Low Risk,Two year,72,117.5
0621-TSSMU,0.02,Low Risk,One year,56,19.95
1642-HMARX,0.02,Low Risk,Two year,68,91.7
3727-OVPRY,0.02,Low Risk,One year,66,25.7
7267-FRMJW,0.02,Low Risk,Two year,25,20.1
4837-PZTIC,0.02,Low Risk,Two year,47,41.9
8398-TBIYD,0.02,Low Risk,Two year,72,84.7
6719-FGEDO,0.02,Low Risk,Two year,72,97.0
6080-LNESI,0.02,Low Risk,Two year,51,24.75
1837-YQUCE,0.02,Low Risk,Two year,70,58.35
8174-TBVCF,0.02,Low Risk,Two year,70,94.8
9258-CNWAC,0.02,Low Risk,Two year,71,113.65
0436-TWFFZ,0.02,Low Risk,Two year,67,85.25
6120-RJKLU,0.02,Low Risk,Two year,62,79.95
2252-NKNSI,0.02,Low Risk,Two year,52,85.15
8295-KMENE,0.02,Low Risk,Two year,59,76.45
8469-SNFFH,0.02,Low Risk,One year,70,79.4
8577-QSOCG,0.02,Low Risk,Two year,38,20.2
2550-AEVRU,0.02,Low Risk,One year,57,53.45
7711-YIJWC,0.02,Low Risk,One year,61,84.9
2498-XLDZR,0.02,Low Risk,Two year,32,73.6
7284-ZZLOH,0.02,Low Risk,Two year,45,53.3
1599-EAHXY,0.02,Low Risk,One year,60,23.95
5751-USDBL,0.02,Low Risk,Two year,46,81.0
2122-SZZZD,0.02,Low Risk,One year,44,19.5
9361-YNQWJ,0.02,Low Risk,One year,64,24.4
4896-CPRPF,0.02,Low Risk,Two year,35,25.45
9479-HYNYL,0.02,Low Risk,Two year,71,80.7
8191-XWSZG,0.02,Low Risk,One year,52,20.65
2256-YLYLP,0.02,Low Risk,Two year,68,72.95
8917-FAEMR,0.02,Low Risk,Two year,37,19.85
8859-DZTGQ,0.02,Low Risk,Two year,33,20.35
2725-IWWBA,0.02,Low Risk,One year,46,56.9
1265-ZFOSD,0.02,Low Risk,Two year,64,81.3
3638-WEABW,0.02,Low Risk,Two year,58,59.9
3745-HRPHI,0.02,Low Risk,Two year,66,54.65
0771-CHWSK,0.02,Low Risk,Two year,66,74.6
3280-NMUVX,0.02,Low Risk,One year,34,19.6
5248-YGIJN,0.02,Low Risk,Two year,72,90.25
1172-VIYBP,0.02,Low Risk,Two year,53,69.7
4393-GEADV,0.02,Low Risk,Two year,70,114.75
0442-TDYUO,0.02,Low Risk,Two year,48,20.05
0687-ZVTHB,0.02,Low Risk,One year,65,72.45
0604-THJFP,0.02,Low Risk,Two year,59,75.95
6234-RAAPL,0.02,Low Risk,Two year,72,99.9
8173-RXAYP,0.02,Low Risk,Two year,24,19.7
4825-XJGDM,0.02,Low Risk,One year,61,43.7
4671-VJLCL,0.02,Low Risk,Two year,63,79.85
7850-THJMU,0.02,Low Risk,Two year,26,19.65
7233-PAHHL,0.02,Low Risk,Two year,66,84.0
8859-YSTWS,0.02,Low Risk,One year,48,19.95
2300-RQGOI,0.02,Low Risk,Two year,38,20.05
8039-EQPIM,0.02,Low Risk,Two year,69,60.25
4933-BSAIP,0.02,Low Risk,Two year,40,19.1
5171-EPLKN,0.02,Low Risk,Two year,27,19.85
9871-ELEYA,0.02,Low Risk,Two year,34,67.65
0567-XRHCU,0.02,Low Risk,Two year,69,43.95
5125-CNDSP,0.02,Low Risk,One year,63,40.6
3654-ARMGP,0.02,Low Risk,Two year,61,88.65
9631-RXVJM,0.02,Low Risk,Two year,35,19.25
0383-CLDDA,0.02,Low Risk,Two year,69,85.35
9447-YPTBX,0.02,Low Risk,One year,50,19.85
2821-WARNZ,0.02,Low Risk,One year,49,19.45
7131-ZQZNK,0.02,Low Risk,Two year,60,59.85
8402-OOOHJ,0.02,Low Risk,Two year,41,20.65
2984-TBYKU,0.02,Low Risk,Two year,72,104.9
6925-BAYGL,0.02,Low Risk,Two year,53,25.1
6094-ZIVKX,0.02,Low Risk,One year,68,54.45
4178-EGMON,0.02,Low Risk,Two year,70,88.0
0052-YNYOT,0.02,Low Risk,One year,67,20.55
5231-FIQPA,0.02,Low Risk,Two year,41,19.85
6603-YRDCJ,0.02,Low Risk,Two year,33,61.05
2599-CIPQE,0.02,Low Risk,Two year,71,109.3
9451-WLYRI,0.02,Low Risk,One year,53,19.05
2428-HYUNX,0.02,Low Risk,Two year,44,19.35
8219-VYBVI,0.02,Low Risk,Two year,39,25.0
8450-LUGUK,0.02,Low Risk,Two year,37,24.1
7799-LGRDP,0.02,Low Risk,Two year,43,25.7
8859-AXJZP,0.02,Low Risk,Two year,39,23.8
0412-UCCNP,0.02,Low Risk,Two year,55,59.2
5124-EOGYE,0.02,Low Risk,Two year,31,20.45
9650-VBUOG,0.02,Low Risk,Two year,38,25.05
2589-AYCRP,0.02,Low Risk,One year,50,19.75
1053-MXTTK,0.02,Low Risk,Two year,72,108.65
3557-HTYWR,0.02,Low Risk,Two year,47,74.05
0853-TWRVK,0.02,Low Risk,Two year,72,105.6
9958-MEKUC,0.02,Low Risk,Two year,72,103.95
7164-BPTUT,0.02,Low Risk,Two year,57,89.55
5684-FJVYR,0.02,Low Risk,Two year,72,90.35
4549-ZDQYY,0.02,Low Risk,One year,52,57.95
9385-NXKDA,0.02,Low Risk,Two year,72,82.65
1568-BEKZM,0.02,Low Risk,Two year,70,90.05
8200-LGKSR,0.02,Low Risk,Two year,71,83.2
2274-XUATA,0.02,Low Risk,Two year,72,63.1
9281-CEDRU,0.01,Low Risk,Two year,68,64.1
9073-ZZIAY,0.01,Low Risk,Two year,62,86.1
3973-SKMLN,0.01,Low Risk,Two year,71,19.9
6885-PKOAM,0.01,Low Risk,Two year,71,85.75
9639-BUJXT,0.01,Low Risk,One year,63,20.5
6961-MJKBO,0.01,Low Risk,Two year,47,20.45
1248-DYXUB,0.01,Low Risk,Two year,52,24.8
6518-PPLMZ,0.01,Low Risk,Two year,53,19.4
0386-CWRGM,0.01,Low Risk,Two year,46,19.4
0404-AHASP,0.01,Low Risk,Two year,72,19.7
2314-TNDJQ,0.01,Low Risk,Two year,72,55.65
7114-AEOZE,0.01,Low Risk,Two year,60,19.85
5930-GBIWP,0.01,Low Risk,Two year,69,81.5
5135-RDDQL,0.01,Low Risk,Two year,63,50.65
6388-TABGU,0.01,Low Risk,One year,62,56.15
8587-XYZSF,0.01,Low Risk,Two year,67,50.55
3774-VBNXY,0.01,Low Risk,Two year,64,20.2
8966-SNIZF,0.01,Low Risk,Two year,70,19.45
2569-WGERO,0.01,Low Risk,Two year,72,21.15
9964-WBQDJ,0.01,Low Risk,Two year,71,24.4
6345-FZOQH,0.01,Low Risk,Two year,69,19.9
1131-QQZEB,0.01,Low Risk,Two year,71,23.95
3454-JFUBC,0.01,Low Risk,Two year,68,20.0
9803-FTJCG,0.01,Low Risk,One year,71,66.85
9489-DEDVP,0.01,Low Risk,Two year,70,69.2
7643-RCHXS,0.01,Low Risk,Two year,63,19.35
3500-NSDOA,0.01,Low Risk,Two year,68,70.8
0318-ZOPWS,0.01,Low Risk,Two year,49,20.15
3813-DHBBB,0.01,Low Risk,Two year,67,50.95
5816-JMLGY,0.01,Low Risk,Two year,70,80.4
7941-RCJOW,0.01,Low Risk,Two year,65,19.55
3533-UVMOM,0.01,Low Risk,Two year,68,70.95
6348-SNFUS,0.01,Low Risk,Two year,72,55.45
3212-KXOCR,0.01,Low Risk,Two year,52,21.0
7157-SMCFK,0.01,Low Risk,Two year,61,19.75
1862-QRWPE,0.01,Low Risk,Two year,48,20.65
1971-DTCZB,0.01,Low Risk,Two year,72,90.95
9286-BHDQG,0.01,Low Risk,Two year,72,45.25
2796-NNUFI,0.01,Low Risk,Two year,46,19.95
7083-MIOPC,0.01,Low Risk,Two year,72,20.25
4443-EMBNA,0.01,Low Risk,Two year,71,24.75
2400-FEQME,0.01,Low Risk,Two year,55,20.5
3399-BMLVW,0.01,Low Risk,Two year,51,60.5
6485-QXWWE,0.01,Low Risk,Two year,62,26.0
5939-SXWHM,0.01,Low Risk,Two year,48,26.3
9588-YRFHY,0.01,Low Risk,Two year,49,19.9
6292-TOSSS,0.01,Low Risk,Two year,50,24.9
3795-GWTRD,0.01,Low Risk,Two year,63,75.55
8468-FZTOE,0.01,Low Risk,Two year,72,74.35
2954-PIBKO,0.01,Low Risk,Two year,69,64.15
6734-PSBAW,0.01,Low Risk,Two year,72,23.55
4836-WNFNO,0.01,Low Risk,Two year,72,25.0
8917-SZTTJ,0.01,Low Risk,Two year,60,19.65
6439-PKTRR,0.01,Low Risk,Two year,70,80.7
0526-SXDJP,0.01,Low Risk,Two year,72,42.1
7633-MVPUY,0.01,Low Risk,Two year,57,59.75
7014-ZZXAW,0.01,Low Risk,Two year,71,24.25
2146-EGVDT,0.01,Low Risk,Two year,59,19.3
6323-AYBRX,0.01,Low Risk,Two year,59,19.35
3170-NMYVV,0.01,Low Risk,Two year,50,20.15
4807-IZYOZ,0.01,Low Risk,Two year,51,20.65
2451-YMUXS,0.01,Low Risk,Two year,67,64.55
6625-FLENO,0.01,Low Risk,Two year,58,20.75
8028-PNXHQ,0.01,Low Risk,Two year,62,24.25
6217-KDYWC,0.01,Low Risk,Two year,57,19.6
5846-NEQVZ,0.01,Low Risk,Two year,71,70.85
2882-WDTBA,0.01,Low Risk,Two year,69,75.75
0621-CXBKL,0.01,Low Risk,Two year,53,18.7
8441-SHIPE,0.01,Low Risk,Two year,67,25.6
9091-WTUUY,0.01,Low Risk,Two year,64,69.25
4335-BSMJS,0.01,Low Risk,Two year,62,25.8
0040-HALCW,0.01,Low Risk,Two year,54,20.4
3487-EARAT,0.01,Low Risk,One year,70,74.1
8184-WMOFI,0.01,Low Risk,One year,62,71.4
4625-LAMOB,0.01,Low Risk,Two year,44,20.4
9087-EYCPR,0.01,Low Risk,Two year,60,25.0
6916-HIJSE,0.01,Low Risk,Two year,65,84.85
9778-OGKQZ,0.01,Low Risk,Two year,72,92.0
7408-OFWXJ,0.01,Low Risk,Two year,72,89.8
4940-KHCWD,0.01,Low Risk,Two year,60,37.7
5893-KCLGT,0.01,Low Risk,Two year,72,19.75
8374-UULRV,0.01,Low Risk,Two year,72,86.05
5275-PMFUT,0.01,Low Risk,Two year,72,64.8
7115-IRDHS,0.01,Low Risk,Two year,72,24.65
9068-VPWQQ,0.01,Low Risk,Two year,61,75.35
1047-RNXZV,0.01,Low Risk,Two year,43,19.55
1266-NZYUI,0.01,Low Risk,Two year,72,66.85
8780-IHCRN,0.01,Low Risk,Two year,63,24.65
6425-JWTDV,0.01,Low Risk,Two year,48,19.25
9477-LGWQI,0.01,Low Risk,Two year,70,80.15
5730-DBDSI,0.01,Low Risk,Two year,66,19.7
1705-GUHPV,0.01,Low Risk,Two year,63,24.2
4779-ZGICK,0.01,Low Risk,Two year,48,23.55
7969-FFOWG,0.01,Low Risk,Two year,65,19.9
1299-AURJA,0.01,Low Risk,Two year,70,24.7
5676-CFLYY,0.01,Low Risk,Two year,71,73.35
4992-LTJNE,0.01,Low Risk,Two year,72,55.3
0229-LFJAF,0.01,Low Risk,Two year,72,69.65
3967-KXAPS,0.01,Low Risk,Two year,72,92.3
5529-GIBVH,0.01,Low Risk,Two year,47,20.15
2226-ICFDO,0.01,Low Risk,Two year,72,85.9
4782-OSFXZ,0.01,Low Risk,Two year,71,82.7
9916-AYHTC,0.01,Low Risk,Two year,48,19.85
4018-PPNDW,0.01,Low Risk,Two year,61,24.1
6870-ZWMNX,0.01,Low Risk,Two year,70,76.1
8165-ZJRNM,0.01,Low Risk,Two year,72,23.75
2452-MRMZF,0.01,Low Risk,Two year,72,25.7
9170-ARBTB,0.01,Low Risk,One year,52,19.6
8361-LBRDI,0.01,Low Risk,Two year,58,24.35
7558-IMLMT,0.01,Low Risk,Two year,67,20.8
6365-HITVU,0.01,Low Risk,Two year,71,87.25
9646-NMHXE,0.01,Low Risk,Two year,47,19.65
6614-YOLAC,0.01,Low Risk,Two year,71,58.65
7649-SIJJF,0.01,Low Risk,Two year,71,80.1
1767-CJKBA,0.01,Low Risk,Two year,66,25.1
8146-QQKZH,0.01,Low Risk,Two year,71,81.85
2509-TFPJU,0.01,Low Risk,Two year,72,25.75
7359-SSBJK,0.01,Low Risk,Two year,64,70.2
2068-WWXQZ,0.01,Low Risk,Two year,46,20.05
2632-TACXW,0.01,Low Risk,Two year,62,23.65
8590-YFFQO,0.01,Low Risk,Two year,70,64.95
1106-HRLKZ,0.01,Low Risk,Two year,40,19.6
0556-FJEGU,0.01,Low Risk,Two year,58,70.1
6253-GNHWH,0.01,Low Risk,Two year,71,71.1
5115-SQAAU,0.01,Low Risk,Two year,69,25.6
0379-DJQHR,0.01,Low Risk,Two year,67,81.35
6024-RUGGH,0.01,Low Risk,Two year,72,25.2
6621-NRZAK,0.01,Low Risk,Two year,63,20.0
5787-KXGIY,0.01,Low Risk,Two year,72,19.3
6115-ZTBFQ,0.01,Low Risk,Two year,72,65.5
6169-PPETC,0.01,Low Risk,Two year,35,20.5
3429-IFLEM,0.01,Low Risk,Two year,71,77.35
1459-QNFQT,0.01,Low Risk,Two year,70,59.5
1241-FPMOF,0.01,Low Risk,Two year,52,19.65
3261-CQXOL,0.01,Low Risk,Two year,71,25.45
3662-FXJFO,0.01,Low Risk,Two year,54,20.5
9397-TZSHA,0.01,Low Risk,Two year,69,24.6
0971-QIFJK,0.01,Low Risk,Two year,69,24.25
0270-THENM,0.01,Low Risk,Two year,72,69.85
5095-ETBRJ,0.01,Low Risk,Two year,55,56.8
9764-REAFF,0.01,Low Risk,Two year,59,18.4
5781-RFZRP,0.01,Low Risk,Two year,71,73.5
6169-PGNCD,0.01,Low Risk,Two year,57,74.3
3498-LZGQZ,0.01,Low Risk,Two year,63,19.15
8896-RAZCR,0.01,Low Risk,Two year,44,19.9
9337-SRRNI,0.01,Low Risk,Two year,66,25.3
0505-SPOOW,0.01,Low Risk,Two year,70,19.8
8039-ACLPL,0.01,Low Risk,Two year,72,68.75
7684-XSZIY,0.01,Low Risk,Two year,72,24.3
5736-YEJAX,0.01,Low Risk,Two year,69,79.45
7601-GNDYK,0.01,Low Risk,Two year,35,19.6
6976-BWGLQ,0.01,Low Risk,Two year,72,25.2
2075-PUEPR,0.01,Low Risk,Two year,55,19.35
6848-HJTXY,0.01,Low Risk,Two year,64,19.45
0562-KBDVM,0.01,Low Risk,Two year,70,44.6
6369-MCAKO,0.01,Low Risk,Two year,68,89.05
3071-MVJCD,0.01,Low Risk,Two year,72,82.3
4785-FCIFB,0.01,Low Risk,Two year,61,24.4
1090-ESELR,0.01,Low Risk,Two year,72,105.5
0732-OCQOC,0.01,Low Risk,Two year,52,25.05
6340-DACFT,0.01,Low Risk,Two year,50,20.55
6953-PBDIN,0.01,Low Risk,Two year,70,72.95
3938-YFPXD,0.01,Low Risk,Two year,72,84.3
5799-JRCZO,0.01,Low Risk,Two year,63,19.5
9972-EWRJS,0.01,Low Risk,Two year,67,19.25
7898-PDWQE,0.01,Low Risk,Two year,71,80.4
7427-AUFPY,0.01,Low Risk,Two year,54,19.65
3067-SVMTC,0.01,Low Risk,One year,68,55.9
7781-HVGMK,0.01,Low Risk,Two year,72,65.2
7242-EDTYC,0.01,Low Risk,Two year,44,19.55
7606-BPHHN,0.01,Low Risk,Two year,72,19.8
3118-UHVVQ,0.01,Low Risk,Two year,68,25.8
9242-TKFSV,0.01,Low Risk,Two year,72,65.1
0508-SQWPL,0.01,Low Risk,Two year,57,20.1
4652-ODEVH,0.01,Low Risk,Two year,45,24.45
1839-FBNFR,0.01,Low Risk,Two year,39,19.85
7293-LSCDV,0.01,Low Risk,Two year,60,19.25
4707-MAXGU,0.01,Low Risk,Two year,72,25.85
5146-YYFRZ,0.01,Low Risk,Two year,67,19.95
3161-ONRWK,0.01,Low Risk,One year,60,65.85
8755-OGKNA,0.01,Low Risk,Two year,57,19.5
9795-SHUHB,0.01,Low Risk,Two year,66,58.2
3088-FVYWK,0.01,Low Risk,Two year,53,25.55
4990-ALDGW,0.01,Low Risk,Two year,57,20.75
6248-TKCQV,0.01,Low Risk,Two year,70,80.6
8338-QIUNR,0.01,Low Risk,Two year,72,66.5
9173-IVZVP,0.01,Low Risk,Two year,53,20.9
7596-ZYWBB,0.01,Low Risk,Two year,65,59.6
2616-FLVQC,0.01,Low Risk,Two year,64,19.55
8711-LOBKY,0.01,Low Risk,Two year,59,19.85
4312-KFRXN,0.01,Low Risk,Two year,72,25.4
8434-VGEQQ,0.01,Low Risk,Two year,61,20.55
8722-PRFDV,0.01,Low Risk,Two year,71,77.55
4821-WQOYN,0.01,Low Risk,Two year,72,20.1
4565-NLZBV,0.01,Low Risk,Two year,71,24.65
4656-CAURT,0.01,Low Risk,Two year,69,23.95
8100-PNJMH,0.01,Low Risk,Two year,68,88.85
6762-NSODU,0.01,Low Risk,Two year,46,19.4
0795-LAFGP,0.01,Low Risk,Two year,71,90.4
1084-MNSMJ,0.01,Low Risk,Two year,51,85.5
3084-DOWLE,0.01,Low Risk,Two year,72,92.0
7722-VJRQD,0.01,Low Risk,Two year,72,60.95
0374-FIUCA,0.01,Low Risk,Two year,65,20.4
4102-HLENU,0.01,Low Risk,Two year,67,65.65
4723-BEGSG,0.01,Low Risk,Two year,72,86.65
5845-BZZIB,0.01,Low Risk,Two year,35,20.1
4534-WGCIR,0.01,Low Risk,Two year,58,25.15
2804-ETQDK,0.01,Low Risk,Two year,66,20.55
0531-XBKMM,0.01,Low Risk,Two year,66,65.7
1775-KWJKQ,0.01,Low Risk,Two year,72,89.85
2077-DDHJK,0.01,Low Risk,Two year,68,70.9
9574-BOSMD,0.01,Low Risk,Two year,68,25.4
7695-PKLCZ,0.01,Low Risk,Two year,68,20.5
5338-YHWYT,0.01,Low Risk,Two year,37,61.45
7018-FPXHH,0.01,Low Risk,Two year,56,59.8
4302-ZYFEL,0.01,Low Risk,One year,69,20.55
8626-XHBIE,0.01,Low Risk,Two year,56,24.8
4632-XJMEX,0.01,Low Risk,One year,53,62.85
1574-DYCWE,0.01,Low Risk,Two year,51,19.95
5208-FVQKB,0.01,Low Risk,Two year,70,67.95
2888-ADFAO,0.01,Low Risk,Two year,47,21.3
7167-PCEYD,0.01,Low Risk,Two year,67,19.8
0608-JDVEC,0.01,Low Risk,Two year,50,19.8
2235-EZAIK,0.01,Low Risk,Two year,72,79.2
6408-WHTEF,0.01,Low Risk,Two year,72,89.4
9251-AWQGT,0.01,Low Risk,Two year,48,20.0
9140-CZQZZ,0.01,Low Risk,Two year,68,79.6
8882-TLVRW,0.01,Low Risk,Two year,69,39.1
7980-MHFLQ,0.01,Low Risk,Two year,72,24.9
3580-GICBM,0.01,Low Risk,Two year,61,24.2
0932-YIXYU,0.01,Low Risk,Two year,47,20.25
7480-SPLEF,0.01,Low Risk,Two year,69,26.0
2525-GVKQU,0.01,Low Risk,Two year,60,20.6
0603-TPMIB,0.01,Low Risk,Two year,59,25.45
5196-WPYOW,0.01,Low Risk,One year,67,60.05
6349-JDHQP,0.01,Low Risk,Two year,53,19.85
0019-GFNTW,0.01,Low Risk,Two year,56,45.05
1116-FRYVH,0.01,Low Risk,Two year,48,39.4
4006-HKYHO,0.01,Low Risk,Two year,63,86.7
1073-XXCZD,0.01,Low Risk,Two year,55,25.7
2607-DHDAK,0.01,Low Risk,Two year,72,19.8
5803-NQJZO,0.01,Low Risk,Two year,72,67.8
9823-EALYC,0.01,Low Risk,Two year,72,80.85
9769-TSBZE,0.01,Low Risk,Two year,70,66.0
4291-TPNFG,0.01,Low Risk,Two year,72,82.3
2969-VAPYH,0.01,Low Risk,One year,67,60.5
3836-FZSDJ,0.01,Low Risk,Two year,71,24.85
2649-HWLYB,0.01,Low Risk,Two year,65,76.15
5016-LIPDW,0.01,Low Risk,One year,57,19.4
5743-KHMNA,0.01,Low Risk,Two year,71,25.55
5324-KTGCG,0.01,Low Risk,One year,71,20.85
8413-YNHNV,0.01,Low Risk,Two year,69,90.65
7729-XBTWX,0.01,Low Risk,Two year,66,19.75
5666-MBJPT,0.01,Low Risk,Two year,65,25.1
3740-RLMVT,0.01,Low Risk,One year,67,60.95
2228-BZDEE,0.01,Low Risk,Two year,54,20.1
9135-HSWOC,0.01,Low Risk,Two year,64,19.7
1227-UDMZR,0.01,Low Risk,Two year,72,91.15
8207-VVMYB,0.01,Low Risk,Two year,70,26.0
6370-ZVHDV,0.01,Low Risk,Two year,61,25.3
9625-RZFUK,0.01,Low Risk,Two year,63,19.7
9975-GPKZU,0.01,Low Risk,Two year,46,19.75
7998-WNZEM,0.01,Low Risk,Two year,71,80.6
0769-MURVM,0.01,Low Risk,Two year,72,65.7
5457-COLHT,0.01,Low Risk,Two year,69,80.65
7602-DBTOU,0.01,Low Risk,Two year,71,19.6
4644-OBGFZ,0.01,Low Risk,One year,55,19.5
2990-IAJSV,0.01,Low Risk,Two year,72,92.0
4475-NVTLU,0.01,Low Risk,Two year,45,19.2
1207-BLKSA,0.01,Low Risk,Two year,52,23.05
6963-KQYQB,0.01,Low Risk,Two year,70,24.05
2961-VNFKL,0.01,Low Risk,Two year,71,25.95
7103-ZGVNT,0.01,Low Risk,One year,69,73.7
2642-MAWLJ,0.01,Low Risk,Two year,36,20.25
1209-VFFOC,0.01,Low Risk,Two year,68,56.4
6248-BSHKG,0.01,Low Risk,One year,61,20.4
0795-XCCTE,0.01,Low Risk,Two year,72,25.4
6087-YPWHO,0.01,Low Risk,Two year,72,68.15
1722-LDZJS,0.01,Low Risk,One year,53,20.2
5884-FBCTL,0.01,Low Risk,Two year,72,25.1
0562-HKHML,0.01,Low Risk,Two year,71,23.9
2900-PHPLN,0.01,Low Risk,Two year,70,19.55
5699-BNCAS,0.01,Low Risk,Two year,71,24.65
2296-DKZFP,0.01,Low Risk,Two year,65,71.0
0174-QRVVY,0.01,Low Risk,Two year,71,25.35
5296-PSYVW,0.01,Low Risk,Two year,72,24.55
1591-XWLGB,0.01,Low Risk,Two year,71,19.85
3569-JFODW,0.01,Low Risk,Two year,72,90.95
6479-VDGRK,0.01,Low Risk,Two year,72,85.3
1709-EJDOX,0.01,Low Risk,Two year,47,19.75
7860-UXCRM,0.01,Low Risk,Two year,63,74.5
2560-QTSBS,0.01,Low Risk,One year,72,23.3
6134-KWTBV,0.01,Low Risk,Two year,62,23.4
1635-NZATJ,0.01,Low Risk,Two year,71,25.45
6897-RWMUB,0.01,Low Risk,Two year,61,68.05
9220-CXRSC,0.01,Low Risk,Two year,69,61.4
9028-LIHRP,0.01,Low Risk,Two year,71,100.2
3785-KTYSH,0.01,Low Risk,Two year,53,24.6
9257-AZMTZ,0.01,Low Risk,Two year,52,20.1
6060-QBMGV,0.01,Low Risk,Two year,70,19.85
9500-WBGRP,0.01,Low Risk,Two year,69,19.1
3768-VHXQO,0.01,Low Risk,Two year,67,24.85
8514-VZHEB,0.01,Low Risk,Two year,59,19.5
6625-IUTTT,0.01,Low Risk,Two year,67,65.55
3508-VLHCZ,0.01,Low Risk,Two year,71,90.55
2236-HILPA,0.01,Low Risk,Two year,62,20.65
7872-BAAZR,0.01,Low Risk,One year,53,19.55
1830-IPXVJ,0.01,Low Risk,Two year,61,19.75
1167-OYZJF,0.01,Low Risk,Two year,67,20.05
7688-AWMDX,0.01,Low Risk,Two year,71,54.5
5093-FEGLU,0.01,Low Risk,Two year,47,19.65
9365-CSLBQ,0.01,Low Risk,Two year,71,24.35
1080-BWSYE,0.01,Low Risk,Two year,64,25.65
7008-LZVOZ,0.01,Low Risk,Two year,66,25.3
0506-YLVKJ,0.01,Low Risk,Two year,46,20.2
3274-NSDWE,0.01,Low Risk,Two year,68,19.6
5915-ANOEI,0.01,Low Risk,Two year,70,79.15
8285-ABVLB,0.01,Low Risk,Two year,70,19.85
8749-TZYEC,0.01,Low Risk,Two year,72,24.8
1555-HAPSU,0.01,Low Risk,Two year,71,23.9
8464-EETCQ,0.01,Low Risk,Two year,57,18.8
4979-HPRFL,0.01,Low Risk,Two year,56,24.15
2176-OSJUV,0.01,Low Risk,Two year,71,65.15
7340-KEFQE,0.01,Low Risk,Two year,51,34.2
5854-KSRBJ,0.01,Low Risk,Two year,70,25.4
0206-OYVOC,0.01,Low Risk,Two year,46,19.25
8747-UDCOI,0.01,Low Risk,Two year,65,19.35
2194-IIQOF,0.01,Low Risk,Two year,71,89.3
0402-OAMEN,0.01,Low Risk,Two year,72,24.45
3620-EHIMZ,0.01,Low Risk,Two year,52,19.35
9065-ZCPQX,0.01,Low Risk,Two year,72,78.85
9504-YAZWB,0.01,Low Risk,Two year,53,20.25
1335-MXCSE,0.01,Low Risk,Two year,55,55.25
8631-NBHFZ,0.01,Low Risk,Two year,66,79.4
4742-TXUEX,0.01,Low Risk,Two year,47,19.3
5821-MMEIL,0.01,Low Risk,Two year,57,19.9
0281-CNTZX,0.01,Low Risk,Two year,63,19.95
3635-QQRQD,0.01,Low Risk,Two year,62,20.05
5201-CBWYG,0.01,Low Risk,One year,62,24.8
7306-YDSOI,0.01,Low Risk,Two year,69,59.75
8241-JUIQO,0.01,Low Risk,One year,61,19.45
4194-FJARJ,0.01,Low Risk,Two year,54,60.0
1955-IBMMB,0.01,Low Risk,Two year,59,20.2
6285-FTQBF,0.01,Low Risk,Two year,72,25.55
2718-YSKCS,0.01,Low Risk,Two year,71,19.6
5707-ZMDJP,0.01,Low Risk,Two year,53,69.7
9786-YWNHU,0.01,Low Risk,Two year,63,63.55
6407-GSJNL,0.01,Low Risk,Two year,51,24.95
6892-BOGQE,0.01,Low Risk,Two year,71,20.9
3262-EIDHV,0.01,Low Risk,Two year,72,84.7
8774-GSBUN,0.01,Low Risk,Two year,72,25.4
9488-FVZCC,0.01,Low Risk,Two year,72,79.5
5360-XGYAZ,0.01,Low Risk,Two year,72,65.65
5846-ABOBJ,0.01,Low Risk,Two year,71,24.45
4827-DPADN,0.01,Low Risk,Two year,72,83.3
9593-CVZKR,0.01,Low Risk,Two year,56,24.45
1987-AUELQ,0.01,Low Risk,Two year,71,25.05
3512-IZIKN,0.01,Low Risk,Two year,70,65.3
2481-SBOYW,0.01,Low Risk,Two year,61,25.0
4973-MGTON,0.01,Low Risk,Two year,71,84.4
0440-EKDCF,0.01,Low Risk,Two year,62,60.15
8242-PDSGJ,0.01,Low Risk,Two year,70,39.15
6582-PLFUU,0.01,Low Risk,Two year,51,19.55
0562-FGDCR,0.01,Low Risk,Two year,72,74.55
4012-YCFAI,0.01,Low Risk,Two year,60,61.35
7161-DFHUF,0.01,Low Risk,Two year,71,23.85
3359-DSRKA,0.01,Low Risk,Two year,58,19.85
1221-GHZEP,0.01,Low Risk,Two year,62,65.1
1215-EXRMO,0.01,Low Risk,Two year,50,20.55
8727-JQFHV,0.01,Low Risk,Two year,57,20.75
3950-VPYJB,0.01,Low Risk,One year,57,59.6
7515-LODFU,0.01,Low Risk,Two year,69,20.3
6857-TKDJV,0.01,Low Risk,Two year,67,24.65
2725-TTRIQ,0.01,Low Risk,Two year,72,84.2
1399-OUPJN,0.01,Low Risk,Two year,57,19.75
0363-SVHYR,0.01,Low Risk,Two year,71,86.85
2162-FRZAA,0.01,Low Risk,Two year,63,39.35
7349-ALMUX,0.01,Low Risk,Two year,37,65.6
2535-PBCGC,0.01,Low Risk,Two year,70,64.55
0704-VCUMB,0.01,Low Risk,Two year,61,20.25
9110-HSGTV,0.01,Low Risk,Two year,69,82.45
7647-GYYKX,0.01,Low Risk,Two year,54,20.35
0774-RMNUW,0.01,Low Risk,Two year,71,59.7
0394-YONDK,0.01,Low Risk,Two year,70,25.15
6283-GITPX,0.01,Low Risk,Two year,71,76.9
2885-HIJDH,0.01,Low Risk,Two year,69,86.9
5115-GZDEL,0.01,Low Risk,Two year,72,67.2
5902-WBLSE,0.01,Low Risk,Two year,70,20.15
1241-EZFMJ,0.01,Low Risk,Two year,61,25.45
1460-UZPRJ,0.01,Low Risk,Two year,60,19.95
3511-BFTJW,0.01,Low Risk,Two year,72,38.5
0485-ZBSLN,0.01,Low Risk,Two year,65,24.75
6374-AFWOX,0.01,Low Risk,Two year,46,65.65
3810-PJUHR,0.01,Low Risk,Two year,70,25.35
0847-HGRML,0.01,Low Risk,Two year,62,20.0
1676-MQAOA,0.01,Low Risk,Two year,72,75.1
7096-ZNBZI,0.01,Low Risk,Two year,72,26.45
3507-GASNP,0.01,Low Risk,Two year,60,19.95
5727-MYATE,0.01,Low Risk,Two year,72,90.8
9507-HSMMZ,0.01,Low Risk,Two year,54,20.0
4188-PCPIG,0.01,Low Risk,Two year,57,70.35
8092-NLTGF,0.01,Low Risk,Two year,72,24.75
5320-BRKGK,0.01,Low Risk,Two year,58,75.8
8807-OPMBM,0.01,Low Risk,Two year,55,25.65
3970-XGJDU,0.01,Low Risk,Two year,62,19.2
5549-ZGHFB,0.01,Low Risk,Two year,50,24.95
0607-DAAHE,0.01,Low Risk,Two year,53,19.75
2207-RYYRL,0.01,Low Risk,Two year,52,24.55
0988-AADSA,0.01,Low Risk,Two year,72,80.85
9489-JMTTN,0.01,Low Risk,Two year,72,89.75
2225-ZRGSG,0.01,Low Risk,Two year,70,93.9
6122-LJADA,0.01,Low Risk,Two year,70,90.15
9084-OAYKL,0.01,Low Risk,Two year,58,20.8
0825-CPPQH,0.01,Low Risk,Two year,71,19.1
6855-VLGOS,0.01,Low Risk,Two year,72,20.55
4625-XMOYM,0.01,Low Risk,Two year,72,26.25
1945-XISKS,0.01,Low Risk,Two year,67,19.65
5982-XMDEX,0.01,Low Risk,Two year,65,26.5
4077-HWUYD,0.01,Low Risk,Two year,72,87.55
6051-PTVNS,0.01,Low Risk,One year,55,19.15
8580-QVLOC,0.01,Low Risk,Two year,72,92.45
6917-FIJHC,0.01,Low Risk,Two year,72,26.0
5006-MXVRN,0.01,Low Risk,Two year,39,20.7
3120-FAZKD,0.01,Low Risk,Two year,54,24.05
1492-KGETH,0.01,Low Risk,One year,70,78.35
7975-JMZNT,0.01,Low Risk,Two year,66,91.7
3873-WOSBC,0.01,Low Risk,Two year,67,25.6
3913-FCUUW,0.01,Low Risk,Two year,72,70.45
1619-YWUBB,0.01,Low Risk,Two year,68,24.95
6695-AMZUF,0.01,Low Risk,Two year,70,86.45
3486-HOOGQ,0.01,Low Risk,Two year,70,79.7
0420-TXVSG,0.01,Low Risk,Two year,66,66.1
5227-JSCFE,0.01,Low Risk,Two year,71,46.35
2824-DXNKN,0.01,Low Risk,Two year,72,71.45
4915-BFSXL,0.01,Low Risk,Two year,70,68.95
3400-ESFUW,0.01,Low Risk,Two year,55,57.55
5567-GZKQY,0.01,Low Risk,Two year,58,20.3
6980-CDGFC,0.01,Low Risk,One year,67,20.85
8215-NGSPE,0.01,Low Risk,Two year,42,20.0
7524-VRLPL,0.01,Low Risk,Two year,69,74.1
2799-TSLAG,0.01,Low Risk,Two year,65,25.3
5176-OLSKT,0.01,Low Risk,Two year,66,66.9
9814-AOUDH,0.01,Low Risk,Two year,53,19.5
7608-RGIRO,0.01,Low Risk,Two year,62,24.4
5795-BKOYE,0.01,Low Risk,One year,69,59.1
7139-JZFVG,0.01,Low Risk,Two year,60,60.5
8224-KDLKN,0.01,Low Risk,Two year,72,25.0
3646-ITDGM,0.01,Low Risk,Two year,56,19.7
2072-ZVJJX,0.01,Low Risk,Two year,68,25.25
6010-DDPPW,0.01,Low Risk,Two year,70,25.15
6139-ZZRBQ,0.01,Low Risk,Two year,64,20.05
8544-JNBOX,0.01,Low Risk,Two year,72,20.8
3050-RLLXC,0.01,Low Risk,Two year,56,81.25
3154-HMWUU,0.01,Low Risk,Two year,60,20.5
1716-LSAMB,0.01,Low Risk,Two year,45,54.65
5181-OABFK,0.01,Low Risk,Two year,56,61.3
4654-ULTTN,0.01,Low Risk,Two year,70,74.8
0463-TXOAK,0.01,Low Risk,Two year,52,25.6
8218-FFJDS,0.01,Low Risk,Two year,72,86.4
8701-DGLVH,0.01,Low Risk,Two year,51,20.45
3884-UEBXB,0.01,Low Risk,Two year,67,36.15
9415-ZNBSX,0.01,Low Risk,Two year,70,89.0
4589-IUAJB,0.01,Low Risk,Two year,70,24.25
5458-CQJTA,0.01,Low Risk,Two year,65,74.8
8838-GPHZP,0.01,Low Risk,Two year,63,20.6
9068-FHQHD,0.01,Low Risk,Two year,40,20.15
1820-DJFPH,0.01,Low Risk,Two year,72,24.05
9499-XPZXM,0.01,Low Risk,Two year,72,64.75
0626-QXNGV,0.01,Low Risk,Two year,72,24.15
1240-HCBOH,0.01,Low Risk,Two year,67,26.1
4299-OPXEJ,0.01,Low Risk,Two year,56,19.55
9430-NKQLY,0.01,Low Risk,Two year,72,25.1
9481-WHGWY,0.01,Low Risk,Two year,70,75.35
7064-JHXCE,0.01,Low Risk,Two year,62,20.05
3200-MNQTF,0.01,Low Risk,Two year,67,70.9
2143-LJULT,0.01,Low Risk,Two year,67,25.25
2661-GKBTK,0.01,Low Risk,Two year,60,76.95
7268-WNTCP,0.01,Low Risk,Two year,62,20.45
7717-BICXI,0.01,Low Risk,Two year,60,20.55
7706-YLMQA,0.01,Low Risk,One year,70,19.7
2230-XTUWL,0.01,Low Risk,Two year,48,19.55
5968-HYJRZ,0.01,Low Risk,Two year,47,24.55
5406-KGRMX,0.01,Low Risk,Two year,71,24.55
0885-HMGPY,0.01,Low Risk,Two year,62,69.4
6619-RPLQZ,0.01,Low Risk,Two year,45,20.85
0730-BGQGF,0.01,Low Risk,Two year,71,90.3
5067-WJEUN,0.01,Low Risk,Two year,67,54.2
3027-YNWZU,0.01,Low Risk,Two year,64,25.0
9755-JHNMN,0.01,Low Risk,Two year,49,67.4
7033-CLAMM,0.01,Low Risk,Two year,48,20.2
8164-OCKUJ,0.01,Low Risk,Two year,59,20.6
1306-RPWXZ,0.01,Low Risk,Two year,49,20.45
3967-VQOGC,0.01,Low Risk,Two year,67,24.9
6770-UAYGJ,0.01,Low Risk,Two year,49,25.25
8197-BFWVU,0.01,Low Risk,Two year,72,93.25
7579-KKLOE,0.01,Low Risk,Two year,71,91.25
6177-PEVRA,0.01,Low Risk,Two year,48,55.5
1098-KFQEC,0.01,Low Risk,Two year,55,19.4
2169-RRLFW,0.01,Low Risk,Two year,71,25.6
5334-AFQJB,0.01,Low Risk,Two year,72,25.1
9135-MGVPY,0.01,Low Risk,Two year,69,84.7
1088-AUUZZ,0.01,Low Risk,Two year,56,75.85
6614-YWYSC,0.01,Low Risk,Two year,61,25.0
6585-WCEWR,0.01,Low Risk,Two year,72,20.35
3219-JQRSL,0.01,Low Risk,Two year,72,89.1
6384-VMJHP,0.01,Low Risk,Two year,72,73.0
0962-CQPWQ,0.01,Low Risk,Two year,62,20.3
7328-ZJAJO,0.01,Low Risk,Two year,59,19.5
6463-MVYRY,0.01,Low Risk,Two year,57,69.85
4361-FEBGN,0.01,Low Risk,Two year,48,20.15
9153-BTBVV,0.01,Low Risk,Two year,71,25.0
8237-ULIXL,0.01,Low Risk,Two year,72,24.85
3227-WLKLI,0.01,Low Risk,Two year,65,91.55
6725-TPKJO,0.01,Low Risk,Two year,44,20.05
7162-WPHPM,0.01,Low Risk,Two year,58,71.6
8129-GMVGI,0.01,Low Risk,Two year,56,20.05
2050-ONYDQ,0.01,Low Risk,Two year,65,26.0
2097-YVPKN,0.01,Low Risk,Two year,65,25.75
8597-CTXVJ,0.01,Low Risk,One year,70,64.95
3612-YVGSJ,0.01,Low Risk,Two year,71,24.45
1927-QEWMY,0.01,Low Risk,Two year,72,20.5
9081-WWXKP,0.01,Low Risk,Two year,47,20.25
5766-FTRTS,0.01,Low Risk,Two year,72,84.45
5995-LFTLE,0.01,Low Risk,Two year,58,25.3
9565-AXSMR,0.01,Low Risk,Two year,52,19.2
1926-QUZNN,0.01,Low Risk,Two year,72,25.25
9668-PUGNU,0.01,Low Risk,Two year,71,24.5
8735-SDUFN,0.01,Low Risk,Two year,72,24.3
9067-YGSCA,0.01,Low Risk,One year,70,26.05
8946-BFWSG,0.01,Low Risk,Two year,63,25.25
0336-PIKEI,0.01,Low Risk,Two year,72,74.4
1813-JLKWR,0.01,Low Risk,One year,64,19.8
4139-DETXS,0.01,Low Risk,Two year,72,64.45
2251-PYLPB,0.01,Low Risk,Two year,72,79.55
8957-THMOA,0.01,Low Risk,Two year,50,20.15
6656-GULJQ,0.01,Low Risk,Two year,72,83.55
1852-QSWCD,0.01,Low Risk,Two year,64,24.8
3777-XROBG,0.01,Low Risk,Two year,58,19.55
7996-MHXLW,0.01,Low Risk,Two year,66,25.15
7873-CVMAW,0.01,Low Risk,Two year,72,88.55
5248-KWLAR,0.01,Low Risk,Two year,71,90.35
0744-BIKKF,0.01,Low Risk,Two year,72,86.65
6695-FRVEC,0.01,Low Risk,Two year,67,60.4
4872-JCVCA,0.01,Low Risk,Two year,71,47.6
7398-HPYZQ,0.01,Low Risk,Two year,71,90.55
7921-BEPCI,0.01,Low Risk,Two year,72,59.75
1087-GRUYI,0.01,Low Risk,Two year,38,20.4
7639-OPLNG,0.01,Low Risk,Two year,70,79.25
9993-LHIEB,0.01,Low Risk,Two year,67,67.85
2208-MPXIO,0.01,Low Risk,Two year,45,20.0
3638-VBZTA,0.01,Low Risk,Two year,68,86.5
1951-IEYXM,0.01,Low Risk,Two year,72,90.6
9675-ICXCT,0.01,Low Risk,Two year,72,80.8
0480-KYJVA,0.01,Low Risk,Two year,72,24.25
3764-MNMOI,0.01,Low Risk,Two year,46,19.2
2346-LOCWC,0.01,Low Risk,Two year,58,20.5
8232-UTFOZ,0.01,Low Risk,Two year,69,19.95
7560-QJAVJ,0.01,Low Risk,Two year,70,79.6
0973-KYVNF,0.01,Low Risk,Two year,72,70.65
1302-TPUBN,0.01,Low Risk,Two year,66,19.35
0362-RAOQO,0.01,Low Risk,Two year,40,19.65
1293-BSEUN,0.01,Low Risk,Two year,72,20.7
2908-WGAXL,0.01,Low Risk,Two year,56,24.95
4701-LKOZD,0.01,Low Risk,Two year,70,89.75
8069-RHUXK,0.01,Low Risk,Two year,67,35.7
6479-SZPLM,0.01,Low Risk,Two year,36,19.45
5242-UOWHD,0.01,Low Risk,Two year,45,20.35
5296-BFCYD,0.01,Low Risk,Two year,46,20.1
2234-EOFPT,0.01,Low Risk,Two year,72,79.35
5494-WOZRZ,0.01,Low Risk,Two year,71,82.0
0839-JTCUD,0.01,Low Risk,Two year,66,89.9
8532-UEFWH,0.01,Low Risk,Two year,52,25.75
3451-VAWLI,0.01,Low Risk,Two year,35,19.7
4195-PNGZS,0.01,Low Risk,Two year,69,24.45
5970-GHJAW,0.01,Low Risk,Two year,46,19.95
1657-DYMBM,0.01,Low Risk,Two year,53,19.9
9359-JANWS,0.01,Low Risk,Two year,65,58.9
2626-VEEWG,0.01,Low Risk,Two year,67,19.4
6418-PIQSP,0.01,Low Risk,Two year,62,81.0
1027-LKKQQ,0.01,Low Risk,Two year,72,80.45
7101-HRBLJ,0.01,Low Risk,Two year,72,83.7
2560-WBWXF,0.01,Low Risk,Two year,68,24.15
7010-BRBUU,0.01,Low Risk,Two year,72,24.1
0848-SOMKO,0.01,Low Risk,Two year,70,48.4
9938-PRCVK,0.01,Low Risk,Two year,41,19.7
6288-CHQJB,0.01,Low Risk,Two year,54,69.95
5793-YOLJN,0.01,Low Risk,Two year,55,21.0
9953-ZMKSM,0.01,Low Risk,Two year,63,25.25
4718-WXBGI,0.01,Low Risk,Two year,72,91.95
2925-VDZHY,0.01,Low Risk,Two year,72,88.7
2817-LVCPP,0.01,Low Risk,Two year,50,19.4
3457-PQBYH,0.01,Low Risk,Two year,58,20.3
1814-WFGVS,0.01,Low Risk,Two year,72,48.9
5044-XDPYX,0.01,Low Risk,Two year,51,25.5
5148-ORICT,0.01,Low Risk,Two year,64,74.35
5605-XNWEN,0.01,Low Risk,Two year,72,25.0
2253-KPMNB,0.01,Low Risk,Two year,69,46.25
4698-KVLLG,0.01,Low Risk,Two year,51,19.6
8336-TAVKX,0.01,Low Risk,Two year,72,78.45
3889-VWBID,0.01,Low Risk,Two year,68,82.85
8395-ETZKQ,0.01,Low Risk,One year,68,19.5
3148-AOIQT,0.01,Low Risk,Two year,69,24.95
4521-WFJAI,0.01,Low Risk,Two year,56,25.95
5680-LQOGP,0.01,Low Risk,Two year,68,82.45
9443-JUBUO,0.01,Low Risk,Two year,72,65.25
7503-EPSZW,0.01,Low Risk,Two year,64,24.05
5117-ZSMHQ,0.01,Low Risk,Two year,71,89.9
7634-HLQJR,0.01,Low Risk,Two year,47,20.05
6651-RLGGM,0.01,Low Risk,Two year,67,26.3
0238-WHBIQ,0.01,Low Risk,Two year,72,89.7
4176-RELJR,0.01,Low Risk,Two year,67,25.1
2160-GPFXD,0.01,Low Risk,Two year,54,65.65
8046-DNVTL,0.01,Low Risk,Two year,62,38.6
0613-WUXUM,0.01,Low Risk,Two year,70,19.2
4674-HGNUA,0.01,Low Risk,Two year,71,89.9
4458-KVRBJ,0.01,Low Risk,Two year,59,25.0
8780-YRMTT,0.01,Low Risk,Two year,66,47.4
1231-YNDEK,0.01,Low Risk,Two year,58,19.15
3779-OSWCF,0.01,Low Risk,Two year,71,93.2
3696-DFHHB,0.01,Low Risk,Two year,68,25.5
5879-HMFFH,0.01,Low Risk,Two year,72,88.05
2696-RZVZW,0.01,Low Risk,Two year,68,25.05
2418-TPEUN,0.01,Low Risk,Two year,56,19.8
1414-YADCW,0.01,Low Risk,Two year,70,84.6
8690-ZVLCL,0.01,Low Risk,Two year,68,88.0
8540-ZQGEA,0.01,Low Risk,Two year,54,20.05
8380-MQINP,0.01,Low Risk,Two year,55,20.3
3913-RDSJZ,0.01,Low Risk,Two year,64,25.55
2729-VNVAP,0.01,Low Risk,Two year,33,19.8
6685-GBWJZ,0.01,Low Risk,One year,63,70.8
4900-MSOMT,0.01,Low Risk,Two year,72,80.2
5848-FHRFC,0.01,Low Risk,Two year,68,20.05
7197-VOJMM,0.01,Low Risk,Two year,67,69.2
1085-LDWAM,0.01,Low Risk,One year,69,20.35
3902-MIVLE,0.01,Low Risk,Two year,63,75.7
0780-XNZFN,0.01,Low Risk,Two year,57,20.65
2007-QVGAW,0.01,Low Risk,Two year,68,19.35
2675-IJRGJ,0.01,Low Risk,Two year,53,19.65
2378-YIZKA,0.01,Low Risk,Two year,68,85.0
6734-JDTTV,0.01,Low Risk,Two year,65,19.85
8043-PNYSD,0.01,Low Risk,Two year,63,19.55
8205-VSLRB,0.01,Low Risk,Two year,70,77.3
9055-MOJJJ,0.01,Low Risk,One year,64,65.8
2193-SFWQW,0.01,Low Risk,Two year,72,111.95
5656-JAMLX,0.01,Low Risk,Two year,62,19.85
9503-XJUME,0.01,Low Risk,One year,52,19.65
5598-IKHQQ,0.01,Low Risk,Two year,72,25.45
0397-ZXWQF,0.01,Low Risk,Two year,67,20.5
9348-ROUAI,0.01,Low Risk,Two year,59,90.3
6181-AXXYF,0.01,Low Risk,Two year,72,24.75
7599-NTMDP,0.01,Low Risk,Two year,62,48.7
1568-LJSZU,0.01,Low Risk,Two year,68,92.2
5614-DNZCE,0.01,Low Risk,Two year,58,64.9
6484-LATFU,0.01,Low Risk,Two year,68,24.55
5804-JMYIO,0.01,Low Risk,Two year,39,19.75
9372-TXXPS,0.01,Low Risk,Two year,60,59.85
3190-ITQXP,0.01,Low Risk,Two year,46,20.25
7009-PCARS,0.01,Low Risk,One year,55,19.1
9838-BFCQT,0.01,Low Risk,Two year,72,26.1
7416-CKTEP,0.01,Low Risk,Two year,57,19.6
3470-OBUET,0.01,Low Risk,Two year,67,74.0
5010-IPEAQ,0.01,Low Risk,Two year,67,54.2
8990-YOZLV,0.01,Low Risk,Two year,69,66.9
3948-KXDUF,0.01,Low Risk,Two year,66,68.75
6685-XSHHU,0.01,Low Risk,Two year,60,20.95
4636-TVXVG,0.01,Low Risk,One year,62,19.95
7274-CGTOD,0.01,Low Risk,Two year,62,43.7
0244-LGNFY,0.01,Low Risk,Two year,72,92.65
4231-LZUYM,0.01,Low Risk,Two year,72,25.65
1697-LYYYX,0.01,Low Risk,One year,61,19.1
6461-SZMCV,0.01,Low Risk,Two year,71,87.95
5472-CVMDX,0.01,Low Risk,Two year,68,38.9
4193-IBKSW,0.01,Low Risk,Two year,72,24.75
5377-NDTOU,0.01,Low Risk,Two year,71,91.05
6997-UVGOX,0.01,Low Risk,Two year,71,85.45
7860-KSUGX,0.01,Low Risk,Two year,72,64.45
4878-BUNFV,0.01,Low Risk,Two year,42,20.7
0936-NQLJU,0.01,Low Risk,Two year,41,20.65
8857-CUPFQ,0.01,Low Risk,Two year,63,19.25
1699-UOTXU,0.01,Low Risk,Two year,60,61.4
5248-RPYWW,0.01,Low Risk,Two year,72,90.15
6096-EGVTU,0.01,Low Risk,One year,64,24.9
2580-ATZSQ,0.01,Low Risk,One year,65,61.35
9435-JMLSX,0.01,Low Risk,Two year,71,86.1
5220-AGAAX,0.01,Low Risk,Two year,68,24.0
1468-DEFNC,0.01,Low Risk,Two year,64,24.4
1930-QPBVZ,0.01,Low Risk,Two year,68,95.1
9453-PATOS,0.01,Low Risk,Two year,72,85.1
2181-TIDSV,0.01,Low Risk,Two year,68,19.95
0301-FIDRB,0.01,Low Risk,Two year,72,63.8
7493-GVFIO,0.01,Low Risk,Two year,57,20.55
6164-HAQTX,0.01,Low Risk,Two year,71,53.95
9114-DPSIA,0.01,Low Risk,Two year,72,81.0
7711-GQBZC,0.01,Low Risk,Two year,71,24.7
7225-IILWY,0.01,Low Risk,Two year,68,25.75
5485-ITNPC,0.01,Low Risk,Two year,66,85.9
5993-JSUWV,0.01,Low Risk,Two year,66,61.15
3308-DGHKL,0.01,Low Risk,Two year,69,19.3
5465-BUBFA,0.01,Low Risk,Two year,41,19.3
9371-BITHB,0.01,Low Risk,Two year,52,19.85
7696-CFTAT,0.01,Low Risk,Two year,37,19.8
8922-NPKBJ,0.01,Low Risk,Two year,42,19.35
8347-GDTMP,0.01,Low Risk,Two year,64,19.45
4957-SREEC,0.0,,Two year,70,20.35
7399-QHBJS,0.0,,Two year,72,66.75
0794-YVSGE,0.0,,Two year,72,20.3
7113-HIPFI,0.0,,Two year,66,65.85
7673-BQGKU,0.0,,Two year,69,20.15
4737-AQCPU,0.0,,Two year,72,72.1
3173-WSSUE,0.0,,Two year,71,19.7
3279-DYZQM,0.0,,Two year,71,19.45
1764-VUUMT,0.0,,Two year,66,19.95
2848-YXSMW,0.0,,Two year,72,19.4
7463-IFMQU,0.0,,Two year,72,20.05
1403-GYAFU,0.0,,Two year,70,20.05
1166-PQLGG,0.0,,Two year,72,19.55
3976-HXHCE,0.0,,Two year,72,19.3
6980-IMXXE,0.0,,Two year,69,20.2
4817-KEQSP,0.0,,Two year,71,19.85
0831-JNISG,0.0,,Two year,71,19.8
2545-LXYVJ,0.0,,Two year,72,20.7
8229-BUJHX,0.0,,Two year,71,20.5
9537-JALFH,0.0,,Two year,69,19.9
0464-WJTKO,0.0,,Two year,72,20.1
9800-OUIGR,0.0,,Two year,66,20.0
3678-MNGZX,0.0,,Two year,68,19.95
7169-YWAMK,0.0,,Two year,72,68.4
3642-BYHDO,0.0,,Two year,71,19.9
0784-ZQJZX,0.0,,Two year,72,19.9
3910-MRQOY,0.0,,Two year,72,19.4
4086-WITJG,0.0,,Two year,71,19.7
4277-BWBML,0.0,,Two year,72,19.95
8750-QWZAJ,0.0,,Two year,70,19.8
8619-IJNDK,0.0,,Two year,71,64.05
1052-QJIBV,0.0,,Two year,71,19.9
3996-ZNWYK,0.0,,Two year,71,19.8
0640-YJTPY,0.0,,Two year,72,21.0
7876-DNYAP,0.0,,Two year,69,19.8
2429-AYKKO,0.0,,Two year,72,19.85
0902-XKXPN,0.0,,Two year,69,20.2
2984-RGEYA,0.0,,Two year,69,19.75
0264-CNITK,0.0,,Two year,71,20.1
5346-BZCHP,0.0,,Two year,69,19.4
6928-ONTRW,0.0,,Two year,72,19.7
3563-SVYLG,0.0,,Two year,68,62.65
0042-RLHYP,0.0,,Two year,69,19.7
