customerID,ChurnProbability,risk_tier,Contract,tenure,MonthlyCharges
9497-QCMMS,0.8732275574456502,High Risk,Month-to-month,1,93.55
9300-AGZNL,0.8719656089226712,High Risk,Month-to-month,1,94.0
7216-EWTRS,0.8716045847198299,High Risk,Month-to-month,1,100.8
7024-OHCCK,0.871094460379275,High Risk,Month-to-month,2,93.85
4424-TKOPW,0.8686982550909782,High Risk,Month-to-month,2,93.85
2720-WGKHP,0.868266065664989,High Risk,Month-to-month,2,94.0
5178-LMXOP,0.8655501029889886,High Risk,Month-to-month,1,95.1
1374-DMZUI,0.8622191242673403,High Risk,Month-to-month,4,94.3
5150-ITWWB,0.8619445190844527,High Risk,Month-to-month,3,94.85
5567-WSELE,0.85927871392413,High Risk,Month-to-month,3,94.6
8098-LLAZX,0.8587365621018207,High Risk,Month-to-month,4,95.45
8149-RSOUN,0.8520980482288137,High Risk,Month-to-month,1,93.85
6861-XWTWQ,0.8502706037727903,High Risk,Month-to-month,7,99.25
4910-GMJOT,0.8496978228855305,High Risk,Month-to-month,1,94.6
6496-SLWHQ,0.8491968905086413,High Risk,Month-to-month,3,105.0
5419-JPRRN,0.8473447860635219,High Risk,Month-to-month,1,101.45
3068-OMWZA,0.845390738529024,High Risk,Month-to-month,1,88.8
4822-RVYBB,0.8453339075442616,High Risk,Month-to-month,8,100.6
0295-PPHDO,0.8441740030964743,High Risk,Month-to-month,1,95.45
7851-WZEKY,0.8436475323384699,High Risk,Month-to-month,2,95.15
1400-MMYXY,0.842517970369438,High Risk,Month-to-month,3,105.9
8884-ADFVN,0.841391277637701,High Risk,Month-to-month,7,101.95
0781-LKXBR,0.8413421706967249,High Risk,Month-to-month,9,100.5
4695-WJZUE,0.8411673859283595,High Risk,Month-to-month,2,88.55
3158-MOERK,0.8407983681748764,High Risk,Month-to-month,2,96.0
6023-YEBUP,0.840380814512795,High Risk,Month-to-month,3,100.95
2446-BEGGB,0.8383347022656263,High Risk,Month-to-month,6,98.25
9681-OXGVC,0.8359111400219856,High Risk,Month-to-month,5,100.5
3049-SOLAY,0.8352213909905719,High Risk,Month-to-month,3,95.2
5192-EBGOV,0.8351547565650113,High Risk,Month-to-month,1,85.7
2012-NWRPA,0.8347098406510437,High Risk,Month-to-month,11,99.55
9057-SIHCH,0.8342853296172144,High Risk,Month-to-month,3,96.6
1069-XAIEM,0.8337313396117982,High Risk,Month-to-month,1,85.05
2865-TCHJW,0.833656865594183,High Risk,Month-to-month,4,89.2
2545-EBUPK,0.8326874240724116,High Risk,Month-to-month,2,84.05
7450-NWRTR,0.831531985309955,High Risk,Month-to-month,12,99.45
1273-MTETI,0.8311638055772164,High Risk,Month-to-month,4,88.85
5277-ZLOOR,0.8311299415279781,High Risk,Month-to-month,2,85.55
1415-YFWLT,0.8310412794712236,High Risk,Month-to-month,1,89.3
2660-EMUBI,0.8305827190850459,High Risk,Month-to-month,10,95.35
3389-YGYAI,0.8282379606137419,High Risk,Month-to-month,8,105.5
4826-XTSOH,0.8269378492038538,High Risk,Month-to-month,1,86.05
6630-UJZMY,0.8260189347648731,High Risk,Month-to-month,4,83.25
9305-CDSKC,0.8251078222413176,High Risk,Month-to-month,8,99.65
3988-RQIXO,0.8238386393738691,High Risk,Month-to-month,1,91.3
4626-GYCZP,0.8225260824355918,High Risk,Month-to-month,7,93.85
8161-QYMTT,0.8216036285413469,High Risk,Month-to-month,7,94.1
4750-ZRXIU,0.8213390848683658,High Risk,Month-to-month,4,84.6
3793-MMFUH,0.8205814401287196,High Risk,Month-to-month,13,95.05
0107-YHINA,0.8194729022867617,High Risk,Month-to-month,1,99.75
6350-XFYGW,0.8193310714711487,High Risk,Month-to-month,4,94.75
6521-YYTYI,0.8175483311319943,High Risk,Month-to-month,1,93.3
4145-UQXUQ,0.8128891526671416,High Risk,Month-to-month,8,92.1
7943-RQCHR,0.8125327768695374,High Risk,Month-to-month,9,94.75
9061-TIHDA,0.8123792114132395,High Risk,Month-to-month,13,95.25
1455-UGQVH,0.8123232166877409,High Risk,Month-to-month,10,98.5
2968-SSGAA,0.8118240296322066,High Risk,Month-to-month,10,100.6
4912-PIGUY,0.8112422428107025,High Risk,Month-to-month,1,84.6
1075-BGWOH,0.8107212707771928,High Risk,Month-to-month,16,98.75
3320-VEOYC,0.8103841039298826,High Risk,Month-to-month,14,95.6
8775-LHDJH,0.8096341853947935,High Risk,Month-to-month,1,90.6
0196-VULGZ,0.8081058206370172,High Risk,Month-to-month,6,84.35
1724-BQUHA,0.8078125295971949,High Risk,Month-to-month,5,89.5
9546-CQJSU,0.8068221427931929,High Risk,Month-to-month,2,91.4
0897-FEGMU,0.806649920857123,High Risk,Month-to-month,11,99.5
4847-TAJYI,0.8066016958299781,High Risk,Month-to-month,6,89.35
2205-YMZZJ,0.8065453911975972,High Risk,Month-to-month,7,84.8
0564-JJHGS,0.8063492101975268,High Risk,Month-to-month,9,95.5
4078-SAYYN,0.8061812485923818,High Risk,Month-to-month,11,100.75
6969-MVBAI,0.8061805573708486,High Risk,Month-to-month,9,90.1
7668-XCFYV,0.8059455204424462,High Risk,Month-to-month,17,92.55
4587-VVTOX,0.8057965005961928,High Risk,Month-to-month,6,105.3
9282-IZGQK,0.8055440057501574,High Risk,Month-to-month,1,85.0
2656-TABEH,0.8053722974193548,High Risk,Month-to-month,4,100.2
0021-IKXGC,0.8041741927864992,High Risk,Month-to-month,1,72.1
7234-FECYN,0.8041379706783769,High Risk,Month-to-month,8,101.35
5935-FCCNB,0.8038897058371424,High Risk,Month-to-month,17,94.2
3489-HHPFY,0.8038778327509315,High Risk,Month-to-month,2,84.05
3722-WPXTK,0.8027483179918835,High Risk,Month-to-month,1,88.35
4115-NZRKS,0.80224515368415,High Risk,Month-to-month,7,89.15
8972-HJWNV,0.8021786121881411,High Risk,Month-to-month,7,84.55
5565-FILXA,0.8012829995924723,High Risk,Month-to-month,16,96.15
9221-OTIVJ,0.801096917428813,High Risk,Month-to-month,14,104.85
1304-NECVQ,0.8010403030094971,High Risk,Month-to-month,2,78.55
2265-CYWIV,0.8010355042627987,High Risk,Month-to-month,4,99.6
3319-DWOEP,0.801005858339674,High Risk,Month-to-month,6,95.75
2982-VPSGI,0.8008264192629588,High Risk,Month-to-month,11,94.0
8245-UMPYT,0.8002769413800446,High Risk,Month-to-month,16,96.4
8414-MYSHR,0.8002616529568343,High Risk,Month-to-month,5,91.4
1455-ESIQH,0.799735446091602,High Risk,Month-to-month,1,89.1
5519-NPHVG,0.7993464761475476,High Risk,Month-to-month,12,94.2
5383-MMTWC,0.7991681825769835,High Risk,Month-to-month,8,84.0
7577-SWIFR,0.7991287493613854,High Risk,Month-to-month,1,89.25
4927-WWOOZ,0.79875454868349,High Risk,Month-to-month,2,91.45
0259-GBZSH,0.798622269854804,High Risk,Month-to-month,2,85.65
0970-ETWGE,0.7979112308048004,High Risk,Month-to-month,1,89.55
1143-NMNQJ,0.7975282783930895,High Risk,Month-to-month,2,85.7
8058-JMEQO,0.7966593569570487,High Risk,Month-to-month,9,84.45
1875-QIVME,0.7966465973685275,High Risk,Month-to-month,2,104.4
3027-ZTDHO,0.7964838382759255,High Risk,Month-to-month,1,89.9
3811-VBYBZ,0.795861167182171,High Risk,Month-to-month,7,99.8
8603-IJWDN,0.7957237071333798,High Risk,Month-to-month,1,86.6
1833-VGRUM,0.7956974574671073,High Risk,Month-to-month,1,74.2
9965-YOKZB,0.7956795630312791,High Risk,Month-to-month,9,83.85
6683-VLCTZ,0.7953253667403686,High Risk,Month-to-month,20,98.55
0754-UKWQP,0.7953193402921497,High Risk,Month-to-month,2,95.85
0187-QSXOE,0.7948590730365964,High Risk,Month-to-month,7,89.0
3606-TWKGI,0.7946223639293133,High Risk,Month-to-month,13,106.9
8473-VUVJN,0.7945083786493321,High Risk,Month-to-month,1,73.65
5380-AFSSK,0.7944688667546733,High Risk,Month-to-month,5,93.9
7274-RTAPZ,0.7938130867620912,High Risk,Month-to-month,1,90.55
7225-CBZPL,0.7934662772459599,High Risk,Month-to-month,17,94.8
7398-SKNQZ,0.7928687611909703,High Risk,Month-to-month,3,94.9
8739-XNIKG,0.7928661090283252,High Risk,Month-to-month,5,84.0
6474-FVJLC,0.7928476669865979,High Risk,Month-to-month,2,86.0
9134-CEQMF,0.7927948222320591,High Risk,Month-to-month,7,89.5
2034-GDRCN,0.7925367043706918,High Risk,Month-to-month,2,90.4
7488-MXJIV,0.7914031744327333,High Risk,Month-to-month,4,85.65
3551-HUAZH,0.7914023528250065,High Risk,Month-to-month,1,74.4
9611-CTWIH,0.7910905233748957,High Risk,Month-to-month,3,89.45
2642-DTVCO,0.7907143254018126,High Risk,Month-to-month,9,85.05
8593-WHYHV,0.7903600918461712,High Risk,Month-to-month,3,85.3
6513-EECDB,0.7902298245639852,High Risk,Month-to-month,1,73.55
5240-IJOQT,0.7901503008917683,High Risk,Month-to-month,1,74.7
1658-BYGOY,0.7900693083017921,High Risk,Month-to-month,18,95.45
0723-DRCLG,0.7899760783352114,High Risk,Month-to-month,1,74.45
6230-BSUXY,0.7898578679032185,High Risk,Month-to-month,1,85.0
8337-UPOAQ,0.7898146925227439,High Risk,Month-to-month,10,89.8
3902-FOIGH,0.7894420659497109,High Risk,Month-to-month,12,101.35
6567-HOOPW,0.789417328011175,High Risk,Month-to-month,1,79.2
1624-NALOJ,0.7887693696073342,High Risk,Month-to-month,5,89.8
2725-KXXWT,0.7882635807099774,High Risk,Month-to-month,1,90.75
7526-BEZQB,0.7882443491633351,High Risk,Month-to-month,12,96.05
4548-SDBKE,0.787850730368724,High Risk,Month-to-month,5,85.2
4988-IQIGL,0.7874186175436484,High Risk,Month-to-month,1,75.35
3621-CEOVK,0.7868888810482477,High Risk,Month-to-month,14,100.2
4102-OQUPX,0.7866534084477583,High Risk,Month-to-month,1,74.4
7228-OMTPN,0.7863103532618523,High Risk,Month-to-month,4,88.45
8580-AECUZ,0.786300222359723,High Risk,Month-to-month,1,79.1
6894-LFHLY,0.7857247237437632,High Risk,Month-to-month,1,75.75
3452-GWUIN,0.785474951790819,High Risk,Month-to-month,19,94.95
1564-NTYXF,0.7852281910989167,High Risk,Month-to-month,13,82.0
3727-RJMEO,0.7839539559487368,High Risk,Month-to-month,6,82.85
1389-CXMLU,0.7838610083629179,High Risk,Month-to-month,3,91.05
0697-ZMSWS,0.783389857746359,High Risk,Month-to-month,4,85.65
0236-HFWSV,0.7831761328363966,High Risk,Month-to-month,15,93.35
2462-XIIJB,0.7828512154527264,High Risk,Month-to-month,5,92.5
9248-OJYKK,0.7827368413016573,High Risk,Month-to-month,1,76.45
4094-NSEDU,0.7822071296592944,High Risk,Month-to-month,21,94.25
1579-KLYDT,0.7805025990619561,High Risk,Month-to-month,7,90.45
4192-GORJT,0.7800344877398065,High Risk,Month-to-month,5,94.45
3643-AHCFP,0.779137384045405,High Risk,Month-to-month,7,95.6
1197-BVMVG,0.7781813405075156,High Risk,Month-to-month,4,74.45
6108-OQZDQ,0.7780118065196968,High Risk,Month-to-month,4,97.95
1626-ERCMM,0.7779988213940658,High Risk,Month-to-month,20,94.55
5299-SJCZT,0.7778943103974566,High Risk,Month-to-month,3,101.55
4713-LZDRV,0.7776267542557075,High Risk,Month-to-month,2,79.6
3318-NMQXL,0.7766090833747612,High Risk,Month-to-month,3,92.0
3097-NQYSN,0.7763107932439174,High Risk,Month-to-month,2,86.85
0722-TROQR,0.7762157278507229,High Risk,Month-to-month,4,74.9
4140-MUHUG,0.7753250783191973,High Risk,Month-to-month,3,86.85
0680-DFNNY,0.7748505008899974,High Risk,Month-to-month,15,101.1
2990-HWIML,0.7741752025155846,High Risk,Month-to-month,6,89.5
9231-ZJYAM,0.7741744291237201,High Risk,Month-to-month,4,78.85
7779-LGOVN,0.7733998763201712,High Risk,Month-to-month,10,86.65
8357-EQXFO,0.7733618879955664,High Risk,Month-to-month,7,95.35
7576-OYWBN,0.773170880223864,High Risk,Month-to-month,3,76.05
3178-FESZO,0.771918218577425,High Risk,Month-to-month,1,100.25
6161-UUUTA,0.7715549190762111,High Risk,Month-to-month,3,79.9
0655-RBDUG,0.7704365171929607,High Risk,Month-to-month,7,98.05
6015-VVHHE,0.7699965976062455,High Risk,Month-to-month,5,83.15
9025-AOMKI,0.7689767426435111,High Risk,Month-to-month,6,93.55
8258-GSTJK,0.768940620827245,High Risk,Month-to-month,3,77.0
8931-GJJIQ,0.7689333546200171,High Risk,Month-to-month,9,83.3
4951-UKAAQ,0.7686349247478054,High Risk,Month-to-month,4,88.95
2027-FECZV,0.7682655164591566,High Risk,Month-to-month,12,106.7
4086-YQSNZ,0.768016075878739,High Risk,Month-to-month,3,80.4
5956-VKDTT,0.7678757743750726,High Risk,Month-to-month,5,74.35
0916-QOFDP,0.7678262735907276,High Risk,Month-to-month,14,95.8
2672-HUYVI,0.7670410638327221,High Risk,Month-to-month,6,91.1
6328-ZPBGN,0.7668754886595707,High Risk,Month-to-month,11,95.15
1173-XZPYF,0.7668043158101366,High Risk,Month-to-month,11,89.2
0325-XBFAC,0.7667194539320059,High Risk,Month-to-month,8,94.7
5698-BQJOH,0.7662084937642443,High Risk,Month-to-month,9,94.4
4060-LDNLU,0.7660106349476644,High Risk,Month-to-month,7,96.2
9290-SHCMB,0.7659150916382367,High Risk,Month-to-month,13,96.85
1925-TIBLE,0.765885392352429,High Risk,Month-to-month,7,86.5
4929-XIHVW,0.7653347944168633,High Risk,Month-to-month,2,95.5
3387-VATUS,0.7651839275079009,High Risk,Month-to-month,5,94.85
6734-GMPVK,0.7639866601215112,High Risk,Month-to-month,5,105.3
8087-LGYHQ,0.7637840293107342,High Risk,Month-to-month,9,94.05
2123-AGEEN,0.7632792525998574,High Risk,Month-to-month,7,84.35
9189-JWSHV,0.763053177912938,High Risk,Month-to-month,24,93.55
7503-ZGUZJ,0.7629284340952095,High Risk,Month-to-month,1,84.65
6979-ZNSFF,0.762627705951719,High Risk,Month-to-month,8,87.05
0702-PGIBZ,0.7625804321753442,High Risk,Month-to-month,4,101.7
6688-UZPWD,0.7625703489453711,High Risk,Month-to-month,11,102.0
9944-HKVVB,0.7624478415010643,High Risk,Month-to-month,3,95.1
8382-SHQEH,0.7624475223631898,High Risk,Month-to-month,8,84.9
9809-IMGCQ,0.7618525541021662,High Risk,Month-to-month,22,96.7
4415-IJZTP,0.7612952548275289,High Risk,Month-to-month,1,74.5
9223-UCPVT,0.7612278343678059,High Risk,Month-to-month,1,94.4
7181-BQYBV,0.7610551748890466,High Risk,Month-to-month,1,102.45
9451-LPGOO,0.7610256380566348,High Risk,Month-to-month,7,86.8
5644-PDMZC,0.7606267344948351,High Risk,Month-to-month,2,89.5
2691-NZETQ,0.7606257918536291,High Risk,Month-to-month,9,85.35
4514-GFCFI,0.7605172189121061,High Risk,Month-to-month,16,84.75
4273-MBHYA,0.7605103725999016,High Risk,Month-to-month,1,89.35
5956-YHHRX,0.7605039394515746,High Risk,Month-to-month,21,104.35
9957-YODKZ,0.760496069792125,High Risk,Month-to-month,6,80.8
2215-ZAFGX,0.7599361790958957,High Risk,Month-to-month,9,85.5
4228-ZGYUW,0.7598210278319738,High Risk,Month-to-month,4,90.05
7120-RFMVS,0.759710951605977,High Risk,Month-to-month,1,84.5
6857-VWJDT,0.7596065840604221,High Risk,Month-to-month,1,95.65
7156-MHUGY,0.7592800344636225,High Risk,Month-to-month,13,90.5
6210-KBBPI,0.7592442400574377,High Risk,Month-to-month,9,99.45
7330-WZLNC,0.759129931968689,High Risk,Month-to-month,5,90.8
5597-GLBUC,0.7589921587195242,High Risk,Month-to-month,1,85.45
8816-VXNZD,0.7585339414971085,High Risk,Month-to-month,1,75.1
9124-LHCJQ,0.7582473432733303,High Risk,Month-to-month,1,85.45
3462-BJQQA,0.757985171649674,High Risk,Month-to-month,6,89.75
2202-CUYXZ,0.7578860255421838,High Risk,Month-to-month,1,84.85
7074-IEVOJ,0.7577034666215908,High Risk,Month-to-month,3,79.4
5052-PNLOS,0.7567125479540553,High Risk,Month-to-month,3,105.35
8780-IXSTS,0.7563618825107306,High Risk,Month-to-month,6,90.1
5229-PRWKT,0.756185679006168,High Risk,Month-to-month,8,86.55
6892-EZDTG,0.7559646148844782,High Risk,Month-to-month,4,91.65
6358-LYNGM,0.7555676851873768,High Risk,Month-to-month,1,74.9
5348-CAGXB,0.7553984717224528,High Risk,Month-to-month,12,89.55
1157-BQCUW,0.7553346724799889,High Risk,Month-to-month,1,74.95
6229-LSCKB,0.754719875768486,High Risk,Month-to-month,6,79.7
1452-VOQCH,0.754634733741367,High Risk,Month-to-month,1,75.1
5955-ERIHD,0.7546331185905659,High Risk,Month-to-month,18,94.7
1567-DSCIC,0.7546316807230522,High Risk,Month-to-month,8,94.0
3096-GKWEB,0.754399504570861,High Risk,Month-to-month,18,94.75
7209-JCUDS,0.7538699574812129,High Risk,Month-to-month,10,94.9
9787-XVQIU,0.7536993821824026,High Risk,Month-to-month,1,75.3
8058-INTPH,0.7535822225415789,High Risk,Month-to-month,1,79.65
5834-ASPWA,0.7529962950459147,High Risk,Month-to-month,1,75.45
8740-CRYFY,0.7529289171887424,High Risk,Month-to-month,1,78.95
6615-NGGZJ,0.7526033794764769,High Risk,Month-to-month,14,100.55
5960-WPXQM,0.752459357837598,High Risk,Month-to-month,1,79.05
9094-AZPHK,0.7523287945851079,High Risk,Month-to-month,15,100.15
0365-BZUWY,0.7523179815170692,High Risk,Month-to-month,17,102.55
7402-EYFXX,0.7521502187593738,High Risk,Month-to-month,26,93.6
8808-ELEHO,0.751588995241559,High Risk,Month-to-month,8,81.25
8168-UQWWF,0.7513914202017099,High Risk,Month-to-month,11,97.85
1450-GALXR,0.7512459934787816,High Risk,Month-to-month,10,98.5
5494-HECPR,0.7507608963612532,High Risk,Month-to-month,1,80.25
9306-CPCBC,0.7503773726260745,High Risk,Month-to-month,3,74.25
7817-BOQPW,0.7503669076378826,High Risk,Month-to-month,2,75.55
2514-GINMM,0.7503389401219578,High Risk,Month-to-month,1,79.5
4844-JJWUY,0.7503243690941985,High Risk,Month-to-month,1,86.0
1761-AEZZR,0.750102591518557,High Risk,Month-to-month,1,79.55
0094-OIFMO,0.7500779538772949,High Risk,Month-to-month,11,95.0
3398-FSHON,0.7499598923762392,High Risk,Month-to-month,12,91.3
9334-GWGOW,0.7497155095758761,High Risk,Month-to-month,7,74.85
9725-SCPZG,0.749597881610049,High Risk,Month-to-month,1,90.85
8510-AWCXC,0.7495856908837583,High Risk,Month-to-month,13,100.8
2609-IAICY,0.7489361805697818,High Risk,Month-to-month,1,77.15
1618-CFHME,0.7487094602562829,High Risk,Month-to-month,2,75.9
5349-IECLD,0.7486902367871349,High Risk,Month-to-month,2,94.95
7130-VTEWQ,0.748637339378004,High Risk,Month-to-month,8,75.75
1200-TUZHR,0.7485711359730638,High Risk,Month-to-month,8,85.2
0495-RVCBF,0.7483531660462774,High Risk,Month-to-month,1,79.7
9300-RENDD,0.7482064370013171,High Risk,Month-to-month,1,79.95
0709-TVGUR,0.7481728783099214,High Risk,Month-to-month,9,74.55
7249-WBIYX,0.7481067833408664,High Risk,Month-to-month,10,85.6
3372-KWFBM,0.7479441300706225,High Risk,Month-to-month,16,86.6
1941-HOSAM,0.7477896614659537,High Risk,Month-to-month,1,90.1
2982-IHMFT,0.7477116512969612,High Risk,Month-to-month,1,74.45
0011-IGKFF,0.7472190029629846,High Risk,Month-to-month,13,98.0
2077-MPJQO,0.747103161596141,High Risk,Month-to-month,7,75.4
4090-KPJIP,0.7470552752820722,High Risk,Month-to-month,3,74.95
1981-INRFU,0.7469762621619175,High Risk,Month-to-month,2,79.75
7294-TMAOP,0.7466607023593627,High Risk,Month-to-month,1,90.55
7613-LLQFO,0.7466084438008701,High Risk,Month-to-month,12,84.45
6860-YRJZP,0.7465566469126642,High Risk,Month-to-month,9,74.05
2868-MZAGQ,0.7464990940355791,High Risk,Month-to-month,1,79.25
4112-LUEIZ,0.7464783680768483,High Risk,Month-to-month,10,89.5
5797-APWZC,0.7464220484316706,High Risk,Month-to-month,1,90.6
9402-ORRAH,0.7463443650756869,High Risk,Month-to-month,15,91.5
3295-YVUSR,0.7463428993494726,High Risk,Month-to-month,2,72.6
0404-SWRVG,0.745673578420638,High Risk,Month-to-month,3,74.4
2454-RPBRZ,0.745356048678315,High Risk,Month-to-month,12,98.1
7439-DKZTW,0.7453443606723719,High Risk,Month-to-month,1,80.55
3006-XIMLN,0.7451795127498658,High Risk,Month-to-month,2,94.2
7548-SEPYI,0.7449131320482525,High Risk,Month-to-month,5,96.25
4529-CKBCL,0.7448248044032191,High Risk,Month-to-month,2,80.2
3292-PBZEJ,0.7447918584035299,High Risk,Month-to-month,11,111.4
0195-IESCP,0.7447241638420264,High Risk,Month-to-month,10,85.25
0334-GDDSO,0.7445527031294286,High Risk,Month-to-month,3,81.35
1320-HTRDR,0.7444246264797144,High Risk,Month-to-month,3,75.5
3338-CVVEH,0.7434268674042617,High Risk,Month-to-month,12,94.55
0880-TKATG,0.7431427210975572,High Risk,Month-to-month,4,101.15
3217-FZDMN,0.7430572413312362,High Risk,Month-to-month,8,94.45
4581-SSPWD,0.7429821769458439,High Risk,Month-to-month,3,75.8
8622-ZLFKO,0.7429216731247313,High Risk,Month-to-month,6,90.75
9837-BMCLM,0.7427233986074518,High Risk,Month-to-month,3,78.5
7760-OYPDY,0.7426613551764528,High Risk,Month-to-month,2,80.65
5561-NWEVX,0.7426000402099234,High Risk,Month-to-month,2,79.2
5995-SNNEW,0.7424837249546582,High Risk,Month-to-month,23,104.45
1678-FYZOW,0.7424309172068947,High Risk,Month-to-month,3,79.4
9919-KNPOO,0.7420266155871443,High Risk,Month-to-month,21,94.3
0220-EBGCE,0.7420138116646882,High Risk,Month-to-month,2,85.85
4234-XTNEA,0.7419890093934494,High Risk,Month-to-month,2,79.95
0637-KVDLV,0.7418168582461656,High Risk,Month-to-month,2,76.5
9172-ANCRX,0.7417976442331966,High Risk,Month-to-month,10,98.7
4614-NUVZD,0.7416443775087929,High Risk,Month-to-month,1,81.1
3473-XIIIT,0.7414634022832834,High Risk,Month-to-month,16,100.0
9885-CSMWE,0.7411548002087143,High Risk,Month-to-month,1,78.45
7079-QRCBC,0.7408235424868644,High Risk,Month-to-month,24,98.75
9689-PTNPG,0.7405376046073827,High Risk,Month-to-month,2,80.25
2180-DXNEG,0.7402581029500354,High Risk,Month-to-month,12,96.0
0318-QUUOB,0.7398914852474976,High Risk,Month-to-month,1,80.55
8083-YTZES,0.7396583386036354,High Risk,Month-to-month,4,74.35
2235-DWLJU,0.7393212929892076,High Risk,Month-to-month,6,44.4
6457-USBER,0.7390289616527118,High Risk,Month-to-month,1,80.8
2985-FMWYF,0.7388045195203683,High Risk,Month-to-month,23,93.5
5889-LFOLL,0.7385714154970261,High Risk,Month-to-month,13,84.6
8118-LSUEL,0.7385137582069619,High Risk,Month-to-month,23,106.4
8752-STIVR,0.7380764782729186,High Risk,Month-to-month,4,79.0
2645-QTLMB,0.7379744532156578,High Risk,Month-to-month,7,94.25
4021-RQSNY,0.7379667575186226,High Risk,Month-to-month,29,98.5
5419-CONWX,0.737897903073046,High Risk,Month-to-month,4,99.8
2004-OCQXK,0.7375147630421492,High Risk,Month-to-month,1,81.95
4749-OJKQU,0.7374144813697386,High Risk,Month-to-month,4,75.65
3519-ZKXGG,0.7372522858310392,High Risk,Month-to-month,3,75.85
7029-RPUAV,0.7371851324699554,High Risk,Month-to-month,17,100.45
6892-XPFPU,0.7371535093659745,High Risk,Month-to-month,24,104.25
3045-XETSH,0.7371147985397376,High Risk,Month-to-month,10,94.85
6357-JJPQT,0.737089169009783,High Risk,Month-to-month,3,80.5
8242-SOQUO,0.7367001846074124,High Risk,Month-to-month,5,84.7
2516-VQRRV,0.7366215406432132,High Risk,Month-to-month,2,75.45
4952-YSOGZ,0.7362520207794436,High Risk,Month-to-month,4,85.95
8086-OVPWV,0.7356199144472408,High Risk,Month-to-month,2,80.2
7235-NXZCP,0.7354485220955496,High Risk,Month-to-month,2,74.85
7858-GTZSP,0.735382287068413,High Risk,Month-to-month,12,86.55
7206-GZCDC,0.7348410232073765,High Risk,Month-to-month,1,69.25
8775-ERLNB,0.7347847312330945,High Risk,Month-to-month,1,74.3
6087-MVHJH,0.7347557435874088,High Risk,Month-to-month,16,88.45
7938-OUHIO,0.7347216343326248,High Risk,Month-to-month,3,98.7
1704-NRWYE,0.7345629462665982,High Risk,Month-to-month,9,80.85
2612-RANWT,0.7340544341085996,High Risk,Month-to-month,12,100.15
8875-AKBYH,0.7337018358906605,High Risk,Month-to-month,20,84.35
8348-HFYIV,0.7336616311015083,High Risk,Month-to-month,2,49.25
6326-MTTXK,0.7336154734927688,High Risk,Month-to-month,8,100.85
5835-BEQEU,0.7332832201931272,High Risk,Month-to-month,3,76.95
7145-FEJWU,0.7332163814039898,High Risk,Month-to-month,12,105.3
5382-SOYZL,0.733209548662378,High Risk,Month-to-month,22,95.1
2636-ALXXZ,0.7331171552811054,High Risk,Month-to-month,1,69.6
8375-DKEBR,0.7331171552811054,High Risk,Month-to-month,1,69.6
4871-JTKJF,0.7328703074309848,High Risk,Month-to-month,1,69.65
7969-AULMZ,0.7326522284521023,High Risk,Month-to-month,21,97.35
7341-LXCAF,0.7326474454302406,High Risk,Month-to-month,4,74.65
4795-KTRTH,0.7321906187388165,High Risk,Month-to-month,5,81.0
4210-QFJMF,0.732140718039329,High Risk,Month-to-month,4,79.15
2876-GZYZC,0.7319428819998722,High Risk,Month-to-month,13,85.95
9878-TNQGW,0.7319241149554793,High Risk,Month-to-month,2,80.95
5550-VFRLC,0.7318814662499468,High Risk,Month-to-month,1,69.85
2688-BHGOG,0.7316122808738434,High Risk,Month-to-month,9,79.55
8000-REIQB,0.7313861767612277,High Risk,Month-to-month,1,69.95
1393-IMKZG,0.7313714541499652,High Risk,Month-to-month,1,95.85
8443-ZRDBZ,0.7313161379248075,High Risk,Month-to-month,4,76.05
1960-UYCNN,0.7310120339699764,High Risk,Month-to-month,10,95.25
7493-TPUWZ,0.7307600113719821,High Risk,Month-to-month,1,79.15
5357-TZHPP,0.7306531477218471,High Risk,Month-to-month,9,84.4
1846-XWOQN,0.7303938627935171,High Risk,Month-to-month,1,70.15
9605-WGJVW,0.7301454232595206,High Risk,Month-to-month,1,70.2
8992-JQYUN,0.7290365753168255,High Risk,Month-to-month,1,50.35
8062-YBDOE,0.7287049013485362,High Risk,Month-to-month,1,69.65
2880-FPNAE,0.7286292382057601,High Risk,Month-to-month,2,74.2
2789-HQBOU,0.7284563591217411,High Risk,Month-to-month,3,80.35
8051-HJRLT,0.7284023109264117,High Risk,Month-to-month,1,70.55
5539-TMZLF,0.7282059230217691,High Risk,Month-to-month,1,69.75
2506-TNFCO,0.7277481518412262,High Risk,Month-to-month,1,69.55
0122-OAHPZ,0.7270621058679809,High Risk,Month-to-month,7,73.85
9603-OAIHC,0.7267055415655967,High Risk,Month-to-month,1,70.05
5276-KQWHG,0.7266632513362817,High Risk,Month-to-month,2,69.6
8225-BTJAU,0.7266413876095552,High Risk,Month-to-month,10,79.25
4132-KALRO,0.7262235022298695,High Risk,Month-to-month,4,100.85
4735-ASGMA,0.7258556683159164,High Risk,Month-to-month,26,98.35
2754-SDJRD,0.7258528890887864,High Risk,Month-to-month,8,100.15
9488-HGMJH,0.7253977439505063,High Risk,Month-to-month,1,71.15
9360-OMDZZ,0.7252628166415165,High Risk,Month-to-month,24,94.1
2371-JQHZZ,0.7251070496299398,High Risk,Month-to-month,24,93.0
3878-AVSOQ,0.7248949793165982,High Risk,Month-to-month,1,71.25
3247-ZVOUO,0.7245212745026356,High Risk,Month-to-month,10,85.55
6100-QQHEB,0.7244054137698975,High Risk,Month-to-month,17,92.55
4806-KEXQR,0.724205496548724,High Risk,Month-to-month,4,79.9
4229-CZMLL,0.7240908707756742,High Risk,Month-to-month,6,74.9
2612-RRIDN,0.7239961704889405,High Risk,Month-to-month,4,81.0
5883-GTGVD,0.7239209959153429,High Risk,Month-to-month,19,99.95
5288-AHOUP,0.7238880710063844,High Risk,Month-to-month,11,78.5
6356-ELRKD,0.7237235639248052,High Risk,Month-to-month,1,95.6
9253-QXKBE,0.7235082116987505,High Risk,Month-to-month,29,94.45
7218-HKQFK,0.7232768221765383,High Risk,Month-to-month,2,94.2
4445-ZJNMU,0.723135565030969,High Risk,Month-to-month,9,99.3
4597-NUCQV,0.7230761986186327,High Risk,Month-to-month,24,101.25
2737-WFVYW,0.7230607831423034,High Risk,Month-to-month,2,45.25
4395-PZMSN,0.7230363385418953,High Risk,Month-to-month,5,85.55
5804-LEPIM,0.7228894112449367,High Risk,Month-to-month,2,70.35
3422-GALYP,0.7227567094400118,High Risk,Month-to-month,2,79.45
9799-CAYJJ,0.7224799962641419,High Risk,Month-to-month,2,69.3
6060-DRTNL,0.7224682907375403,High Risk,Month-to-month,5,84.85
8541-QVFKM,0.7222920201281973,High Risk,Month-to-month,8,73.5
6711-FLDFB,0.721774530927174,High Risk,Month-to-month,7,74.9
2959-MJHIC,0.721565103435794,High Risk,Month-to-month,4,80.35
6941-PMGEP,0.7213830289434817,High Risk,Month-to-month,5,80.0
4342-HENTK,0.7213709106230435,High Risk,Month-to-month,2,70.65
2929-ERCFZ,0.7213376728318077,High Risk,Month-to-month,8,94.2
3874-EQOEP,0.7209793758575195,High Risk,Month-to-month,7,95.0
0345-HKJVM,0.7208591557047305,High Risk,Month-to-month,6,89.3
7479-NITWS,0.7208438885245018,High Risk,Month-to-month,7,89.35
6583-KQJLK,0.7207890589891788,High Risk,Month-to-month,15,94.65
7508-MYBOG,0.7201043552776883,High Risk,Month-to-month,14,86.1
4706-AXVKM,0.7198156338085318,High Risk,Month-to-month,11,84.8
1363-TXLSL,0.7197326160612388,High Risk,Month-to-month,1,70.3
4298-OYIFC,0.719639591282213,High Risk,Month-to-month,15,103.45
2430-USGXP,0.7196109616865761,High Risk,Month-to-month,24,101.05
9185-TQCVP,0.719552567897994,High Risk,Month-to-month,14,85.15
6198-RTPMF,0.719504237380788,High Risk,Month-to-month,17,92.6
0840-DFEZH,0.719489255124903,High Risk,Month-to-month,7,75.35
7563-BIUPC,0.7194478450453905,High Risk,Month-to-month,5,80.6
1195-OIYEJ,0.7193713668434492,High Risk,Month-to-month,13,91.1
6618-RYATB,0.7193418062015103,High Risk,Month-to-month,1,79.55
8361-LTMKD,0.7190577119034918,High Risk,Month-to-month,4,74.4
2369-UAPKZ,0.7187089226566086,High Risk,Month-to-month,5,104.1
7638-QVMVY,0.7186517231322256,High Risk,Month-to-month,7,79.0
8644-XLFBW,0.7186168269812059,High Risk,Month-to-month,1,71.65
9239-ZBZZV,0.7183511932619401,High Risk,Month-to-month,6,47.95
5429-LWCMV,0.7178207146768061,High Risk,Month-to-month,12,89.15
5868-YWPDW,0.717553993270975,High Risk,Month-to-month,6,84.2
3834-XUIFC,0.7174414118106314,High Risk,Month-to-month,7,85.2
2272-QAGFO,0.7173819343709765,High Risk,Month-to-month,14,74.3
6127-ISGTU,0.7170117842545155,High Risk,Month-to-month,16,84.95
0684-AOSIH,0.716758788013271,High Risk,Month-to-month,1,95.0
6168-WFVVF,0.7165401389466522,High Risk,Month-to-month,3,70.3
8779-QRDMV,0.7165377655708107,High Risk,Month-to-month,1,39.65
3254-YRILK,0.7163168077839371,High Risk,Month-to-month,19,88.2
1980-KXVPM,0.7160612403062856,High Risk,Month-to-month,3,75.05
2055-PDADH,0.7160275056592678,High Risk,Month-to-month,3,70.4
0871-URUWO,0.7159939915562313,High Risk,Month-to-month,13,102.25
8185-UPYBR,0.71528259689321,High Risk,Month-to-month,6,75.5
6437-UKHMV,0.7150677305140453,High Risk,Month-to-month,7,79.7
9734-YWGEX,0.7143510443840966,High Risk,Month-to-month,9,98.3
8290-YWKHZ,0.7143128923404297,High Risk,Month-to-month,32,93.2
5168-MSWXT,0.7142386001459133,High Risk,Month-to-month,8,94.75
9330-IJWIO,0.7141242428527211,High Risk,Month-to-month,13,100.35
5609-CEBID,0.7139874423437094,High Risk,Month-to-month,20,94.1
1628-BIZYP,0.7134378702735931,High Risk,Month-to-month,1,85.0
3199-XGZCY,0.713350972357717,High Risk,Month-to-month,8,75.25
5760-IFJOZ,0.7122676377367813,High Risk,Month-to-month,3,107.95
9274-CNFMO,0.7118585842180971,High Risk,Month-to-month,4,74.95
2026-TGDHM,0.711671462551968,High Risk,Month-to-month,7,79.3
3957-LXOLK,0.711370920355785,High Risk,Month-to-month,28,106.15
4285-GYRQC,0.7113663741716553,High Risk,Month-to-month,7,86.25
1977-STDKI,0.7113374052030886,High Risk,Month-to-month,1,73.0
3030-YDNRM,0.7110794345324158,High Risk,Month-to-month,8,74.85
8372-JUXUI,0.7106157340196197,High Risk,Month-to-month,1,74.35
4633-MKHYU,0.7098610472216611,High Risk,Month-to-month,9,88.4
9685-WKZGT,0.7097031407713665,High Risk,Month-to-month,14,74.95
7314-OXENN,0.7096845590398155,High Risk,Month-to-month,2,82.0
4282-YMKNA,0.7092182966056495,High Risk,Month-to-month,9,74.75
8313-NDOIA,0.709136756297082,High Risk,Month-to-month,24,104.15
2495-INZWQ,0.7090358425163928,High Risk,Month-to-month,4,44.55
2107-FBPTK,0.7085370304881878,High Risk,Month-to-month,30,104.1
2952-QAYZF,0.7084890078760097,High Risk,Month-to-month,5,85.3
5366-IJEQJ,0.7083036504027699,High Risk,Month-to-month,20,88.7
7831-QGOXH,0.7081541309529694,High Risk,Month-to-month,18,85.2
3629-ZNKXA,0.7079729467251699,High Risk,Month-to-month,17,101.8
5167-ZFFMM,0.7072438385177415,High Risk,Month-to-month,1,90.85
6689-TCZHQ,0.7071781101613763,High Risk,Month-to-month,5,78.95
5919-TMRGD,0.7071016606973238,High Risk,Month-to-month,1,79.35
3776-EKTKM,0.7068816394702906,High Risk,Month-to-month,1,36.45
5293-WXJAK,0.7067029521371382,High Risk,Month-to-month,11,104.05
3276-HDUEG,0.706626125163978,High Risk,Month-to-month,1,75.05
3707-GNWHM,0.7064203376171694,High Risk,Month-to-month,1,74.25
7903-CMPEY,0.7062412439907741,High Risk,Month-to-month,1,80.3
8413-VONUO,0.7058848488465432,High Risk,Month-to-month,2,95.65
2984-AFWNC,0.7047920471013095,High Risk,Month-to-month,3,95.4
4884-ZTHVF,0.7047738660677296,High Risk,Month-to-month,8,87.1
2777-PHDEI,0.704706960465848,High Risk,Month-to-month,1,78.05
2840-XANRC,0.7045189846491464,High Risk,Month-to-month,24,93.15
2754-VDLTR,0.7045179872202852,High Risk,Month-to-month,10,95.2
8800-JOOCF,0.7042959130693106,High Risk,Month-to-month,12,84.05
7180-PISOG,0.7039258422762619,High Risk,Month-to-month,1,74.5
0722-SVSFK,0.7039237757635078,High Risk,Month-to-month,7,100.4
0644-OQMDK,0.7036260346226683,High Risk,Month-to-month,4,70.65
6986-IXNDM,0.7033293611418093,High Risk,Month-to-month,14,92.9
8107-KNCIM,0.703000969415103,High Risk,Month-to-month,14,75.1
0329-GTIAJ,0.7029874302391391,High Risk,Month-to-month,3,97.9
6996-KNSML,0.7027034888077502,High Risk,Month-to-month,1,74.9
8065-YKXKD,0.7024210467558802,High Risk,Month-to-month,10,74.75
2799-ARNLO,0.7021012764622806,High Risk,Month-to-month,5,69.35
4853-OITSN,0.7020614904766141,High Risk,Month-to-month,5,89.15
9279-CJEOJ,0.7020490112270091,High Risk,Month-to-month,21,95.4
5445-UTODQ,0.7018830052928341,High Risk,Month-to-month,7,81.1
9317-WZPGV,0.7017434560101591,High Risk,Month-to-month,2,79.75
7028-DVOIQ,0.701334397808871,High Risk,Month-to-month,35,99.05
9391-EOYLI,0.7012745076276002,High Risk,Month-to-month,12,80.45
1731-TVIUK,0.7009639860922278,High Risk,Month-to-month,4,93.5
6856-RAURS,0.7005882398653261,High Risk,Month-to-month,2,74.9
1569-TTNYJ,0.7003770798116495,High Risk,Month-to-month,5,78.75
7594-RQHXR,0.7002193063465929,High Risk,Month-to-month,1,79.6
7392-YYPYJ,0.7001738950879506,High Risk,Month-to-month,22,100.65
7044-YAACC,0.7000312896848916,High Risk,Month-to-month,4,70.2
3049-NDXFL,0.6997082835997475,Medium Risk,Month-to-month,1,85.8
6215-NQCPY,0.6995695915868395,Medium Risk,Month-to-month,15,99.7
2657-VPXTA,0.6995022478147687,Medium Risk,Month-to-month,10,88.85
0306-JAELE,0.699131239918814,Medium Risk,Month-to-month,5,96.1
7354-OIJLX,0.6990272210729878,Medium Risk,Month-to-month,9,75.85
4566-NECEV,0.6989492696963013,Medium Risk,Month-to-month,5,96.55
2845-HSJCY,0.6989017748230802,Medium Risk,Month-to-month,14,87.25
8699-ASUFO,0.6987980868871816,Medium Risk,Month-to-month,7,74.4
1219-NNDDO,0.6981739145455466,Medium Risk,Month-to-month,9,76.85
6960-HVYXR,0.6971154385993094,Medium Risk,Month-to-month,1,76.0
5928-QLDHB,0.6969001192028541,Medium Risk,Month-to-month,9,76.25
9019-QVLZD,0.6967725350520447,Medium Risk,Month-to-month,1,79.55
0872-NXJYS,0.696721705054184,Medium Risk,Month-to-month,9,79.55
1251-STYSZ,0.6963444021161735,Medium Risk,Month-to-month,4,80.25
5244-IRFIH,0.6962959387059275,Medium Risk,Month-to-month,33,94.5
8625-AZYZY,0.6961181043147835,Medium Risk,Month-to-month,24,104.65
9728-FTTVZ,0.6960017582117717,Medium Risk,Month-to-month,1,69.2
7660-HDPJV,0.6960017582117717,Medium Risk,Month-to-month,1,69.2
7273-TEFQD,0.6950931928251731,Medium Risk,Month-to-month,3,41.15
6543-XRMYR,0.6950045665687397,Medium Risk,Month-to-month,30,99.7
6372-RFVNS,0.6947381949558818,Medium Risk,Month-to-month,1,78.8
0488-GSLFR,0.694398206793744,Medium Risk,Month-to-month,1,69.5
0495-ZBNGW,0.6938858445660354,Medium Risk,Month-to-month,5,79.9
7665-TOALD,0.6938626384127728,Medium Risk,Month-to-month,1,69.6
8943-URTMR,0.6938555242930885,Medium Risk,Month-to-month,2,79.65
7394-FKDNK,0.6938546722379774,Medium Risk,Month-to-month,9,89.45
6702-OHFWR,0.6926288521106438,Medium Risk,Month-to-month,1,43.3
3750-CKVKH,0.6923219543527271,Medium Risk,Month-to-month,2,67.75
3106-ULWFW,0.692297708656631,Medium Risk,Month-to-month,8,85.2
4631-OACRM,0.6921476765787385,Medium Risk,Month-to-month,15,79.4
3716-BDVDB,0.6920413168475844,Medium Risk,Month-to-month,1,69.1
4806-HIPDW,0.6912793302602683,Medium Risk,Month-to-month,1,68.95
4702-IOQDC,0.691176954313243,Medium Risk,Month-to-month,1,70.1
0328-GRPMV,0.691176954313243,Medium Risk,Month-to-month,1,70.1
5442-UTCVD,0.6910740732264502,Medium Risk,Month-to-month,3,91.85
2761-OCIAX,0.6910633629877947,Medium Risk,Month-to-month,2,74.7
5159-YFPKQ,0.6909928518738944,Medium Risk,Month-to-month,2,75.8
6457-GIRWB,0.6906956827626084,Medium Risk,Month-to-month,1,69.35
3428-XZMAZ,0.6906956827626084,Medium Risk,Month-to-month,1,69.35
6275-YDUVO,0.6903892471470803,Medium Risk,Month-to-month,2,86.2
1640-PLFMP,0.6903687119421621,Medium Risk,Month-to-month,1,70.25
3244-DCJWY,0.6903687119421621,Medium Risk,Month-to-month,1,70.25
8861-HGGKB,0.6903475339169981,Medium Risk,Month-to-month,10,86.45
6653-CBBOM,0.6900990387186515,Medium Risk,Month-to-month,1,70.3
6331-EWIEB,0.6896594470378409,Medium Risk,Month-to-month,20,85.25
1820-TQVEV,0.6896168416905308,Medium Risk,Month-to-month,1,69.55
7363-QTBIW,0.6895808813275915,Medium Risk,Month-to-month,9,79.75
4813-HQMGZ,0.6893833698879875,Medium Risk,Month-to-month,8,90.25
6502-MJQAE,0.689346808292375,Medium Risk,Month-to-month,1,69.6
0235-KGSLC,0.689320667045833,Medium Risk,Month-to-month,1,85.55
7254-IQWOZ,0.6890766458861746,Medium Risk,Month-to-month,1,69.65
3585-ISXZP,0.6890621230690824,Medium Risk,Month-to-month,8,95.65
4958-XCBDQ,0.6887711574498385,Medium Risk,Month-to-month,35,101.4
6507-ZJSUR,0.6887103415674788,Medium Risk,Month-to-month,23,90.45
1226-IENZN,0.6886549391465002,Medium Risk,Month-to-month,16,78.75
3663-MITLP,0.6886519955530092,Medium Risk,Month-to-month,15,101.25
5376-DEQCP,0.6884782873408227,Medium Risk,Month-to-month,1,70.6
5095-AESKG,0.6884339383860771,Medium Risk,Month-to-month,3,91.5
4510-HIMLV,0.6882653858466036,Medium Risk,Month-to-month,1,69.8
7198-GLXTC,0.6882476995599911,Medium Risk,Month-to-month,2,79.0
1965-AKTSX,0.6881260386266039,Medium Risk,Month-to-month,14,78.95
4603-JANFB,0.687994708637133,Medium Risk,Month-to-month,1,69.85
0689-NKYLF,0.6878100421186916,Medium Risk,Month-to-month,13,83.2
6221-AVQYL,0.687771531281616,Medium Risk,Month-to-month,2,73.25
5542-TBBWB,0.687723903035682,Medium Risk,Month-to-month,1,69.9
5875-YPQFJ,0.687723903035682,Medium Risk,Month-to-month,1,69.9
9804-ICWBG,0.687723903035682,Medium Risk,Month-to-month,1,69.9
7240-ETPTR,0.6876974308706557,Medium Risk,Month-to-month,9,48.75
0925-VYDLG,0.687196281545415,Medium Risk,Month-to-month,3,75.25
1031-IIDEO,0.6871241232237341,Medium Risk,Month-to-month,1,70.85
3494-JCHRQ,0.686910717122843,Medium Risk,Month-to-month,1,70.05
7823-JSOAG,0.6867116183412906,Medium Risk,Month-to-month,3,74.5
4143-OOBWZ,0.6867071206186476,Medium Risk,Month-to-month,5,81.3
1254-IZEYF,0.686665969832883,Medium Risk,Month-to-month,31,99.95
0168-XZKBB,0.6864441653606992,Medium Risk,Month-to-month,19,86.85
4482-EWFMI,0.6863221156348005,Medium Risk,Month-to-month,2,69.7
5393-RXQSZ,0.6862922221048426,Medium Risk,Month-to-month,1,79.6
4283-FUTGF,0.6861782272416759,Medium Risk,Month-to-month,19,79.85
7625-XCQRH,0.686104947566483,Medium Risk,Month-to-month,11,76.5
3393-FMZPV,0.6859338654492082,Medium Risk,Month-to-month,25,100.25
6851-WEFYX,0.6858926490845668,Medium Risk,Month-to-month,35,100.8
1465-VINDH,0.6858901480374503,Medium Risk,Month-to-month,10,102.1
9547-ITEFG,0.6856642440876911,Medium Risk,Month-to-month,9,102.6
1447-GIQMR,0.6856562435148608,Medium Risk,Month-to-month,1,69.15
2446-PLQVO,0.6855528510817904,Medium Risk,Month-to-month,1,70.3
6000-APYLU,0.6854711725788807,Medium Risk,Month-to-month,9,80.8
2379-ENZGV,0.6854512515125735,Medium Risk,Month-to-month,6,84.85
7465-ZZRVX,0.6852808955791616,Medium Risk,Month-to-month,1,70.35
1285-OKIPP,0.6846606589547424,Medium Risk,Month-to-month,1,79.9
5275-SQEIZ,0.6841263642863624,Medium Risk,Month-to-month,1,80.85
2665-NPTGL,0.6840419906119517,Medium Risk,Month-to-month,26,98.1
7394-LWLYN,0.6838731826594544,Medium Risk,Month-to-month,2,70.15
1024-VRZHF,0.6838169486524789,Medium Risk,Month-to-month,11,74.95
0480-BIXDE,0.6833999194370571,Medium Risk,Month-to-month,19,96.8
3329-WDIOK,0.6833394273693252,Medium Risk,Month-to-month,3,50.6
3318-OSATS,0.6832638913515341,Medium Risk,Month-to-month,35,95.45
9208-OLGAQ,0.6832610619039267,Medium Risk,Month-to-month,18,84.95
5628-FCGYG,0.683109657051059,Medium Risk,Month-to-month,21,84.1
3138-BKYAV,0.6827255177047971,Medium Risk,Month-to-month,6,85.35
0004-TLHLJ,0.682665002451808,Medium Risk,Month-to-month,4,73.9
1184-PJVDB,0.6826345647066578,Medium Risk,Month-to-month,10,79.95
3370-HXOPH,0.6825688580212382,Medium Risk,Month-to-month,3,76.1
7005-CCBKV,0.6821325691360997,Medium Risk,Month-to-month,6,84.4
2357-COQEK,0.681968650147208,Medium Risk,Month-to-month,28,103.3
2081-VEYEH,0.6819041059700274,Medium Risk,Month-to-month,3,107.95
6435-SRWBJ,0.681884147497719,Medium Risk,Month-to-month,5,82.75
2018-QKYGT,0.6818015325944199,Medium Risk,Month-to-month,1,81.05
2867-UIMSS,0.6813838613511357,Medium Risk,Month-to-month,1,80.5
9921-ZVRHG,0.6813059035986584,Medium Risk,Month-to-month,14,80.45
2897-DOVND,0.6811985116560283,Medium Risk,Month-to-month,2,69.8
9237-HQITU,0.6808661399917326,Medium Risk,Month-to-month,2,70.7
1016-DJTSV,0.6808412607029423,Medium Risk,Month-to-month,8,69.7
3999-QGRJH,0.6808412607029423,Medium Risk,Month-to-month,8,69.7
6407-UTSLV,0.6807694494080687,Medium Risk,Month-to-month,2,83.8
8063-GBATB,0.6805055552310643,Medium Risk,Month-to-month,27,85.25
6376-GAHQE,0.680370454295712,Medium Risk,Month-to-month,4,77.85
9314-IJWSQ,0.6802490483006522,Medium Risk,Month-to-month,14,84.8
3317-HRTNN,0.6800565220323128,Medium Risk,Month-to-month,5,45.7
4123-DVHPH,0.6800351419623045,Medium Risk,Month-to-month,9,88.05
3992-YWPKO,0.6800000417789426,Medium Risk,Month-to-month,6,109.9
3191-CSNMG,0.6798953353569888,Medium Risk,Month-to-month,3,80.7
6110-OHIHY,0.6798094767075837,Medium Risk,Month-to-month,3,79.25
2254-DLXRI,0.6797860473183476,Medium Risk,Month-to-month,1,79.15
1602-IJQQE,0.6795673878401677,Medium Risk,Month-to-month,4,75.35
3721-CNEYS,0.6794942904548511,Medium Risk,Month-to-month,2,70.95
9121-PHQSR,0.6792992194171621,Medium Risk,Month-to-month,16,85.05
5138-WVKYJ,0.679088789509094,Medium Risk,Month-to-month,10,98.55
3990-QYKBE,0.6790094357170359,Medium Risk,Month-to-month,37,92.5
2737-YNGYW,0.6785929674071387,Medium Risk,Month-to-month,2,80.55
0679-IDSTG,0.6784737499070858,Medium Risk,Month-to-month,1,69.25
9717-QEBGU,0.6784532130620363,Medium Risk,Month-to-month,2,70.3
7245-NIIWQ,0.6784067604266164,Medium Risk,Month-to-month,3,69.85
8873-GLDMH,0.6782276604993591,Medium Risk,Month-to-month,6,73.85
2034-CGRHZ,0.6780564503397518,Medium Risk,Month-to-month,24,102.95
2472-OVKUP,0.6779205871908531,Medium Risk,Month-to-month,6,91.0
5299-RULOA,0.6777990706177569,Medium Risk,Month-to-month,10,100.25
8183-ONMXC,0.6774916235444317,Medium Risk,Month-to-month,2,80.75
8714-CTZJW,0.6770269738364343,Medium Risk,Month-to-month,4,82.85
5937-EORGB,0.6767708682343399,Medium Risk,Month-to-month,15,96.5
6077-BDPXA,0.6767535023603388,Medium Risk,Month-to-month,3,70.15
2636-OHFMN,0.676653289622262,Medium Risk,Month-to-month,4,48.55
4385-GZQXV,0.6765816102529681,Medium Risk,Month-to-month,16,94.45
7321-VGNKU,0.6765702714479138,Medium Risk,Month-to-month,2,70.35
1268-ASBGA,0.6764397854269868,Medium Risk,Month-to-month,16,85.35
9897-KXHCM,0.6762696288470555,Medium Risk,Month-to-month,3,80.3
6029-WTIPC,0.6762243323352283,Medium Risk,Month-to-month,37,101.1
9633-XQABV,0.676201430716462,Medium Risk,Month-to-month,3,70.25
7994-UYIVZ,0.6755863566490713,Medium Risk,Month-to-month,8,85.65
0375-HVGXO,0.6752824975295524,Medium Risk,Month-to-month,1,34.7
2276-YDAVZ,0.6751322065775003,Medium Risk,Month-to-month,3,75.1
8648-PFRMP,0.6751030974922192,Medium Risk,Month-to-month,14,46.35
7409-KIUTL,0.675057956386313,Medium Risk,Month-to-month,1,71.0
1891-UAWWU,0.6749651378584819,Medium Risk,Month-to-month,20,90.8
8835-VSDSE,0.6746353057330372,Medium Risk,Month-to-month,2,70.7
9850-OWRHQ,0.6744070947570423,Medium Risk,Month-to-month,3,74.1
0137-OCGAB,0.6739932683647456,Medium Risk,Month-to-month,1,80.2
0420-HLGXF,0.6739767183969896,Medium Risk,Month-to-month,39,99.75
7780-OTDSO,0.6739435595260913,Medium Risk,Month-to-month,18,99.4
6712-OAWRH,0.6737966835267477,Medium Risk,Month-to-month,26,91.25
4854-CIDCF,0.6737327169985943,Medium Risk,Month-to-month,3,73.85
0432-CAJZV,0.6733958268731339,Medium Risk,Month-to-month,3,90.7
2809-ZMYOQ,0.6732167839207874,Medium Risk,Month-to-month,32,101.35
1112-CUNAO,0.6729828402010761,Medium Risk,Month-to-month,15,89.85
8309-IEYJD,0.6722555488481088,Medium Risk,Month-to-month,1,70.6
1571-SAVHK,0.6715444853323255,Medium Risk,Month-to-month,12,99.95
3746-EUBYR,0.6715220890608588,Medium Risk,Month-to-month,1,74.6
9250-WYPLL,0.6712848980786721,Medium Risk,Month-to-month,5,75.55
3871-IKPYH,0.6711915354260255,Medium Risk,Month-to-month,1,69.1
1342-JPNKI,0.6711137859359512,Medium Risk,Month-to-month,10,86.05
6198-ZFIOJ,0.671006524530736,Medium Risk,Month-to-month,5,75.6
8017-LXHFA,0.6709509016248065,Medium Risk,Month-to-month,23,94.75
6424-ELEYH,0.6707964727182357,Medium Risk,Month-to-month,3,74.75
5519-YLDGW,0.6706623954641266,Medium Risk,Month-to-month,21,103.9
6595-YGXIT,0.6706050084261935,Medium Risk,Month-to-month,25,88.95
0302-JOIVN,0.6700964084939428,Medium Risk,Month-to-month,8,101.15
9846-GKXAS,0.6700790665011221,Medium Risk,Month-to-month,9,90.8
3908-BLSYF,0.6698527327807499,Medium Risk,Month-to-month,6,83.9
2025-JKFWI,0.6696064958683502,Medium Risk,Month-to-month,13,99.0
9408-SSNVZ,0.6695509553162695,Medium Risk,Month-to-month,4,70.15
8111-RKSPX,0.6695026264604476,Medium Risk,Month-to-month,4,72.2
8010-EZLOU,0.6695014957809448,Medium Risk,Month-to-month,15,80.2
5378-IKEEG,0.6694478637216247,Medium Risk,Month-to-month,1,35.75
7511-YMXVQ,0.6694235054223718,Medium Risk,Month-to-month,9,45.4
9507-EXLTT,0.6691528767816022,Medium Risk,Month-to-month,1,79.35
6877-TJMBR,0.6691283797586641,Medium Risk,Month-to-month,1,84.8
7568-PODML,0.6688818794446711,Medium Risk,Month-to-month,1,45.3
5570-PTWEH,0.6685644516316936,Medium Risk,Month-to-month,3,75.15
2057-ZBLPD,0.6682325480135097,Medium Risk,Month-to-month,21,86.5
8868-WOZGU,0.668182141104815,Medium Risk,Month-to-month,28,105.7
4598-XLKNJ,0.6680878770272003,Medium Risk,Month-to-month,25,98.5
1792-UXAFY,0.6680655252164259,Medium Risk,Month-to-month,17,89.15
8519-IMDHU,0.6677261512261765,Medium Risk,Month-to-month,15,85.6
2038-OEQZH,0.6676523345100013,Medium Risk,Month-to-month,4,86.05
3198-VELRD,0.6675432311910242,Medium Risk,Month-to-month,3,84.75
3346-BRMIS,0.6675418640730333,Medium Risk,Month-to-month,18,48.35
8739-WWKDU,0.6675331137572106,Medium Risk,Month-to-month,25,89.5
6899-PPEEA,0.6674696559635105,Medium Risk,Month-to-month,37,96.55
9912-GVSEQ,0.6673411208724634,Medium Risk,Month-to-month,26,93.85
2114-MGINA,0.6672355299659294,Medium Risk,Month-to-month,14,89.8
6005-OBZPH,0.666925746969237,Medium Risk,Month-to-month,26,89.15
0390-DCFDQ,0.6667803161024701,Medium Risk,Month-to-month,1,70.45
0875-CABNR,0.666374073262397,Medium Risk,Month-to-month,10,84.6
1508-DFXCU,0.6662166929962567,Medium Risk,Month-to-month,12,81.45
7861-UVUFT,0.6658160763961032,Medium Risk,Month-to-month,15,84.3
2013-SGDXK,0.6658143343399164,Medium Risk,Month-to-month,1,84.3
3420-YJLQT,0.665626697436761,Medium Risk,Month-to-month,2,79.55
9696-RMYBA,0.6654041184173102,Medium Risk,Month-to-month,5,80.1
8922-LIEGH,0.6651826059036435,Medium Risk,Month-to-month,25,89.7
7379-POKDZ,0.6649441512617749,Medium Risk,Month-to-month,3,70.3
6918-UMQCG,0.6647714591437521,Medium Risk,Month-to-month,5,80.2
6786-OBWQR,0.6646381817631927,Medium Risk,Month-to-month,5,80.85
2568-BRGYX,0.6645686253661616,Medium Risk,Month-to-month,4,70.2
9992-RRAMN,0.6640974010105523,Medium Risk,Month-to-month,22,85.1
1309-BXVOQ,0.6636057977079086,Medium Risk,Month-to-month,21,106.1
6772-KSATR,0.6633270962679438,Medium Risk,Month-to-month,1,81.7
3427-GGZZI,0.6631244521145593,Medium Risk,Month-to-month,19,89.1
0928-XUTSN,0.6630291702063216,Medium Risk,Month-to-month,13,80.5
1196-AMORA,0.662967069710862,Medium Risk,Month-to-month,7,73.6
3317-VLGQT,0.6628670064137352,Medium Risk,Month-to-month,14,78.1
2074-GKOWZ,0.6627343764158988,Medium Risk,Month-to-month,2,89.55
9050-IKDZA,0.6627199227710603,Medium Risk,Month-to-month,2,81.5
0018-NYROU,0.6626572953526885,Medium Risk,Month-to-month,5,68.95
4441-NIHPT,0.6625660433473081,Medium Risk,Month-to-month,13,74.3
4124-MMETB,0.6625380598308669,Medium Risk,Month-to-month,22,94.65
1866-RZZQS,0.6623163980023355,Medium Risk,Month-to-month,41,98.4
0822-GAVAP,0.6621160372098905,Medium Risk,Month-to-month,2,34.7
6137-NICCO,0.6613757571129446,Medium Risk,Month-to-month,6,94.05
4822-NGOCH,0.6612286306677017,Medium Risk,Month-to-month,13,84.45
3765-JXVKY,0.6607749567570099,Medium Risk,Month-to-month,1,74.7
3091-FYHKI,0.6604687019143733,Medium Risk,Month-to-month,1,35.45
5117-IFGPS,0.6603565835101639,Medium Risk,Month-to-month,29,84.3
6047-YHPVI,0.6600677897614041,Medium Risk,Month-to-month,5,69.7
0841-NULXI,0.6599027945976546,Medium Risk,Month-to-month,1,35.55
2058-DCJBE,0.6597847312987783,Medium Risk,Month-to-month,5,69.75
0023-XUOPT,0.659608031891791,Medium Risk,Month-to-month,13,94.1
0685-MLYYM,0.6593486471568959,Medium Risk,Month-to-month,2,70.75
7615-ESMYF,0.6590819377995737,Medium Risk,Month-to-month,2,44.6
4039-HEUNW,0.6588599291265964,Medium Risk,Month-to-month,36,96.5
8325-QRPZR,0.658693170810414,Medium Risk,Month-to-month,7,75.15
3753-TSEMP,0.6580402104432111,Medium Risk,Month-to-month,15,88.15
4274-OWWYO,0.6580025889386929,Medium Risk,Month-to-month,1,74.35
3001-UNBTL,0.6578934161804405,Medium Risk,Month-to-month,29,103.95
8224-DWCKX,0.6577637793035309,Medium Risk,Month-to-month,12,73.3
0939-YAPAF,0.6575301386338429,Medium Risk,Month-to-month,35,100.25
6833-JMZYP,0.6574285200375958,Medium Risk,Month-to-month,15,94.0
6116-RFVHN,0.6573415283218524,Medium Risk,Month-to-month,34,100.45
0742-NXBGR,0.6571673182630886,Medium Risk,Month-to-month,1,82.3
3565-UNOCC,0.6570633080421026,Medium Risk,Month-to-month,29,99.05
5564-NEMQO,0.6569831484097833,Medium Risk,Month-to-month,1,75.3
5228-EXCET,0.6562937166444314,Medium Risk,Month-to-month,13,80.85
3453-RTHJQ,0.6561072499929532,Medium Risk,Month-to-month,6,69.1
1302-UHBDD,0.6559040500843151,Medium Risk,Month-to-month,20,89.95
9190-MFJLN,0.6556710714178519,Medium Risk,Month-to-month,19,95.9
3440-JPSCL,0.6554935552488552,Medium Risk,Month-to-month,6,99.95
1475-VWVDO,0.6553431105318418,Medium Risk,Month-to-month,7,74.9
9436-ZBZCT,0.6553047810063729,Medium Risk,Month-to-month,14,89.95
8266-VBFQL,0.6552643436100124,Medium Risk,Month-to-month,4,90.4
5196-SGOAK,0.6550979302816552,Medium Risk,Month-to-month,1,75.7
7315-WYOAW,0.6549277077443346,Medium Risk,Month-to-month,13,100.75
8397-MVTAZ,0.654840902831846,Medium Risk,Month-to-month,34,100.05
0793-TWELN,0.654802540645206,Medium Risk,Month-to-month,4,80.15
6956-SMUCM,0.6546929390919086,Medium Risk,Month-to-month,3,99.0
5701-YVSVF,0.6543534444706448,Medium Risk,Month-to-month,11,82.9
0947-IDHRQ,0.654329385487452,Medium Risk,Month-to-month,7,80.3
0923-PNFUB,0.6542364899530299,Medium Risk,Month-to-month,3,83.75
2485-ITVKB,0.6534227604476979,Medium Risk,Month-to-month,2,35.1
4559-UWIHT,0.6528840056410407,Medium Risk,Month-to-month,14,82.65
3249-ZPQRG,0.6523923756756926,Medium Risk,Month-to-month,4,78.45
2656-FMOKZ,0.6520642023470633,Medium Risk,Month-to-month,15,74.45
5119-NZPTV,0.6518286834296523,Medium Risk,Month-to-month,2,70.1
8035-PWSEV,0.6518017702050148,Medium Risk,Month-to-month,6,89.25
8485-GJCDN,0.6517079565595861,Medium Risk,Month-to-month,5,69.05
2674-MIAHT,0.6514838858746554,Medium Risk,Month-to-month,4,80.3
2860-RANUS,0.6510568203175631,Medium Risk,Month-to-month,20,85.8
3677-IYRBF,0.6508409831996214,Medium Risk,Month-to-month,2,30.4
3904-UKFRE,0.6502880540283544,Medium Risk,Month-to-month,4,80.1
4822-YCXMX,0.6501033128838828,Medium Risk,Month-to-month,25,84.8
5339-PXDVH,0.6499697064029896,Medium Risk,Month-to-month,4,90.65
4817-VYYWS,0.6499349533931121,Medium Risk,Month-to-month,30,100.2
7206-PQBBZ,0.649828858274804,Medium Risk,Month-to-month,11,70.2
4612-SSVHJ,0.6492978571902167,Medium Risk,Month-to-month,20,81.45
4971-PUYQO,0.6491860082019398,Medium Risk,Month-to-month,27,94.55
2439-LYPMQ,0.6489730460285472,Medium Risk,Month-to-month,38,102.6
3488-PGMQJ,0.6487883865109183,Medium Risk,Month-to-month,8,74.5
9102-IAYHT,0.6487635283267125,Medium Risk,Month-to-month,17,85.45
4505-EXZHB,0.6486319539923445,Medium Risk,Month-to-month,6,74.4
7801-KICAO,0.6484177973364628,Medium Risk,Month-to-month,18,74.15
4770-UEZOX,0.6483007787553422,Medium Risk,Month-to-month,2,74.75
1768-ZAIFU,0.6481660462464641,Medium Risk,Month-to-month,1,25.2
2845-AFFTX,0.6478926624227269,Medium Risk,Month-to-month,41,99.8
4325-NFSKC,0.6478775339544209,Medium Risk,Month-to-month,19,90.6
3223-DWFIO,0.6477266724628883,Medium Risk,Month-to-month,4,69.35
3223-WZWJM,0.6475295889758992,Medium Risk,Month-to-month,26,83.95
0013-EXCHZ,0.6474927668706559,Medium Risk,Month-to-month,3,83.9
5216-WASFJ,0.6471895447086381,Medium Risk,Month-to-month,31,84.85
9095-HFAFX,0.6468251733643205,Medium Risk,Month-to-month,5,81.0
6339-YPSAH,0.646772710473274,Medium Risk,Month-to-month,9,73.8
2408-WITXK,0.646364520235295,Medium Risk,Month-to-month,10,34.7
6400-BWQKW,0.6462259549553137,Medium Risk,Month-to-month,6,79.05
4291-SHSBH,0.6460922230075191,Medium Risk,Month-to-month,7,69.55
2024-BASKD,0.6458637022200383,Medium Risk,Month-to-month,1,74.6
4873-ILOLJ,0.6456920492542285,Medium Risk,Month-to-month,24,90.35
5271-DBYSJ,0.6455967745149551,Medium Risk,Month-to-month,11,79.15
0576-WNXXC,0.6455169022166146,Medium Risk,Month-to-month,27,95.55
5186-SAMNZ,0.6455084511846201,Medium Risk,Month-to-month,1,69.5
3070-DVEYC,0.645233052921317,Medium Risk,Month-to-month,7,73.75
0258-NOKBL,0.6451417394772905,Medium Risk,Month-to-month,3,90.4
4301-VVZKA,0.6448166597422484,Medium Risk,Month-to-month,16,75.4
2868-SNELZ,0.6441950388742788,Medium Risk,Month-to-month,2,80.6
7932-WPTDS,0.6439496071517629,Medium Risk,Month-to-month,1,24.8
0023-HGHWL,0.6439012575920505,Medium Risk,Month-to-month,1,25.1
1666-JXLKU,0.6437958791321712,Medium Risk,Month-to-month,37,100.05
2774-LVQUS,0.6436476430452306,Medium Risk,Month-to-month,15,83.05
9874-QLCLH,0.6434878577645695,Medium Risk,Month-to-month,17,104.2
1907-UBQFC,0.6433342395001066,Medium Risk,Month-to-month,10,72.85
5590-BYNII,0.6432739697939792,Medium Risk,Month-to-month,22,100.75
9903-LYSAB,0.6428176776463401,Medium Risk,Month-to-month,18,73.15
4412-YLTKF,0.6426750566710839,Medium Risk,Month-to-month,27,78.05
6347-DCUIK,0.6424353193286445,Medium Risk,Month-to-month,10,74.15
8945-GRKHX,0.6419757904505132,Medium Risk,Month-to-month,1,78.65
7517-LDMPS,0.6418251381559583,Medium Risk,Month-to-month,12,84.6
8008-HAWED,0.6416647243527588,Medium Risk,Month-to-month,14,50.75
5405-ZMYXQ,0.6411634237643535,Medium Risk,Month-to-month,8,74.6
3074-GQWYX,0.6410364259984082,Medium Risk,Month-to-month,5,75.9
7384-GHBPI,0.6408251813303824,Medium Risk,Month-to-month,3,35.15
5027-QPKTE,0.6407041011735498,Medium Risk,Month-to-month,7,69.35
5923-GXUOC,0.6406152925750507,Medium Risk,Month-to-month,10,104.4
2568-OIADY,0.6404279886836428,Medium Risk,Month-to-month,37,99.5
0225-ZORZP,0.6401388840675115,Medium Risk,Month-to-month,3,84.3
2398-YPMUR,0.6399729689926194,Medium Risk,Month-to-month,13,70.15
2815-CPTUL,0.6399418999178834,Medium Risk,Month-to-month,5,70.25
8999-BOHSE,0.6398505302459266,Medium Risk,Month-to-month,11,89.7
4686-UXDML,0.6398059702892243,Medium Risk,Month-to-month,21,99.85
9415-DPEWS,0.6394608233730454,Medium Risk,Month-to-month,18,88.35
4550-EVXNY,0.6394436727121291,Medium Risk,Month-to-month,1,69.65
5940-NFXKV,0.6393092247866603,Medium Risk,Month-to-month,19,83.65
2260-USTRB,0.638793560828944,Medium Risk,Month-to-month,2,70.2
7693-LCKZL,0.6387055083744778,Medium Risk,Month-to-month,5,80.15
7495-OOKFY,0.6384605634352609,Medium Risk,Month-to-month,8,80.65
8821-XNHVZ,0.6383697951695854,Medium Risk,Month-to-month,1,80.05
5652-MSDEY,0.6380156983428227,Medium Risk,Month-to-month,10,75.75
5685-IIXLY,0.637636792077746,Medium Risk,Month-to-month,5,83.6
9840-DVNDC,0.6373349467156826,Medium Risk,Month-to-month,6,80.5
5599-HVLTW,0.6369304745881621,Medium Risk,Month-to-month,14,80.35
1010-DIAUQ,0.6368773952523765,Medium Risk,Month-to-month,5,96.5
9940-RHLFB,0.6368592932946744,Medium Risk,Month-to-month,1,75.3
5219-YIPTK,0.6368516352826084,Medium Risk,Month-to-month,33,104.4
0125-LZQXK,0.6362255945080962,Medium Risk,Month-to-month,15,101.35
0506-LVNGN,0.6358557181580184,Medium Risk,Month-to-month,5,75.55
7912-SYRQT,0.6354672593418185,Medium Risk,Month-to-month,7,75.1
3801-HMYNL,0.6354338329024898,Medium Risk,Month-to-month,1,89.15
5043-TRZWM,0.6353995730304874,Medium Risk,Month-to-month,1,75.55
0529-ONKER,0.635339175787698,Medium Risk,Month-to-month,15,75.65
2135-DQWAQ,0.6352092992320919,Medium Risk,Month-to-month,5,85.3
2856-HYAPG,0.6350278271982366,Medium Risk,Month-to-month,1,68.65
0135-NMXAP,0.6347734682091444,Medium Risk,Month-to-month,12,89.75
6416-TVAIH,0.6346591283231808,Medium Risk,Month-to-month,1,68.5
6705-LXORM,0.634439422801047,Medium Risk,Month-to-month,5,70.05
1636-NTNCO,0.6343638407559272,Medium Risk,Month-to-month,4,50.95
1379-FRVEB,0.6342046670108223,Medium Risk,Month-to-month,15,91.0
9606-PBKBQ,0.6339069291166952,Medium Risk,Month-to-month,32,85.0
9647-ERGBE,0.6337827742998978,Medium Risk,Month-to-month,30,100.05
7714-YXSMB,0.6337046395624452,Medium Risk,Month-to-month,26,100.5
9054-FOWNV,0.6336403435845118,Medium Risk,Month-to-month,22,88.75
6393-WRYZE,0.6333095105407724,Medium Risk,Month-to-month,34,97.65
2154-KVJFF,0.6332534755804891,Medium Risk,Month-to-month,15,79.75
3420-ZDBMA,0.632937960974393,Medium Risk,Month-to-month,5,71.45
8949-JTMAY,0.6324303732650401,Medium Risk,Month-to-month,29,98.6
3066-RRJIO,0.6324043039603829,Medium Risk,Month-to-month,1,69.95
1867-BDVFH,0.6323881315476303,Medium Risk,Month-to-month,11,74.35
3951-NJCVI,0.6323672316554649,Medium Risk,Month-to-month,42,95.05
3001-CBHLQ,0.632236241617325,Medium Risk,Month-to-month,32,104.9
8734-DKSTZ,0.632230862433288,Medium Risk,Month-to-month,10,85.95
9494-MRNYX,0.6322209350173728,Medium Risk,Month-to-month,10,75.05
5134-IKDAY,0.6319605927611069,Medium Risk,Month-to-month,1,69.8
1583-IHQZE,0.6318280634250713,Medium Risk,Month-to-month,12,112.95
9133-AYJZG,0.6313603208752553,Medium Risk,Month-to-month,23,98.7
7534-BFESC,0.6312451726439133,Medium Risk,Month-to-month,24,76.1
9985-MWVIX,0.6312306983951118,Medium Risk,Month-to-month,1,70.15
2619-WFQWU,0.6312306983951118,Medium Risk,Month-to-month,1,70.15
9129-UXERG,0.6309844979551094,Medium Risk,Month-to-month,18,103.6
9741-YLNTD,0.6307872766170926,Medium Risk,Month-to-month,6,87.95
6910-HADCM,0.6307118143951846,Medium Risk,Month-to-month,1,76.35
8443-WVPSS,0.6303020749764779,Medium Risk,Month-to-month,10,99.85
0196-JTUQI,0.6300764886489232,Medium Risk,Month-to-month,9,75.2
5908-QMGOE,0.6300498012638205,Medium Risk,Month-to-month,15,74.2
4521-YEEHE,0.6299220748914341,Medium Risk,Month-to-month,18,88.85
3877-JRJIP,0.6298852592077037,Medium Risk,Month-to-month,1,59.85
2800-VEQXM,0.6298675364284555,Medium Risk,Month-to-month,3,74.75
0148-DCDOS,0.6295659291325735,Medium Risk,Month-to-month,25,94.7
0115-TFERT,0.6289964718174191,Medium Risk,Month-to-month,21,111.2
7908-QCBCA,0.6289907764447984,Medium Risk,Month-to-month,1,69.4
9050-QLROH,0.628967219401674,Medium Risk,Month-to-month,18,90.7
8709-KRDVL,0.6284532667543365,Medium Risk,Month-to-month,33,100.0
5879-SESNB,0.6283505410572365,Medium Risk,Month-to-month,11,75.25
1771-OADNZ,0.6283366473125881,Medium Risk,Month-to-month,29,95.9
5032-MIYKT,0.6279953007185548,Medium Risk,Month-to-month,1,70.7
4998-IKFSE,0.6277534177171212,Medium Risk,Month-to-month,30,100.45
0581-BXBUB,0.6275280924451903,Medium Risk,Month-to-month,4,72.75
0968-GSIKN,0.6274058025167873,Medium Risk,Month-to-month,1,70.8
6030-REHUX,0.6273842612350634,Medium Risk,Month-to-month,28,110.85
3296-SILRA,0.6273176423694032,Medium Risk,Month-to-month,1,76.4
2080-CAZNM,0.6272911944765427,Medium Risk,Month-to-month,41,104.4
0928-JMXNP,0.6271884640165886,Medium Risk,Month-to-month,4,29.9
5673-FSSMF,0.6268272753860624,Medium Risk,Month-to-month,1,60.15
4585-HETAI,0.6267840433892677,Medium Risk,Month-to-month,4,73.75
1028-FFNJK,0.6265404103878587,Medium Risk,Month-to-month,30,101.5
2262-SLNVK,0.626509393412872,Medium Risk,Month-to-month,1,70.1
0396-YCHWO,0.6263409692496682,Medium Risk,Month-to-month,36,95.4
5399-ZIMKF,0.6261861173048949,Medium Risk,Month-to-month,5,74.65
2959-FENLU,0.6258969702992973,Medium Risk,Month-to-month,9,85.3
1853-UDXBW,0.6258418588071276,Medium Risk,Month-to-month,1,70.0
2754-XBHTB,0.6257136842881439,Medium Risk,Month-to-month,9,77.65
6993-OHLXR,0.6256366626615889,Medium Risk,Month-to-month,2,68.95
8270-RKSAP,0.62538474594027,Medium Risk,Month-to-month,9,70.5
5569-KGJHX,0.6253306154595003,Medium Risk,Month-to-month,9,85.35
6267-DCFFZ,0.6253062332671123,Medium Risk,Month-to-month,30,90.05
9961-JBNMK,0.6250613135964853,Medium Risk,Month-to-month,21,96.8
4009-ALQFH,0.6249466471467979,Medium Risk,Month-to-month,25,99.5
3797-FKOGQ,0.6248328458791887,Medium Risk,Month-to-month,11,86.2
2504-DSHIH,0.6247798526926803,Medium Risk,Month-to-month,23,86.8
1915-IOFGU,0.6241453472465107,Medium Risk,Month-to-month,1,70.5
8676-TRMJS,0.6237067685314616,Medium Risk,Month-to-month,3,75.0
9617-INGJY,0.6236279857475245,Medium Risk,Month-to-month,1,70.6
8111-SLLHI,0.6235992782277274,Medium Risk,Month-to-month,39,105.65
7892-POOKP,0.6234483084861819,Medium Risk,Month-to-month,28,104.8
0491-KAPQG,0.6234127302863446,Medium Risk,Month-to-month,21,73.7
9367-WXLCH,0.6231039159727962,Medium Risk,Month-to-month,8,84.5
1689-YQBYY,0.6230898115811979,Medium Risk,Month-to-month,12,76.6
9524-EGPJC,0.6229715496005966,Medium Risk,Month-to-month,18,90.1
5959-BELXA,0.6228520893039139,Medium Risk,Month-to-month,32,96.15
8380-PEFPE,0.6227710876781068,Medium Risk,Month-to-month,1,71.65
1448-PWKYE,0.6225047883028316,Medium Risk,Month-to-month,1,80.0
0315-LVCRK,0.622449426512598,Medium Risk,Month-to-month,11,84.8
7153-OANIO,0.6224315874718421,Medium Risk,Month-to-month,1,69.95
3855-ONCAR,0.6222462526153483,Medium Risk,Month-to-month,4,78.9
7890-VYYWG,0.6220466258883577,Medium Risk,Month-to-month,3,36.45
5934-RMPOV,0.6215447936321652,Medium Risk,Month-to-month,22,84.75
7538-GWHML,0.6214918546524348,Medium Risk,Month-to-month,2,69.65
5949-XIKAE,0.6212534345145453,Medium Risk,Month-to-month,8,83.55
2969-QWUBZ,0.6208980078360421,Medium Risk,Month-to-month,2,51.4
5091-HFAZW,0.6208829802955124,Medium Risk,Month-to-month,2,91.15
2482-CZGBB,0.620658254007888,Medium Risk,Month-to-month,10,70.0
3640-PHQXK,0.6204016569149272,Medium Risk,Month-to-month,31,89.9
5947-SGKCL,0.6202263541233729,Medium Risk,Month-to-month,15,105.35
9444-JTXHZ,0.6199540582624745,Medium Risk,Month-to-month,1,76.2
7072-MBHEV,0.6199354227994744,Medium Risk,Month-to-month,11,78.1
3422-LYEPQ,0.6199164928770483,Medium Risk,Month-to-month,1,71.0
3771-PZOBW,0.6198742717203904,Medium Risk,Month-to-month,20,90.7
3211-AAPKX,0.6197759640776922,Medium Risk,Month-to-month,20,98.55
4759-TRPLW,0.6197602007506678,Medium Risk,Month-to-month,1,70.4
5899-MQZZL,0.6195101809237807,Medium Risk,Month-to-month,13,75.0
0674-DGMAQ,0.6194977901496229,Medium Risk,Month-to-month,32,93.5
6496-JDSSB,0.6194770880388679,Medium Risk,Month-to-month,8,80.0
5380-WJKOV,0.619436085504909,Medium Risk,Month-to-month,34,106.35
0027-KWYKW,0.6193450259353648,Medium Risk,Month-to-month,23,83.75
0772-GYEQQ,0.6192919687593962,Medium Risk,Month-to-month,3,88.35
9355-NPPFS,0.6192530040670574,Medium Risk,Month-to-month,26,78.8
8042-JVNFH,0.619177106418795,Medium Risk,Month-to-month,1,71.35
1766-GKNMI,0.6191689514843279,Medium Risk,Month-to-month,29,84.9
3177-LASXD,0.6191021826922207,Medium Risk,Month-to-month,1,71.35
5931-FLJJF,0.6189023897094065,Medium Risk,Month-to-month,7,70.1
8063-RJYNF,0.6188882862111378,Medium Risk,Month-to-month,16,94.25
4277-PVRAN,0.6188822833415726,Medium Risk,Month-to-month,8,80.1
7379-FNIUJ,0.6181877709411379,Medium Risk,Month-to-month,2,100.2
0455-XFASS,0.6180947272481897,Medium Risk,Month-to-month,3,69.55
1236-WFCDV,0.6180335201289001,Medium Risk,Month-to-month,14,90.45
6140-QNRQQ,0.6179867805704296,Medium Risk,Month-to-month,1,71.55
7571-YXDAD,0.6179641282494245,Medium Risk,Month-to-month,2,74.9
5318-IXUZF,0.6178776224175083,Medium Risk,Month-to-month,2,87.15
8132-YPVBX,0.6174637739761051,Medium Risk,Month-to-month,6,85.95
5442-BHQNG,0.6173292253737009,Medium Risk,Month-to-month,2,70.35
0411-EZJZE,0.6171179018082414,Medium Risk,Month-to-month,3,60.25
4647-MUZON,0.6167852440698931,Medium Risk,Month-to-month,18,95.95
8337-MSSXB,0.6165516596757039,Medium Risk,Month-to-month,14,86.3
0749-IRGQE,0.6162579960858514,Medium Risk,Month-to-month,13,45.3
0921-OHLVP,0.6162100773677712,Medium Risk,Month-to-month,22,83.05
6502-HCJTI,0.6161832421207752,Medium Risk,Month-to-month,7,94.7
3365-SAIGS,0.6160452606638472,Medium Risk,Month-to-month,17,83.55
3143-JQEGI,0.6156141553646067,Medium Risk,Month-to-month,13,88.35
5692-ICXLW,0.615467909277811,Medium Risk,Month-to-month,31,90.7
5583-SXDAG,0.615405332435133,Medium Risk,Month-to-month,1,70.0
1751-NCDLI,0.6153997276701022,Medium Risk,Month-to-month,46,98.85
0611-DFXKO,0.6153277661891388,Medium Risk,Month-to-month,20,89.0
7321-PKUYW,0.6150102872942979,Medium Risk,Month-to-month,11,90.15
0637-YLETY,0.6149079741580703,Medium Risk,Month-to-month,16,95.6
1641-RQDAY,0.614894074068291,Medium Risk,Month-to-month,32,100.4
4983-CCWMC,0.6141349737968612,Medium Risk,Month-to-month,3,69.6
3597-MVHJT,0.6138087758531434,Medium Risk,Month-to-month,27,95.6
6319-IEJWJ,0.6135668896202899,Medium Risk,Month-to-month,20,90.2
6379-RXJRQ,0.6133204060950402,Medium Risk,Month-to-month,10,70.1
0508-OOLTO,0.6133066266992898,Medium Risk,Month-to-month,2,71.65
6101-IMRMM,0.6132863503100057,Medium Risk,Month-to-month,6,94.5
8565-CLBZW,0.6130938467626045,Medium Risk,Month-to-month,24,89.85
6821-BUXUX,0.6129211542679169,Medium Risk,Month-to-month,13,96.65
8481-YYXWG,0.6127016080541515,Medium Risk,Month-to-month,5,89.35
8617-ENBDS,0.6126954925839112,Medium Risk,Month-to-month,3,73.6
7928-VJYAB,0.6126625253055471,Medium Risk,Month-to-month,11,90.6
0378-NHQXU,0.6122976322764965,Medium Risk,Month-to-month,17,88.25
5976-JCJRH,0.6121232418039338,Medium Risk,Month-to-month,10,70.3
1658-TJVOA,0.6116976785996229,Medium Risk,Month-to-month,6,74.1
4480-QQRHC,0.6111742178551305,Medium Risk,Month-to-month,8,74.05
1754-GKYPY,0.6111146699216442,Medium Risk,Month-to-month,22,89.75
7598-UAASY,0.6110126967412433,Medium Risk,Month-to-month,2,76.4
1104-TNLZA,0.6110118525730751,Medium Risk,Month-to-month,28,105.8
2739-CACDQ,0.610789956939867,Medium Risk,Month-to-month,17,82.65
6907-NZZIJ,0.610357981880402,Medium Risk,Month-to-month,36,99.15
7952-OBOYL,0.610331533716259,Medium Risk,Month-to-month,3,89.85
3703-KBKZP,0.6103038130353634,Medium Risk,Month-to-month,16,74.45
5712-PTIWW,0.6100394955457858,Medium Risk,Month-to-month,2,79.85
6432-TWQLB,0.6100194770991869,Medium Risk,Month-to-month,5,85.4
4029-HPFVY,0.609942215978554,Medium Risk,Month-to-month,3,70.3
4059-IIEBK,0.6096581610049618,Medium Risk,Month-to-month,7,78.55
0524-IAVZO,0.6090702989698931,Medium Risk,Month-to-month,30,85.0
6086-ESGRL,0.608841771324697,Medium Risk,Month-to-month,1,80.15
3672-YITQD,0.608442231053955,Medium Risk,Month-to-month,36,84.1
7142-HVGBG,0.6084383028531241,Medium Risk,Month-to-month,43,103.0
8844-TONUD,0.607682256831056,Medium Risk,Month-to-month,13,96.65
2685-SREOM,0.6071381653531386,Medium Risk,Month-to-month,25,89.1
5233-GEEAX,0.6059614859210428,Medium Risk,Month-to-month,8,29.4
4299-SIMNS,0.6059055166358154,Medium Risk,Month-to-month,9,81.15
7703-ZEKEF,0.6058972828261926,Medium Risk,Month-to-month,23,81.0
5130-IEKQT,0.605614005277037,Medium Risk,Month-to-month,25,105.95
3966-HRMZA,0.6053912269311784,Medium Risk,Month-to-month,3,75.05
5520-FVEWJ,0.6053224151545495,Medium Risk,Month-to-month,12,84.5
4391-RESHN,0.6052301569820174,Medium Risk,Month-to-month,23,104.05
4547-LYTDD,0.6051684136617937,Medium Risk,Month-to-month,16,72.65
1513-XNPPH,0.6051002021244554,Medium Risk,Month-to-month,12,89.4
1894-IGFSG,0.6049646197299978,Medium Risk,Month-to-month,22,89.25
1989-PRJHP,0.6049077494818272,Medium Risk,Month-to-month,27,75.5
9514-JDSKI,0.6046292849561818,Medium Risk,Month-to-month,1,40.2
8621-MNIHH,0.6044870341419978,Medium Risk,Month-to-month,34,94.25
0581-MDMPW,0.6042925620734555,Medium Risk,Month-to-month,24,88.95
7508-SMHXL,0.6039987394652495,Medium Risk,Month-to-month,15,89.0
1334-FJSVR,0.6038476989578919,Medium Risk,Month-to-month,1,24.25
3588-WSTTJ,0.603562601594121,Medium Risk,Month-to-month,35,99.05
2397-BRLOM,0.6033157998882045,Medium Risk,Month-to-month,8,80.45
6242-MBHPK,0.6032749775687617,Medium Risk,Month-to-month,23,95.1
2070-XYMFH,0.6030723504038222,Medium Risk,Month-to-month,23,79.35
9801-GDWGV,0.6029557679732743,Medium Risk,Month-to-month,39,103.45
7365-BVCJH,0.6029421984990475,Medium Risk,Month-to-month,1,24.4
6338-AVWCY,0.6027277092001393,Medium Risk,Month-to-month,3,40.15
8784-CGILN,0.6027234292464094,Medium Risk,Month-to-month,18,99.85
6877-LGWXO,0.6026510111230164,Medium Risk,Month-to-month,18,78.55
6680-WKXRZ,0.6025242352337288,Medium Risk,Month-to-month,3,74.4
4433-JCGCG,0.6024856755986867,Medium Risk,Month-to-month,46,101.0
0447-RXSGD,0.6023785144857836,Medium Risk,Month-to-month,24,99.65
3550-SAHFP,0.6023690467824179,Medium Risk,Month-to-month,33,83.35
3797-VTIDR,0.6018487142324932,Medium Risk,Month-to-month,1,23.45
9565-DJPIB,0.6014886873445112,Medium Risk,Month-to-month,4,89.6
5832-XKAES,0.6014693057200341,Medium Risk,Month-to-month,2,69.8
4763-PGDPO,0.6014455639913522,Medium Risk,Month-to-month,4,70.4
5649-ANRML,0.6013027381886796,Medium Risk,Month-to-month,2,95.1
5989-PGKJB,0.6012615244939177,Medium Risk,Month-to-month,16,86.25
6923-JHPMP,0.6007581529124308,Medium Risk,Month-to-month,2,80.45
8637-XJIVR,0.6007498869072144,Medium Risk,Month-to-month,12,78.95
3644-QXEHN,0.6004308573014425,Medium Risk,Month-to-month,13,97.0
8634-MPHTR,0.600382690760685,Medium Risk,Month-to-month,47,100.05
3858-VOBET,0.6003810370361281,Medium Risk,Month-to-month,23,74.95
6175-IRFIT,0.6002408352336283,Medium Risk,Month-to-month,5,78.75
6032-KRXXO,0.6001898110934331,Medium Risk,Month-to-month,30,90.25
3669-LVWZB,0.6000223123656686,Medium Risk,Month-to-month,5,51.0
3196-NVXLZ,0.6000192527386008,Medium Risk,Month-to-month,25,84.6
0231-LXVAP,0.5996954213125116,Medium Risk,Month-to-month,1,75.9
8854-CCVSQ,0.5996754174640647,Medium Risk,Month-to-month,18,80.65
7278-CKDNC,0.599583398944363,Medium Risk,Month-to-month,24,80.5
9796-BPKIW,0.59956191331873,Medium Risk,Month-to-month,8,69.95
5729-KLZAR,0.5990992243825298,Medium Risk,Month-to-month,4,80.85
0620-DLSLK,0.5990098572340046,Medium Risk,Month-to-month,13,81.9
0654-HMSHN,0.5989309944446252,Medium Risk,Month-to-month,21,104.4
7270-BDIOA,0.5987968255075917,Medium Risk,Month-to-month,22,90.0
1024-GUALD,0.5987579528666216,Medium Risk,Month-to-month,1,24.8
5144-TVGLP,0.5986641333528385,Medium Risk,Month-to-month,38,94.75
0727-IWKVK,0.5986006312857531,Medium Risk,Month-to-month,9,79.9
8937-RDTHP,0.5985346634159513,Medium Risk,Month-to-month,1,84.6
9600-UDOPK,0.5985276403480486,Medium Risk,Month-to-month,30,94.05
2672-DZUOY,0.5984042246289472,Medium Risk,Month-to-month,1,25.15
9773-PEQBZ,0.5981670502930929,Medium Risk,Month-to-month,10,79.85
2079-FBMZK,0.5978506390973466,Medium Risk,Month-to-month,6,69.25
3336-JORSO,0.5977131531243172,Medium Risk,Month-to-month,33,110.45
6900-PXRMS,0.5976128996145471,Medium Risk,Month-to-month,26,105.75
9692-TUSXH,0.5975158502738291,Medium Risk,Month-to-month,18,96.05
9492-TOKRI,0.5974422049890569,Medium Risk,Month-to-month,18,90.0
0952-KMEEH,0.5973896077808573,Medium Risk,Month-to-month,13,98.15
7137-RYLPP,0.5973345591402942,Medium Risk,Month-to-month,37,85.7
9399-APLBT,0.5972913259641618,Medium Risk,Month-to-month,1,74.7
4716-HHKQH,0.5971433013739957,Medium Risk,Month-to-month,20,107.05
9866-QEVEE,0.5970417113185934,Medium Risk,Month-to-month,19,86.0
3916-NRPAP,0.5966335887110052,Medium Risk,Month-to-month,3,85.7
9506-UXUSK,0.5963664570626185,Medium Risk,Month-to-month,13,70.15
8182-BJDSI,0.596211195802865,Medium Risk,Month-to-month,28,89.95
9167-APMXZ,0.5961580935595766,Medium Risk,Month-to-month,22,84.15
2905-KFQUV,0.5960657871362016,Medium Risk,Month-to-month,2,70.4
4572-DVCGN,0.5960054962998989,Medium Risk,Month-to-month,10,80.25
4581-LNWUM,0.5959241625526723,Medium Risk,Month-to-month,13,49.15
4137-BTIKL,0.5958713747262858,Medium Risk,Month-to-month,2,90.75
8981-FJGLA,0.595735148638137,Medium Risk,Month-to-month,11,78.0
9840-EFJQB,0.5956137633133277,Medium Risk,Month-to-month,1,74.35
8104-OSKWT,0.5955962022581971,Medium Risk,Month-to-month,12,79.8
9947-OTFQU,0.5955796606005795,Medium Risk,Month-to-month,15,74.4
7295-JOMMD,0.5952622300757243,Medium Risk,Month-to-month,4,98.1
9658-WYUFB,0.5951788327490697,Medium Risk,Month-to-month,17,94.4
5054-IEXZT,0.595115055419552,Medium Risk,Month-to-month,1,75.35
2091-RFFBA,0.5950956048164472,Medium Risk,Month-to-month,31,73.9
7410-YTJIK,0.5948819556149555,Medium Risk,Month-to-month,7,75.45
4583-PARNH,0.5948693763109202,Medium Risk,Month-to-month,16,91.55
4902-OHLSK,0.594687741602475,Medium Risk,Month-to-month,29,98.65
6719-OXYBR,0.5946197979516699,Medium Risk,Month-to-month,15,85.3
3841-CONLJ,0.5941195167713343,Medium Risk,Month-to-month,1,35.0
6715-OFDBP,0.5939606890866738,Medium Risk,Month-to-month,5,70.05
4919-IKATY,0.5937954929562576,Medium Risk,Month-to-month,5,84.5
7089-IVVAZ,0.593165296717631,Medium Risk,Month-to-month,8,103.35
3315-TOTBP,0.5928107936529021,Medium Risk,Month-to-month,15,76.0
3411-WLRSQ,0.5926743945277863,Medium Risk,Month-to-month,3,74.6
0812-WUPTB,0.5924346309418645,Medium Risk,Month-to-month,1,70.85
4450-DLLMH,0.5923655041342584,Medium Risk,Month-to-month,2,71.3
0746-JTRFU,0.5911220609677946,Medium Risk,Month-to-month,2,25.05
8436-BJUMM,0.5908269489974947,Medium Risk,Month-to-month,26,83.75
7854-FOKSF,0.5904136559526688,Medium Risk,Month-to-month,1,35.9
2460-NGXBJ,0.5903942810161187,Medium Risk,Month-to-month,11,75.2
2575-GFSOE,0.590103825308819,Medium Risk,Month-to-month,7,69.0
6402-ZFPPI,0.5898633609603602,Medium Risk,Month-to-month,25,102.8
8650-RHRKE,0.5897070055764446,Medium Risk,Month-to-month,4,29.65
0330-IVZHA,0.5894220603584623,Medium Risk,Month-to-month,5,69.95
9576-ANLXO,0.589412069778269,Medium Risk,Month-to-month,3,69.55
8276-MQBYC,0.5893788178737353,Medium Risk,Month-to-month,51,97.8
2608-BHKFN,0.5892784120847842,Medium Risk,Month-to-month,4,70.05
6103-BOCOU,0.5891924271017641,Medium Risk,Month-to-month,26,80.7
3496-LFSZU,0.5888630107305982,Medium Risk,Month-to-month,4,70.5
0388-EOPEX,0.5883260588500547,Medium Risk,Month-to-month,2,74.4
5183-SNMJQ,0.5883164309941832,Medium Risk,Month-to-month,10,95.1
7326-RIGQZ,0.5880181806329735,Medium Risk,Month-to-month,6,69.8
8818-DOPVL,0.5879910260718887,Medium Risk,Month-to-month,46,104.45
3647-GMGDH,0.5879108983898703,Medium Risk,Month-to-month,22,94.7
4803-AXVYP,0.5876837429709899,Medium Risk,Month-to-month,38,99.55
1078-TDCRN,0.587621608207601,Medium Risk,Month-to-month,3,30.75
2984-MIIZL,0.5868241044005489,Medium Risk,Month-to-month,4,74.8
7595-EUIVN,0.5867740199904211,Medium Risk,Month-to-month,1,75.8
2325-NBPZG,0.5863891944622434,Medium Risk,Month-to-month,3,74.55
9560-ARGQJ,0.5862950662690821,Medium Risk,Month-to-month,16,81.0
0378-TOVMS,0.586178960270179,Medium Risk,Month-to-month,3,85.8
6692-UDPJC,0.5861740907175307,Medium Risk,Month-to-month,14,91.65
0958-YHXGP,0.585983008103173,Medium Risk,Month-to-month,7,69.9
7284-BUYEC,0.5859296791506651,Medium Risk,Month-to-month,5,50.95
2582-FFFZR,0.5855638913823576,Medium Risk,Month-to-month,22,50.6
1077-HUUJM,0.5844849257038459,Medium Risk,Month-to-month,7,71.05
5669-SRAIP,0.5843722126471343,Medium Risk,Month-to-month,5,39.5
5261-QSHQM,0.5840543922467917,Medium Risk,Month-to-month,4,24.45
2424-WVHPL,0.5837934890064781,Medium Risk,Month-to-month,1,74.7
4636-QRJKY,0.583764560366533,Medium Risk,Month-to-month,6,80.5
1918-ZBFQJ,0.5829239350561589,Medium Risk,Month-to-month,13,79.25
4818-QIUFN,0.5827090248977338,Medium Risk,Month-to-month,20,79.15
0899-LIIBW,0.5822094493856945,Medium Risk,Month-to-month,34,100.85
8433-WXGNA,0.5821518993740352,Medium Risk,Month-to-month,2,75.7
1496-GGSUK,0.5821264627962489,Medium Risk,Month-to-month,1,25.7
0650-BWOZN,0.5821202556883248,Medium Risk,Month-to-month,18,73.55
0376-YMCJC,0.5821022325005717,Medium Risk,Month-to-month,23,90.6
0848-ZGQIJ,0.5819770114709247,Medium Risk,Month-to-month,16,94.65
4817-QRJSX,0.581919847893174,Medium Risk,Month-to-month,10,81.0
9894-EZEWG,0.5815514683916211,Medium Risk,Month-to-month,1,74.3
0661-XEYAN,0.581512715470905,Medium Risk,Month-to-month,1,25.8
5842-POCOP,0.5813331023741095,Medium Risk,Month-to-month,5,88.9
7748-UMTRK,0.5813024409805037,Medium Risk,Month-to-month,30,101.3
4183-MYFRB,0.5809906939669176,Medium Risk,Month-to-month,21,90.05
4439-JMPMT,0.5809019732903177,Medium Risk,Month-to-month,5,85.75
7426-RHZGU,0.5804861031891541,Medium Risk,Month-to-month,9,95.9
1428-GTBJJ,0.5798090127816863,Medium Risk,Month-to-month,11,74.55
0612-RTZZA,0.5796580416786259,Medium Risk,Month-to-month,1,25.25
5666-CYCYZ,0.5792344278443957,Medium Risk,Month-to-month,24,89.55
3398-ZOUAA,0.5789985593275856,Medium Risk,Month-to-month,21,69.1
2080-GKCWQ,0.578879868946562,Medium Risk,Month-to-month,2,74.95
7318-EIVKO,0.5787636202960149,Medium Risk,Month-to-month,8,59.25
3050-GBUSH,0.5784672830034213,Medium Risk,Month-to-month,3,34.8
9093-FPDLG,0.5782457657824082,Medium Risk,Month-to-month,11,94.2
8374-XGEJJ,0.5782378523650576,Medium Risk,Month-to-month,43,101.0
4369-HTUIF,0.5781378505261023,Medium Risk,Month-to-month,6,85.15
6088-BXMRG,0.5780504270789271,Medium Risk,Month-to-month,32,98.85
4546-FOKWR,0.5780409743261357,Medium Risk,Month-to-month,16,74.75
2249-YPRNG,0.5779127362554822,Medium Risk,Month-to-month,20,105.85
5482-PLVPE,0.5772112075708803,Medium Risk,Month-to-month,2,24.35
6645-MXQJT,0.5769694841335734,Medium Risk,Month-to-month,2,97.1
4547-KQRTM,0.5768428179556221,Medium Risk,Month-to-month,10,80.05
2187-PKZAY,0.5768289278532343,Medium Risk,Month-to-month,12,79.95
8263-JQAIK,0.5766730595983491,Medium Risk,Month-to-month,2,24.45
0886-QGENL,0.5765690289337387,Medium Risk,Month-to-month,27,101.25
9490-DFPMD,0.5761222150386878,Medium Risk,Month-to-month,42,84.65
7895-VONWT,0.576085609422191,Medium Risk,Month-to-month,25,48.25
5922-ABDVO,0.5760681223364954,Medium Risk,Month-to-month,19,89.65
4423-YLHDV,0.575927682427231,Medium Risk,Month-to-month,21,104.4
6298-QDFNH,0.5758981959684697,Medium Risk,Month-to-month,22,79.35
5482-VXSXJ,0.5754276401621689,Medium Risk,Month-to-month,22,93.2
8066-POXGX,0.5750632791068803,Medium Risk,Month-to-month,13,35.1
0439-IFYUN,0.5750472367027674,Medium Risk,Month-to-month,18,74.7
0112-QAWRZ,0.5744632922972845,Medium Risk,Month-to-month,16,90.8
5364-EVNIB,0.5743792888614263,Medium Risk,Month-to-month,13,79.8
9851-QXEEQ,0.5743489882199587,Medium Risk,Month-to-month,41,104.7
4816-LXZYW,0.5743051502236706,Medium Risk,Month-to-month,23,79.15
6352-TWCAU,0.5740447811056272,Medium Risk,Month-to-month,35,86.45
1212-GLHMD,0.5737853330662024,Medium Risk,Month-to-month,3,86.05
3376-BMGFE,0.5731571590084532,Medium Risk,Month-to-month,4,70.9
7240-FQLHE,0.5731507512812983,Medium Risk,Month-to-month,18,99.75
5747-PMBSQ,0.5728733099539447,Medium Risk,Month-to-month,10,92.5
4815-GBTCD,0.572792171246851,Medium Risk,Month-to-month,4,25.15
5022-KVDQT,0.5723835840933053,Medium Risk,Month-to-month,27,81.3
5655-JSMZM,0.57238130284293,Medium Risk,Month-to-month,49,96.2
1086-LXKFY,0.5723458852215003,Medium Risk,Month-to-month,1,69.1
9540-JYROE,0.5716114353586559,Medium Risk,Month-to-month,8,70.1
4290-BSXUX,0.571570991211975,Medium Risk,Month-to-month,3,79.65
8128-YVJRG,0.5714458056895466,Medium Risk,Month-to-month,7,79.65
9625-QSTYE,0.5712272055058192,Medium Risk,Month-to-month,13,81.15
2761-XECQW,0.5711688653160667,Medium Risk,Month-to-month,8,43.35
3884-HCSWG,0.5706138411901333,Medium Risk,Month-to-month,17,70.0
5449-FIBXJ,0.5703121612114845,Medium Risk,Month-to-month,19,103.3
8990-ZXLSU,0.5700023148032836,Medium Risk,Month-to-month,9,69.05
0818-OCPZO,0.5699271918131246,Medium Risk,Month-to-month,27,81.45
2082-OJVTK,0.5697067025201027,Medium Risk,Month-to-month,29,89.2
8118-TJAFG,0.5696932373763682,Medium Risk,Month-to-month,9,101.5
0337-CNPZE,0.5696515400753183,Medium Risk,Month-to-month,41,106.3
6243-OZGFH,0.5694931035084606,Medium Risk,Month-to-month,23,44.95
1740-CSDJP,0.5690403732152447,Medium Risk,Month-to-month,1,35.25
0265-EDXBD,0.5689102313353792,Medium Risk,Month-to-month,32,74.9
0616-ATFGB,0.5687400816261724,Medium Risk,Month-to-month,1,25.05
4013-UBXWQ,0.5684603945710391,Medium Risk,Month-to-month,7,74.65
8685-WHQPW,0.5682220396083696,Medium Risk,Month-to-month,22,74.4
4659-NZRUF,0.5681539140630822,Medium Risk,Month-to-month,19,95.15
1391-UBDAR,0.5680145891103804,Medium Risk,Month-to-month,11,72.9
1730-ZMAME,0.5676570551584968,Medium Risk,Month-to-month,32,79.5
0940-OUQEC,0.5676468740296241,Medium Risk,Month-to-month,10,80.7
9172-JITSM,0.5675704174906303,Medium Risk,Month-to-month,26,90.8
7480-QNVZJ,0.567448609126157,Medium Risk,Month-to-month,50,95.7
1092-GANHU,0.5673614415510166,Medium Risk,Month-to-month,17,76.65
7176-WIONM,0.5673200968585096,Medium Risk,Month-to-month,12,49.85
7786-WBJYI,0.5673053991096701,Medium Risk,Month-to-month,4,77.95
3186-BAXNB,0.5667725171261682,Medium Risk,Month-to-month,1,91.7
0219-YTZUE,0.5666894844247424,Medium Risk,Month-to-month,4,84.8
2041-JIJCI,0.5665336615652986,Medium Risk,Month-to-month,5,64.0
6559-PDZLR,0.5663610487255046,Medium Risk,Month-to-month,26,98.65
7422-WNBTY,0.566161790939302,Medium Risk,Month-to-month,33,93.35
7470-MCQTK,0.5660949973645155,Medium Risk,Month-to-month,13,48.75
4910-AQFFX,0.565862722526343,Medium Risk,Month-to-month,9,79.35
2824-MYYBN,0.5658016601267944,Medium Risk,Month-to-month,37,95.25
0515-YPMCW,0.5657989830042865,Medium Risk,Month-to-month,1,70.45
4110-PFEUZ,0.5656878385078074,Medium Risk,Month-to-month,1,69.55
3744-ZRRDZ,0.5653781271273406,Medium Risk,Month-to-month,21,82.35
5914-DVBWJ,0.5652527557349608,Medium Risk,Month-to-month,18,85.45
5569-OUICF,0.5649807546078489,Medium Risk,Month-to-month,28,101.3
2362-IBOOY,0.564795162111645,Medium Risk,Month-to-month,36,84.75
1932-UEDCX,0.5647624963024532,Medium Risk,Month-to-month,33,100.6
0093-EXYQL,0.5645183564848353,Medium Risk,Month-to-month,40,91.55
5980-NOPLP,0.5641862003989165,Medium Risk,Month-to-month,44,96.1
0362-ZBZWJ,0.5638648695172874,Medium Risk,Month-to-month,36,84.9
8630-FJLIB,0.5638160529160263,Medium Risk,Month-to-month,18,69.8
5480-HPRRX,0.5633168222283796,Medium Risk,Month-to-month,3,25.3
3536-IQCTX,0.5629370121270303,Medium Risk,Month-to-month,32,85.3
5857-TYBCJ,0.5628119307120404,Medium Risk,Month-to-month,44,89.2
6260-ONULR,0.5625875522510423,Medium Risk,Month-to-month,1,62.8
8490-BXHEO,0.5624710669507245,Medium Risk,Month-to-month,18,80.55
3002-WQZWT,0.562354226361283,Medium Risk,Month-to-month,29,74.2
0147-ESWWR,0.5622376656896416,Medium Risk,Month-to-month,39,101.25
1062-LHZOD,0.5621951336260936,Medium Risk,Month-to-month,1,69.9
7590-VHVEG,0.5621920858453936,Medium Risk,Month-to-month,1,29.85
8189-XRIKE,0.5617324071848793,Medium Risk,Month-to-month,32,90.95
5019-GQVCR,0.5616643963321851,Medium Risk,Month-to-month,43,84.85
5884-GCYMI,0.5614108504379239,Medium Risk,Month-to-month,1,69.4
0248-IPDFW,0.5611326511178628,Medium Risk,Month-to-month,1,50.1
2603-HVKCG,0.5609637446264802,Medium Risk,Month-to-month,31,101.4
7802-EFKNY,0.560794598537888,Medium Risk,Month-to-month,5,24.95
5899-OUVKV,0.5605685915887355,Medium Risk,Month-to-month,31,94.5
9432-VOFYX,0.5604535506103291,Medium Risk,Month-to-month,17,70.8
4652-NNHNY,0.5604379265508682,Medium Risk,Month-to-month,16,73.85
8645-KWHJO,0.5600679240317535,Medium Risk,Month-to-month,14,55.0
2528-HFYZX,0.560049903952076,Medium Risk,Month-to-month,17,76.45
1597-LHYNC,0.5600100151265295,Medium Risk,Month-to-month,26,95.0
8160-HOWOX,0.5599904975314051,Medium Risk,Month-to-month,7,66.85
3269-ATYWD,0.5597942145355392,Medium Risk,Month-to-month,39,95.65
9191-MYQKX,0.5588397913466141,Medium Risk,Month-to-month,7,75.15
9058-MJLZC,0.5585499487356224,Medium Risk,Month-to-month,24,94.6
2832-KJCRD,0.5583277392644732,Medium Risk,Month-to-month,38,103.65
0519-XUZJU,0.5582365922988018,Medium Risk,Month-to-month,1,70.75
0876-WDUUZ,0.5581037596609403,Medium Risk,Month-to-month,5,85.4
3627-FCRDW,0.5579067776229274,Medium Risk,Month-to-month,9,71.0
1271-SJBGZ,0.5578376732168935,Medium Risk,Month-to-month,12,43.65
6818-DJXAA,0.5577473438741501,Medium Risk,Month-to-month,10,91.1
1122-JWTJW,0.5575332123608575,Medium Risk,Month-to-month,1,70.65
9734-UYXQI,0.557415810570484,Medium Risk,Month-to-month,2,49.4
0151-ONTOV,0.5573032689265541,Medium Risk,Month-to-month,1,70.9
9529-OFXHY,0.5567089773770945,Medium Risk,Month-to-month,15,87.75
1965-DDBWU,0.556081566440108,Medium Risk,Month-to-month,16,89.05
5307-DZCVC,0.5560704655347631,Medium Risk,Month-to-month,32,85.95
8040-MNRTF,0.5560582091506318,Medium Risk,Month-to-month,1,71.1
0511-JTEOY,0.5560582091506318,Medium Risk,Month-to-month,1,71.1
4236-XPXAV,0.5560471084841402,Medium Risk,Month-to-month,5,99.15
0434-CSFON,0.5559214732595759,Medium Risk,Month-to-month,47,100.5
1769-GRUIK,0.555735167884508,Medium Risk,Month-to-month,18,71.1
6365-MTGZX,0.5556883970831961,Medium Risk,Month-to-month,24,96.0
2740-TVLFN,0.5556006259462489,Medium Risk,Month-to-month,1,50.15
5605-IYGFG,0.555524887327771,Medium Risk,Month-to-month,7,69.85
0114-PEGZZ,0.5553814157380674,Medium Risk,Month-to-month,33,107.55
6311-UEUME,0.5548013220656719,Medium Risk,Month-to-month,29,78.9
1307-ATKGB,0.5547965651791537,Medium Risk,Month-to-month,24,89.55
0674-EYYZV,0.5545103009783153,Medium Risk,Month-to-month,1,54.65
0504-HHAPI,0.5544747693812876,Medium Risk,Month-to-month,27,88.3
2359-KMGLI,0.5542309026769747,Medium Risk,Month-to-month,24,80.25
3748-FVMZZ,0.5540836357195686,Medium Risk,Month-to-month,4,40.05
5940-AHUHD,0.5539440862481171,Medium Risk,Month-to-month,1,70.6
6330-JKLPC,0.5537997427091739,Medium Risk,Month-to-month,11,80.5
7767-UXAGJ,0.5537313398723818,Medium Risk,Month-to-month,1,50.45
9747-DDZOS,0.5534629237499797,Medium Risk,Month-to-month,1,73.5
4289-DTDKW,0.5532799239580484,Medium Risk,Month-to-month,40,101.3
0947-MUGVO,0.553243440047021,Medium Risk,Month-to-month,20,73.65
5087-SUURX,0.5530604589651968,Medium Risk,Month-to-month,18,39.05
4587-NUKOX,0.5526643642796091,Medium Risk,Month-to-month,3,79.1
5044-LRQAQ,0.5525270552279108,Medium Risk,Month-to-month,7,69.2
6557-BZXLQ,0.5519736785471456,Medium Risk,Month-to-month,16,69.65
8903-WMRNW,0.5518937511030788,Medium Risk,Month-to-month,15,101.75
3955-JBZZM,0.5517432770119459,Medium Risk,Month-to-month,20,78.8
5950-AAAGJ,0.5515951366122425,Medium Risk,Month-to-month,18,84.3
1194-HVAIF,0.5514169816821626,Medium Risk,Month-to-month,27,95.0
9601-BRXPO,0.551354855279407,Medium Risk,Month-to-month,25,104.95
7603-USHJS,0.5512466933756487,Medium Risk,Month-to-month,12,73.75
1384-RCUXW,0.5511315415624956,Medium Risk,Month-to-month,16,80.55
3003-CMDUU,0.5510785136287183,Medium Risk,Month-to-month,25,95.15
4629-NRXKX,0.550924848253432,Medium Risk,Month-to-month,2,70.4
7924-GJZFI,0.5507850083354592,Medium Risk,Month-to-month,25,69.3
5233-AOZUF,0.5506441226550304,Medium Risk,Month-to-month,29,74.95
0311-UNPFF,0.5504434054655708,Medium Risk,Month-to-month,26,88.8
2373-NTKOD,0.5504153015595775,Medium Risk,Month-to-month,8,66.25
1399-UBQIU,0.5502295465737295,Medium Risk,Month-to-month,11,69.35
1580-BMCMR,0.5501082791607892,Medium Risk,Month-to-month,19,87.3
0601-WZHJF,0.5500921626430708,Medium Risk,Month-to-month,14,46.35
9851-KIELU,0.5499081915114089,Medium Risk,Month-to-month,10,110.1
4257-GAESD,0.5495870683396438,Medium Risk,Month-to-month,6,45.0
3538-WZPHD,0.5494013416380041,Medium Risk,Month-to-month,3,29.6
4919-MOAVT,0.5493257476480825,Medium Risk,Month-to-month,3,69.65
0139-IVFJG,0.5489903127387338,Medium Risk,Month-to-month,2,90.35
8695-ARGXZ,0.5487287335181464,Medium Risk,Month-to-month,34,75.55
3934-HXCFZ,0.5480036465948832,Medium Risk,Month-to-month,23,99.25
3312-UUMZW,0.5473419757245851,Medium Risk,Month-to-month,32,98.85
8837-VVWLQ,0.5468018180646063,Medium Risk,Month-to-month,8,84.95
2916-BQZLN,0.5467654665604978,Medium Risk,Month-to-month,19,84.75
7855-DIWPO,0.5467286907588461,Medium Risk,Month-to-month,21,68.65
3956-MGXOG,0.5456830617269817,Medium Risk,Month-to-month,28,80.6
8429-XIBUM,0.5453687985620228,Medium Risk,Month-to-month,22,101.35
3717-OEAUQ,0.5452160792741819,Medium Risk,Month-to-month,2,70.7
6178-KFNHS,0.545116602831264,Medium Risk,Month-to-month,12,78.3
0221-WMXNQ,0.5445979559762473,Medium Risk,Month-to-month,4,75.35
5533-NHFRF,0.5445458271159769,Medium Risk,Month-to-month,7,44.4
2468-SJFLM,0.5443061806028139,Medium Risk,Month-to-month,1,74.3
4077-CROMM,0.5441610997223927,Medium Risk,Month-to-month,31,104.2
2252-ISRNH,0.5441070596088359,Medium Risk,One year,9,90.35
9430-FRQOC,0.5435286201773037,Medium Risk,Month-to-month,4,87.1
4536-PLEQY,0.5435262267360402,Medium Risk,Month-to-month,12,85.05
2719-BDAQO,0.5433480905642665,Medium Risk,Month-to-month,17,93.85
3063-QFSZL,0.5432149338174438,Medium Risk,Month-to-month,1,55.4
5204-QZXPU,0.5430254257950786,Medium Risk,Month-to-month,19,39.65
5480-TBGPH,0.5429331417501109,Medium Risk,Month-to-month,24,99.3
9822-OAOVB,0.542901955056312,Medium Risk,Month-to-month,1,55.45
7783-YKGDV,0.5428633306749254,Medium Risk,Month-to-month,12,99.7
6518-LGAOV,0.5428432430668508,Medium Risk,Month-to-month,38,105.0
7881-EVUAD,0.5428383976573821,Medium Risk,Month-to-month,2,42.6
0771-WLCLA,0.5420501029386299,Medium Risk,Month-to-month,16,112.95
2920-RNCEZ,0.5418980873941169,Medium Risk,Month-to-month,1,69.95
6284-AHOOQ,0.5415124289065025,Medium Risk,Month-to-month,22,90.5
2501-XWWTZ,0.5414557129730833,Medium Risk,Month-to-month,11,70.2
2862-PFNIK,0.541440556126836,Medium Risk,Month-to-month,1,24.7
1723-HKXJQ,0.5413145250625078,Medium Risk,Month-to-month,42,101.75
0988-JRWWP,0.5411041355943302,Medium Risk,Month-to-month,3,54.2
8417-FMLZI,0.5411017906873032,Medium Risk,Month-to-month,6,83.55
7181-OQCUT,0.5410518766842916,Medium Risk,Month-to-month,21,103.85
8687-BAFGU,0.5408507118831756,Medium Risk,Month-to-month,1,74.0
7979-CORPM,0.5407467917553727,Medium Risk,Month-to-month,24,90.55
1746-TGTWV,0.5406850079555652,Medium Risk,Month-to-month,1,75.35
9921-QFQUL,0.5406828571215665,Medium Risk,Month-to-month,23,90.15
3583-EKAPL,0.540463685455136,Medium Risk,Month-to-month,1,55.0
4360-PNRQB,0.5403745059536876,Medium Risk,Month-to-month,18,75.6
2956-GGUCQ,0.5401188304184378,Medium Risk,Month-to-month,24,78.85
8120-JDCAM,0.5400870810884871,Medium Risk,Month-to-month,4,69.55
8393-DLHGA,0.5400511732005712,Medium Risk,Month-to-month,25,95.9
2823-LKABH,0.5400346852261195,Medium Risk,Month-to-month,18,95.05
6481-ESCNL,0.5399928404758745,Medium Risk,Month-to-month,29,100.55
9465-RWMXL,0.539892176113297,Medium Risk,Month-to-month,32,78.9
4367-NHWMM,0.539774170958013,Medium Risk,Month-to-month,1,24.9
6652-YFFJO,0.5397570166239007,Medium Risk,Month-to-month,11,64.9
4373-MAVJG,0.539668660773835,Medium Risk,Month-to-month,14,90.9
4398-HSCJH,0.5396358360003758,Medium Risk,Month-to-month,3,63.6
2203-GHNWN,0.5392175986137374,Medium Risk,Month-to-month,24,79.65
3853-LYGAM,0.5391475626956475,Medium Risk,Month-to-month,17,95.65
4690-PKDQG,0.5389724925001635,Medium Risk,Month-to-month,42,95.55
5501-TVMGM,0.5388970303032086,Medium Risk,Month-to-month,1,55.25
1262-OPMFY,0.5388826523974888,Medium Risk,Month-to-month,9,75.75
9274-UARKJ,0.5385749840963059,Medium Risk,Month-to-month,15,83.2
6032-IGALN,0.5385206345033631,Medium Risk,Month-to-month,1,25.1
0212-ISBBF,0.5382904598655882,Medium Risk,Month-to-month,22,50.35
7537-RBWEA,0.5382071736341785,Medium Risk,Month-to-month,1,25.15
7586-ZATGZ,0.53807965547367,Medium Risk,Month-to-month,40,84.9
5909-ECHUI,0.5378898539915123,Medium Risk,Month-to-month,1,56.25
7242-QZLXF,0.5376804551275428,Medium Risk,Month-to-month,1,25.3
2018-PZKMU,0.5375250755413169,Medium Risk,Month-to-month,9,103.1
1624-WOIWJ,0.5374496151774666,Medium Risk,Month-to-month,10,84.7
9136-ALYBR,0.5373334355804261,Medium Risk,Month-to-month,1,24.45
4128-ETESU,0.537107905652236,Medium Risk,Month-to-month,47,99.7
8404-GFGCZ,0.5367438164331667,Medium Risk,Month-to-month,4,65.6
7018-WBJNK,0.5364659200680476,Medium Risk,Month-to-month,13,78.3
3914-FDRHP,0.5364215591966489,Medium Risk,Month-to-month,9,86.25
9227-LUNBG,0.5363136121764626,Medium Risk,Month-to-month,1,24.6
8778-LMWTJ,0.53620351648196,Medium Risk,Month-to-month,9,74.85
7562-UXTPG,0.5361007491316425,Medium Risk,Month-to-month,13,70.15
0570-BFQHT,0.5360839259067962,Medium Risk,Month-to-month,9,80.55
2309-OSFEU,0.5356849375290812,Medium Risk,Month-to-month,10,33.9
4013-TLDHQ,0.5355444345884827,Medium Risk,Month-to-month,19,78.25
1335-NTIUC,0.5354326455221993,Medium Risk,Month-to-month,9,24.95
9600-NAXZN,0.5353726880903517,Medium Risk,Month-to-month,43,101.4
3751-KTZEL,0.5352971902493395,Medium Risk,Month-to-month,1,35.05
0817-HSUSE,0.5349136028320142,Medium Risk,Month-to-month,1,75.5
7020-OZKXZ,0.5347881471641205,Medium Risk,Month-to-month,9,75.5
8456-QDAVC,0.5346546527096586,Medium Risk,Month-to-month,19,78.7
8486-AYEQH,0.5345898889153046,Medium Risk,Month-to-month,31,76.05
0869-PAPRP,0.5345596979717722,Medium Risk,Month-to-month,26,85.7
3235-ETOOB,0.5341795233345321,Medium Risk,Month-to-month,8,74.5
8519-QJGJD,0.5336775647295056,Medium Risk,Month-to-month,14,75.35
4501-EQDRN,0.5336663227540988,Medium Risk,Month-to-month,1,69.7
5119-KEPFY,0.5334872066296127,Medium Risk,Month-to-month,36,95.0
0402-CQAJN,0.5324239389502785,Medium Risk,Month-to-month,37,101.9
8696-JKZNU,0.5322971530576699,Medium Risk,Month-to-month,37,76.25
4195-NZGTA,0.5322337724624848,Medium Risk,Month-to-month,1,25.25
2696-NARTR,0.5320900826381065,Medium Risk,Month-to-month,11,73.85
9283-LZQOH,0.5319678309880319,Medium Risk,Month-to-month,13,74.4
8708-XPXHZ,0.5318426463476902,Medium Risk,Month-to-month,42,94.2
2919-HBCJO,0.5316717977376256,Medium Risk,Month-to-month,4,76.65
2507-QZPQS,0.5316473997383069,Medium Risk,Month-to-month,15,95.7
8584-KMVXD,0.531590463118784,Medium Risk,Month-to-month,8,75.6
7892-QVYKW,0.5312207133559085,Medium Risk,Month-to-month,23,85.6
8059-UDZFY,0.530468718790618,Medium Risk,Month-to-month,33,105.35
6581-NQCBA,0.5300476223483639,Medium Risk,Month-to-month,16,49.95
9779-DPNEJ,0.5295802665582896,Medium Risk,Month-to-month,22,80.15
5606-AMZBO,0.5294711683514001,Medium Risk,Month-to-month,10,78.15
3352-ALMCK,0.5292666444880226,Medium Risk,Month-to-month,40,102.65
1522-VVDMG,0.5289893384379102,Medium Risk,Month-to-month,7,89.75
7901-TBKJX,0.5289002426787939,Medium Risk,Month-to-month,56,101.05
4236-UJPWO,0.5287921294734423,Medium Risk,Month-to-month,2,24.5
4704-ERYFC,0.5277364864031547,Medium Risk,Month-to-month,22,69.25
4484-CGXFK,0.5275571465953601,Medium Risk,Month-to-month,3,55.3
4718-DHSMV,0.5275197637851139,Medium Risk,Month-to-month,11,35.8
8012-SOUDQ,0.5274808563179624,Medium Risk,Month-to-month,43,90.25
2692-BUCFV,0.5272358063107676,Medium Risk,Month-to-month,29,101.45
9971-ZWPBF,0.5271176133209909,Medium Risk,Month-to-month,34,108.9
5442-XSDCW,0.5269737508191481,Medium Risk,Month-to-month,11,79.5
7351-KYHQH,0.5269092448486444,Medium Risk,Month-to-month,7,64.95
2971-SGAFL,0.5265984380885416,Medium Risk,Month-to-month,13,78.75
6331-LWDTQ,0.5263527520509069,Medium Risk,Month-to-month,10,72.15
0082-OQIQY,0.5263260449630309,Medium Risk,Month-to-month,29,94.2
8800-ZKRFW,0.5259162921059298,Medium Risk,Month-to-month,30,107.5
2697-NQBPF,0.5256699298529224,Medium Risk,Month-to-month,34,105.35
5226-NOZFC,0.5253515101399452,Medium Risk,Month-to-month,26,85.75
9904-EHEVJ,0.5253460566131414,Medium Risk,Month-to-month,32,91.35
0778-NELLA,0.5253312035354272,Medium Risk,Month-to-month,9,34.7
6166-ILMNY,0.5251963811437695,Medium Risk,Month-to-month,2,69.75
5028-GZLDO,0.5251117612977968,Medium Risk,Month-to-month,2,70.7
6212-ATMLK,0.5250705077716628,Medium Risk,Month-to-month,50,95.7
5167-GBFRE,0.5247576677107563,Medium Risk,Month-to-month,4,25.2
7268-IGMFD,0.5247093362710012,Medium Risk,Month-to-month,18,93.9
5760-FXFVO,0.5239420202215105,Medium Risk,Month-to-month,6,78.95
4512-ZUIYL,0.5236235540619626,Medium Risk,Month-to-month,2,70.0
4846-WHAFZ,0.5236156357410234,Medium Risk,Month-to-month,37,76.5
0927-LCSMG,0.5234062179317556,Medium Risk,Month-to-month,7,74.65
5108-ADXWO,0.5231023347322973,Medium Risk,Month-to-month,11,73.5
6646-VRFOL,0.522968735085943,Medium Risk,Month-to-month,53,103.85
2694-CIUMO,0.522647476426002,Medium Risk,Month-to-month,12,79.55
3384-CTMSF,0.5224350263356786,Medium Risk,Month-to-month,47,104.1
4238-JSSWH,0.5224297231568893,Medium Risk,Month-to-month,35,102.05
3096-IZETN,0.5222983038793227,Medium Risk,Month-to-month,12,78.1
1608-GMEWB,0.5219979444750674,Medium Risk,Month-to-month,45,93.9
6235-VDHOM,0.5217011048426317,Medium Risk,Month-to-month,5,28.45
6661-HBGWL,0.5216254294779761,Medium Risk,Month-to-month,42,104.75
0224-RLWWD,0.5215934945488582,Medium Risk,Month-to-month,2,44.3
7901-HXJVA,0.5214852217296904,Medium Risk,Month-to-month,14,76.45
9365-SRSZE,0.5214029673197867,Medium Risk,Month-to-month,27,70.55
5630-IXDXV,0.5206746046097305,Medium Risk,Month-to-month,47,106.35
8938-UMKPI,0.5203598183573634,Medium Risk,Month-to-month,47,106.4
0946-CLJTI,0.520240393963773,Medium Risk,Month-to-month,58,98.7
5439-WIKXB,0.5196308058861762,Medium Risk,Month-to-month,41,94.55
5650-VDUDS,0.5193949342342427,Medium Risk,Month-to-month,4,24.25
2344-JMOGN,0.5186877382463864,Medium Risk,Month-to-month,9,94.85
9450-TRJUU,0.51801410914647,Medium Risk,Month-to-month,35,83.15
1902-XBTFB,0.517992185449017,Medium Risk,Month-to-month,22,89.4
5153-RTHKF,0.5176181293532572,Medium Risk,Month-to-month,34,85.35
8640-SDGKB,0.5173476861656066,Medium Risk,Month-to-month,4,74.4
3754-DXMRT,0.5172528401694331,Medium Risk,Month-to-month,2,44.15
3671-SHRSP,0.5169159020490914,Medium Risk,Month-to-month,4,80.6
8563-OYMQY,0.5165490314428145,Medium Risk,Month-to-month,17,90.95
5373-SFODM,0.516010914752985,Medium Risk,Month-to-month,36,85.25
8993-PHFWD,0.5159046117631084,Medium Risk,Month-to-month,3,25.25
7562-GSUHK,0.5158379777708277,Medium Risk,Month-to-month,16,93.2
9885-AIBVB,0.5153011560286659,Medium Risk,Month-to-month,29,85.8
9907-SWKKF,0.5148828141594292,Medium Risk,Month-to-month,1,25.05
6834-NXDCA,0.5146656645344836,Medium Risk,Month-to-month,13,23.9
8914-RBTSB,0.5146644534600825,Medium Risk,Month-to-month,31,93.8
5543-QDCRY,0.5138421411012816,Medium Risk,Month-to-month,4,56.4
4816-JBHOV,0.5137877068322761,Medium Risk,Month-to-month,2,44.7
2592-SEIFQ,0.5137664774651629,Medium Risk,Month-to-month,3,24.75
9048-JVYVF,0.5134678601054405,Medium Risk,Month-to-month,3,69.35
6778-YSNIH,0.5133974534493988,Medium Risk,Month-to-month,2,59.0
7978-DKUQH,0.5133848612102955,Medium Risk,Month-to-month,25,74.6
3932-CMDTD,0.5131944962451216,Medium Risk,One year,4,105.65
4658-HCOHW,0.5129454628286414,Medium Risk,Month-to-month,21,102.8
5175-WLYXL,0.5129231341874525,Medium Risk,Month-to-month,22,78.85
5626-MGTUK,0.5128094581086546,Medium Risk,Month-to-month,20,89.1
1565-RHDJD,0.5121530349475405,Medium Risk,Month-to-month,4,84.05
3088-LHEFH,0.5118914472574625,Medium Risk,Month-to-month,11,79.0
5281-BUZGT,0.5117191708593742,Medium Risk,Month-to-month,36,90.85
9743-DQKQW,0.5115606764978106,Medium Risk,Month-to-month,3,25.1
9420-LOJKX,0.511463937031089,Medium Risk,Month-to-month,15,99.1
8212-CRQXP,0.5113174838315511,Medium Risk,Month-to-month,22,80.0
5364-XYIRR,0.5111015332281748,Medium Risk,Month-to-month,51,94.65
6994-KERXL,0.5103223530318091,Medium Risk,Month-to-month,4,55.9
0682-USIXD,0.509784786649836,Medium Risk,Month-to-month,21,86.05
9979-RGMZT,0.5096535791897697,Medium Risk,One year,7,94.05
7825-ECJRF,0.5094909539537995,Medium Risk,Month-to-month,19,106.6
0354-WYROK,0.5094733467306161,Medium Risk,Month-to-month,31,98.9
8020-BWHYL,0.5094629054064972,Medium Risk,Month-to-month,15,75.3
6693-FRIRW,0.5092811089899822,Medium Risk,Month-to-month,18,101.3
3094-JOJAI,0.5089231505121804,Medium Risk,Month-to-month,18,74.15
3757-NJYBX,0.5088759445585211,Medium Risk,Month-to-month,32,106.35
6034-YMTOB,0.508464396541513,Medium Risk,Month-to-month,5,75.65
5222-IMUKT,0.5080605495849431,Medium Risk,Month-to-month,32,91.05
3312-ZWLGF,0.5076680812751412,Medium Risk,Month-to-month,29,79.3
4248-QPAVC,0.5075885196904485,Medium Risk,Month-to-month,17,85.35
9898-KZQDZ,0.5071870100669342,Medium Risk,Month-to-month,40,94.55
3866-MDTUB,0.5068965962941083,Medium Risk,Month-to-month,2,70.75
8212-DJRCH,0.5066171721324263,Medium Risk,Month-to-month,5,90.35
9638-JIQYA,0.506173560710086,Medium Risk,Month-to-month,2,24.9
4503-BDXBD,0.505885416693842,Medium Risk,Month-to-month,11,74.95
9512-UIBFX,0.5058437356065385,Medium Risk,Month-to-month,18,95.15
2979-SXESE,0.5057503678661697,Medium Risk,Month-to-month,17,94.4
3755-JBMNH,0.5054370636711485,Medium Risk,Month-to-month,16,71.8
3374-LXDEV,0.5053999902739423,Medium Risk,Month-to-month,13,89.4
1452-KIOVK,0.505342784893196,Medium Risk,Month-to-month,22,89.1
5035-BVCXS,0.505267094201529,Medium Risk,Month-to-month,11,75.9
7279-BUYWN,0.5049468696989705,Medium Risk,Month-to-month,41,113.2
6599-SFQVE,0.5049240038218891,Medium Risk,Month-to-month,6,55.0
5453-AXEPF,0.5049029844191213,Medium Risk,Month-to-month,17,80.5
9661-ACXBS,0.5048597217691526,Medium Risk,Month-to-month,42,105.2
5759-RCVCB,0.5045093596931298,Medium Risk,Month-to-month,3,35.2
9508-ILZDG,0.5042104794212431,Medium Risk,Month-to-month,34,96.35
9824-BEMCV,0.5039625732703457,Medium Risk,Month-to-month,17,69.0
1100-DDVRV,0.5036133294553498,Medium Risk,Month-to-month,17,49.8
0786-VSSUD,0.503506279673269,Medium Risk,Month-to-month,16,39.0
2911-WDXMV,0.5033532608476189,Medium Risk,Month-to-month,18,80.55
7852-LECYP,0.5028256561329314,Medium Risk,Month-to-month,13,93.8
6704-UTUKK,0.5024235335253749,Medium Risk,Month-to-month,29,45.9
3677-TNKIO,0.5024119476466492,Medium Risk,Month-to-month,14,71.0
6458-CYIDZ,0.5023764742260504,Medium Risk,Month-to-month,5,80.7
9667-EQRXU,0.5023629750690973,Medium Risk,Month-to-month,30,40.3
5016-IBERQ,0.5020973072155264,Medium Risk,Month-to-month,23,84.25
4030-VPZBD,0.5020647122725468,Medium Risk,Month-to-month,2,30.9
8155-IBNHG,0.5019783820473191,Medium Risk,Month-to-month,24,75.4
6906-ANDWJ,0.5012903763146541,Medium Risk,Month-to-month,15,74.9
4349-GFQHK,0.5011705965518436,Medium Risk,Month-to-month,1,54.35
2187-LZGPL,0.5005750967572595,Medium Risk,Month-to-month,7,40.1
5609-IMCGG,0.5005318657898342,Medium Risk,Month-to-month,15,84.35
1346-UFHAX,0.5004181717063291,Medium Risk,Month-to-month,13,80.0
2786-GCDPI,0.500248802955802,Medium Risk,Month-to-month,50,104.95
3323-CPBWR,0.5001136580782097,Medium Risk,Month-to-month,23,96.9
2983-ZANRP,0.4994929815229535,Medium Risk,Month-to-month,2,73.55
5572-ZDXHY,0.49915624860410035,Medium Risk,Month-to-month,22,84.3
9620-ENEJV,0.4986349356977096,Medium Risk,Month-to-month,6,70.55
2657-ALMWY,0.4978789158067261,Medium Risk,Month-to-month,26,84.95
2800-QQUSO,0.49777560776144564,Medium Risk,Month-to-month,42,100.3
7129-CAKJW,0.49770258399584993,Medium Risk,Month-to-month,17,80.05
1845-CSBRZ,0.49763827794504134,Medium Risk,Month-to-month,22,85.35
0093-XWZFY,0.49742638457573546,Medium Risk,Month-to-month,40,104.5
8272-ONJLV,0.4972872446669714,Medium Risk,One year,12,95.7
8714-EUHJO,0.49716581709694785,Medium Risk,Month-to-month,31,91.15
9053-EJUNL,0.49714173113194987,Medium Risk,Month-to-month,41,89.2
8819-IMISP,0.49589393635079776,Medium Risk,Month-to-month,31,80.45
3587-PMCOY,0.49585420377951,Medium Risk,One year,10,98.9
5960-MVTUK,0.4958396420061328,Medium Risk,Month-to-month,3,29.75
7395-IGJOS,0.49558858161703134,Medium Risk,Month-to-month,17,81.5
8445-DNBAE,0.49545515546394864,Medium Risk,Month-to-month,1,50.05
2955-BJZHG,0.4954146454836117,Medium Risk,Month-to-month,17,80.85
8543-MSDMF,0.4953973530849023,Medium Risk,Month-to-month,3,77.4
4062-HBMOS,0.49528288096326933,Medium Risk,Month-to-month,52,103.05
6729-GDNGC,0.4951814553281172,Medium Risk,Month-to-month,20,80.7
7503-QQRVF,0.49516067780330253,Medium Risk,Month-to-month,16,74.3
4929-BSTRX,0.4949484632251563,Medium Risk,Month-to-month,1,53.55
9026-LHEVG,0.49494199749088386,Medium Risk,Month-to-month,9,40.75
9522-BNTHX,0.49492571785129696,Medium Risk,Month-to-month,34,56.25
9821-POOTN,0.49484311080580146,Medium Risk,Month-to-month,35,75.2
4749-VFKVB,0.4947237268079967,Medium Risk,Month-to-month,1,50.1
0428-IKYCP,0.49459749061904706,Medium Risk,Month-to-month,22,87.0
4741-WWJQZ,0.49451334252662343,Medium Risk,Month-to-month,2,80.15
6259-WJQLC,0.4943761701657253,Medium Risk,Month-to-month,32,81.1
9944-AEXBM,0.4941003347255293,Medium Risk,Month-to-month,32,85.65
4184-TJFAN,0.4935439414453442,Medium Risk,Month-to-month,3,88.3
8642-GVWRF,0.49354217241753395,Medium Risk,Month-to-month,2,79.7
5143-EGQFK,0.49253787334965,Medium Risk,Month-to-month,10,29.65
6551-GNYDG,0.492237028653818,Medium Risk,Month-to-month,14,80.9
5895-QSXOD,0.49214975470092825,Medium Risk,Month-to-month,9,70.05
7404-JLKQG,0.49189728800832955,Medium Risk,Month-to-month,3,57.55
3665-JATSN,0.4918105473818427,Medium Risk,Month-to-month,19,39.7
8849-AYPTR,0.49148414352276415,Medium Risk,Month-to-month,33,91.25
5650-YLIBA,0.49148022792776347,Medium Risk,Month-to-month,31,81.15
7056-IMHCC,0.49136828985964837,Medium Risk,Month-to-month,53,101.9
7567-ECMCM,0.49106191540475536,Medium Risk,Month-to-month,24,79.85
5215-LNLDJ,0.4905920826758804,Medium Risk,Month-to-month,7,24.7
9643-AVVWI,0.49026911714315935,Medium Risk,Month-to-month,3,80.0
2386-LAHRK,0.4899717599246368,Medium Risk,Month-to-month,1,53.5
0141-YEAYS,0.4899432797793237,Medium Risk,Month-to-month,27,86.45
0963-ZBDRN,0.48918657105573643,Medium Risk,Month-to-month,32,96.2
9842-EFSYY,0.48896667821766293,Medium Risk,Month-to-month,4,57.2
9518-XXBXE,0.48879592981483466,Medium Risk,Month-to-month,10,75.3
2782-LFZVW,0.48866766236457293,Medium Risk,Month-to-month,11,58.95
4154-AQUGT,0.4886056943285844,Medium Risk,Month-to-month,13,89.05
1304-BCCFO,0.4885068129245837,Medium Risk,Month-to-month,9,70.05
2495-KZNFB,0.48809193557702973,Medium Risk,Month-to-month,33,90.65
6413-XKKPU,0.4877911850575699,Medium Risk,Month-to-month,17,89.4
9572-WUKSB,0.4877636589259895,Medium Risk,Month-to-month,3,29.9
2322-VCZHZ,0.4876726424524466,Medium Risk,Month-to-month,23,90.0
9398-MMQTO,0.4875921079913249,Medium Risk,Month-to-month,3,74.45
5981-ITEMU,0.48755953700181315,Medium Risk,Month-to-month,40,97.1
6692-YQHXC,0.48737455826719844,Medium Risk,Month-to-month,16,69.95
3737-GCSPV,0.48727767204638367,Medium Risk,Month-to-month,11,96.2
1482-OXZSY,0.48601436466486203,Medium Risk,Month-to-month,30,100.4
3167-SNQPL,0.48576898020928133,Medium Risk,Month-to-month,38,101.15
7718-RXDGG,0.4857418200501299,Medium Risk,Month-to-month,15,68.6
6959-UWKHF,0.4852672628089087,Medium Risk,Month-to-month,1,42.9
1818-ESQMW,0.485191902626225,Medium Risk,Month-to-month,27,89.2
3943-KDREE,0.48438575911146153,Medium Risk,Month-to-month,26,74.95
5998-VVEJY,0.4837281315431959,Medium Risk,Month-to-month,26,80.5
9272-LSVYH,0.48334036425043975,Medium Risk,Month-to-month,10,70.15
4855-SNKMY,0.4829951384728463,Medium Risk,Month-to-month,1,44.1
8993-IZEUX,0.482793751241311,Medium Risk,Month-to-month,7,69.15
9793-WECQC,0.4824981805941375,Medium Risk,Month-to-month,23,95.3
7126-RBHSD,0.4823274273704045,Medium Risk,Month-to-month,17,78.9
0634-SZPQA,0.482275824224306,Medium Risk,Month-to-month,23,90.05
2675-OTVVJ,0.4822575436340091,Medium Risk,Month-to-month,31,89.45
7483-IQWIB,0.48201314056903205,Medium Risk,Month-to-month,37,92.95
5600-KTXFM,0.48193806167732983,Medium Risk,Month-to-month,2,69.95
6390-DSAZX,0.48190842908674886,Medium Risk,Month-to-month,1,73.6
3540-RZJYU,0.48177441614841454,Medium Risk,Month-to-month,15,86.2
3799-ISUZQ,0.48169968142871544,Medium Risk,Month-to-month,7,69.95
7658-UYUQS,0.48160250093839335,Medium Risk,Month-to-month,21,86.55
6608-QQLVK,0.48125841768985417,Medium Risk,Month-to-month,1,50.5
2856-NNASM,0.48093945751779066,Medium Risk,Month-to-month,43,89.55
4484-GLZOU,0.48084025360645066,Medium Risk,Month-to-month,52,105.05
8802-UNOJF,0.48076332658984333,Medium Risk,Month-to-month,12,83.8
4074-SJFFA,0.4807152186458256,Medium Risk,Month-to-month,1,54.75
2519-FAKOD,0.4804170156417359,Medium Risk,Month-to-month,38,99.25
4881-JVQOD,0.48017496309639784,Medium Risk,Month-to-month,10,34.55
5498-TXHLF,0.48016785948786295,Medium Risk,Month-to-month,34,87.45
2974-GGUXS,0.480032458278528,Medium Risk,Month-to-month,36,91.95
4465-VDKIQ,0.4798416248576987,Medium Risk,Month-to-month,18,77.8
0207-MDKNV,0.4796109137695468,Medium Risk,Month-to-month,15,105.1
1436-ZMJAN,0.4796072554538415,Medium Risk,Month-to-month,10,67.8
9889-TMAHG,0.4791045103734234,Medium Risk,Month-to-month,8,100.3
7853-OETYL,0.4790201697193447,Medium Risk,Month-to-month,4,29.05
1550-EENBN,0.47854627095237806,Medium Risk,Month-to-month,31,104.35
2311-QYMUQ,0.47804172704364906,Medium Risk,Month-to-month,16,89.45
6651-AZVTJ,0.47791634775011954,Medium Risk,Month-to-month,49,99.8
3071-VBYPO,0.47783111048415666,Medium Risk,Month-to-month,3,89.85
7851-FLGGQ,0.47742828852734287,Medium Risk,Month-to-month,1,44.65
1228-ZLNBX,0.4771349210963219,Medium Risk,Month-to-month,21,75.3
6522-YRBXD,0.47707053146472056,Medium Risk,Month-to-month,35,94.55
6583-QGCSI,0.47697648842608226,Medium Risk,Month-to-month,50,88.05
3518-PZXZQ,0.4767964887960817,Medium Risk,Month-to-month,1,55.3
5889-JTMUL,0.47674742262984604,Medium Risk,Month-to-month,50,95.05
1173-NOEYG,0.4766464536085813,Medium Risk,Month-to-month,27,90.15
6486-LHTMA,0.47634252818932227,Medium Risk,One year,31,90.7
3370-GQEAL,0.4763169483922324,Medium Risk,Month-to-month,30,85.45
1319-YLZJG,0.47602469231300776,Medium Risk,Month-to-month,12,84.6
5716-LIBJC,0.4758640023987584,Medium Risk,One year,13,104.15
7774-OJSXI,0.4755995003982782,Medium Risk,One year,31,103.45
5122-CYFXA,0.4755508026140876,Medium Risk,Month-to-month,3,75.3
2038-LLMLM,0.47551004818961,Medium Risk,Month-to-month,48,103.85
5294-DMSFH,0.4754487429168197,Medium Risk,Month-to-month,29,87.8
5077-DXTCG,0.4754407442195905,Medium Risk,Month-to-month,1,45.3
9168-INPSZ,0.47519842135835616,Medium Risk,Month-to-month,44,104.15
8364-TRMMK,0.4749075787610055,Medium Risk,Month-to-month,3,50.65
0256-LTHVJ,0.47485469023641896,Medium Risk,Month-to-month,28,81.05
6240-EURKS,0.47435957415475966,Medium Risk,Month-to-month,18,35.0
3096-JRDSO,0.4737299258930115,Medium Risk,Month-to-month,27,104.3
4373-VVHQL,0.473620776480541,Medium Risk,Month-to-month,1,44.75
7813-ZGGAW,0.4734209187895333,Medium Risk,Month-to-month,31,96.6
8878-HMWBV,0.4734197189623278,Medium Risk,Month-to-month,3,49.15
9281-OFDMF,0.4733756957823194,Medium Risk,Month-to-month,39,90.7
4315-MURBD,0.4733284669471479,Medium Risk,Month-to-month,12,98.9
8705-WZCYL,0.4733063474530436,Medium Risk,Month-to-month,1,44.8
6128-CZOMY,0.47323934064316575,Medium Risk,Month-to-month,1,45.65
5022-JNQEQ,0.47306989896008883,Medium Risk,Month-to-month,9,75.85
0537-QYZZN,0.47291832004892287,Medium Risk,Month-to-month,24,79.85
9763-PDTKK,0.47282639950327476,Medium Risk,Month-to-month,4,94.4
3995-WFCSM,0.4726223023624182,Medium Risk,Month-to-month,2,60.85
8378-LKJAF,0.4725196661875866,Medium Risk,Month-to-month,38,101.15
4879-GZLFH,0.4724670171846655,Medium Risk,Month-to-month,42,92.15
4828-FAZPK,0.4720704675594498,Medium Risk,Month-to-month,16,79.95
1264-BYWMS,0.47196939824085765,Medium Risk,Month-to-month,55,96.8
9526-JAWYF,0.47168861155236846,Medium Risk,Month-to-month,26,89.8
3737-XBQDD,0.4712595309788397,Medium Risk,Month-to-month,24,84.85
7442-YGZFK,0.4711472913849367,Medium Risk,Month-to-month,1,49.8
3055-MJDSB,0.471015388861453,Medium Risk,Month-to-month,9,24.6
9895-VFOXH,0.4709551658894997,Medium Risk,Month-to-month,1,24.4
6017-PPLPX,0.47030061994577094,Medium Risk,Month-to-month,20,70.45
8356-WUAOJ,0.4702157927508112,Medium Risk,Month-to-month,1,45.0
0224-HJAPT,0.46996052545946104,Medium Risk,Month-to-month,5,47.15
2141-RRYGO,0.4696863131654461,Medium Risk,Month-to-month,4,68.65
2672-TGEFF,0.46959261606109615,Medium Risk,Month-to-month,37,88.8
8903-XEBGX,0.46950694912740887,Medium Risk,Month-to-month,2,55.3
6741-EGCBI,0.4694736595186226,Medium Risk,Month-to-month,30,90.5
6629-CZTTH,0.46945949325912306,Medium Risk,Month-to-month,1,55.7
2675-DHUTR,0.46940334106724424,Medium Risk,Month-to-month,58,98.9
0111-KLBQG,0.4693978982630725,Medium Risk,Month-to-month,32,93.95
4729-XKASR,0.46917055029572824,Medium Risk,Month-to-month,1,24.75
3331-HQDTW,0.46893820576970513,Medium Risk,Month-to-month,34,109.8
7410-OIEDU,0.4684979226553725,Medium Risk,Month-to-month,10,79.85
1853-ARAAQ,0.46837232923714184,Medium Risk,Month-to-month,26,50.35
2082-CEFLT,0.4682785307668999,Medium Risk,Month-to-month,1,45.6
6048-QBXKL,0.4680535000960764,Medium Risk,Month-to-month,2,56.55
2135-RXIHG,0.4679644953251536,Medium Risk,Month-to-month,1,45.65
9058-CBREO,0.4679046441930996,Medium Risk,Month-to-month,1,50.55
1084-UQCHV,0.4671490944057628,Medium Risk,Month-to-month,1,69.75
0666-UXTJO,0.4670484604183654,Medium Risk,Month-to-month,34,85.2
7048-GXDAY,0.4669749319744464,Medium Risk,Month-to-month,39,106.4
5982-FPVQN,0.4667985097121317,Medium Risk,Month-to-month,37,95.15
2933-FILNV,0.4667369753409818,Medium Risk,Month-to-month,2,24.4
6519-CFDBX,0.4666556145215189,Medium Risk,Month-to-month,2,45.4
3348-CFRNX,0.46647344740916613,Medium Risk,Month-to-month,28,92.35
6078-VESFR,0.46646497403876575,Medium Risk,Month-to-month,13,70.45
7587-RZNME,0.4664225119891784,Medium Risk,Month-to-month,3,43.3
4947-DSMXK,0.4662130074133098,Medium Risk,Month-to-month,34,97.7
9777-WJJPR,0.4659856860221181,Medium Risk,Month-to-month,31,88.65
8260-NGFNY,0.46593023062897143,Medium Risk,Month-to-month,1,25.2
8610-WFCJF,0.4658203489435436,Medium Risk,Month-to-month,49,95.6
3714-NTNFO,0.46568972194818753,Medium Risk,Month-to-month,49,84.5
3439-GVUSX,0.46568327263250264,Medium Risk,Month-to-month,1,24.4
4351-QLCSU,0.4656512416156639,Medium Risk,Month-to-month,1,55.0
5916-QEWPT,0.4654684942694981,Medium Risk,Month-to-month,2,69.0
5385-SUIRI,0.46501899302714284,Medium Risk,Month-to-month,52,104.2
7967-HYCDE,0.46488574092217105,Medium Risk,Month-to-month,8,70.7
6637-KYRCV,0.46473112934098093,Medium Risk,Month-to-month,5,30.5
2476-YGEFM,0.4644655723797726,Medium Risk,Month-to-month,29,76.0
7634-WSWDB,0.4644572114699095,Medium Risk,Month-to-month,8,38.5
9552-TGUZV,0.46442346055101735,Medium Risk,Month-to-month,8,75.0
8450-UYIBU,0.464340093977176,Medium Risk,Month-to-month,35,39.85
3174-RKMOW,0.4643350743313967,Medium Risk,Month-to-month,35,109.95
3334-CTHOL,0.4643237878340547,Medium Risk,Month-to-month,1,49.95
2027-CWDNU,0.464262424759333,Medium Risk,Month-to-month,18,85.6
6537-QLGEX,0.46414419466143175,Medium Risk,Month-to-month,16,38.9
0895-DQHEW,0.4639614748841656,Medium Risk,Month-to-month,54,104.3
8718-PTMEZ,0.4639319928116973,Medium Risk,Month-to-month,13,31.05
5331-RGMTT,0.4639206363518576,Medium Risk,Month-to-month,54,99.05
5389-FFVKB,0.4637441394248971,Medium Risk,Month-to-month,32,80.3
5813-UECBU,0.46320556429898685,Medium Risk,Month-to-month,33,83.85
2037-SGXHH,0.46316715455803353,Medium Risk,Month-to-month,38,94.65
6022-UGGSO,0.46299829466699094,Medium Risk,Month-to-month,32,74.4
2962-XPMCQ,0.46295743747854184,Medium Risk,Month-to-month,2,45.15
2227-JRSJX,0.4621408421423247,Medium Risk,Month-to-month,21,99.15
5129-JLPIS,0.4621030190391519,Medium Risk,Month-to-month,25,105.5
9588-OZDMQ,0.4620692246283558,Medium Risk,Month-to-month,2,45.0
2474-BRUCM,0.46206209726942665,Medium Risk,Month-to-month,40,101.85
5356-CSVSQ,0.46140065571922156,Medium Risk,Month-to-month,3,64.6
7339-POGZN,0.46109307067400085,Medium Risk,Month-to-month,4,50.7
2931-FSOHN,0.46055074693143455,Medium Risk,Month-to-month,13,59.9
2874-YXVVA,0.46027155533321507,Medium Risk,Month-to-month,34,105.1
3627-FHKBK,0.46018223374567524,Medium Risk,Month-to-month,1,75.3
6339-DKLMK,0.460170001302365,Medium Risk,Month-to-month,13,31.65
2178-PMGCJ,0.46013461694073904,Medium Risk,Month-to-month,22,69.7
3137-LUPIX,0.4598598853029433,Medium Risk,Month-to-month,4,64.4
6158-HDPXZ,0.4597256513182811,Medium Risk,Month-to-month,1,25.35
2122-YWVYA,0.45923068995851596,Medium Risk,Month-to-month,18,75.4
7993-PYKOF,0.4590823227071596,Medium Risk,Month-to-month,8,75.0
8601-QACRS,0.4589260077307659,Medium Risk,Month-to-month,5,50.6
4911-BANWH,0.4588623181856633,Medium Risk,Month-to-month,31,86.55
2626-URJFX,0.45850507701829685,Medium Risk,Month-to-month,4,50.9
1777-JYQPJ,0.45817356668043674,Medium Risk,Month-to-month,2,24.3
5647-FXOTP,0.45815822439370074,Medium Risk,Month-to-month,60,105.9
3211-ILJTT,0.45811635378424426,Medium Risk,Month-to-month,17,70.4
7517-SAWMO,0.45779792054621726,Medium Risk,Month-to-month,19,73.2
1472-TNCWL,0.4577784848734102,Medium Risk,Month-to-month,36,94.7
5312-UXESG,0.45773406255885846,Medium Risk,Month-to-month,41,98.05
0133-BMFZO,0.457568825871396,Medium Risk,Month-to-month,2,86.25
1230-QAJDW,0.45740748603939385,Medium Risk,Month-to-month,3,65.25
2811-POVEX,0.4573374539173731,Medium Risk,Month-to-month,23,88.45
7460-ITWWP,0.45694642563630783,Medium Risk,Month-to-month,45,86.1
2432-TFSMK,0.45661855843453036,Medium Risk,One year,18,89.6
7011-CVEUC,0.45568865356286326,Medium Risk,Month-to-month,25,95.7
2519-ERQOJ,0.45556211521643014,Medium Risk,Month-to-month,33,54.6
6038-GCYEC,0.4551451326746954,Medium Risk,Month-to-month,24,54.15
6464-KEXXH,0.45498320488241756,Medium Risk,Month-to-month,8,25.25
2277-VWCNI,0.45478290696038043,Medium Risk,Month-to-month,4,48.75
0376-OIWME,0.45461447232459573,Medium Risk,Month-to-month,36,93.6
0468-YRPXN,0.4544591049680205,Medium Risk,Month-to-month,29,98.8
1597-FZREH,0.454441302135235,Medium Risk,Month-to-month,2,76.4
8720-RQSBJ,0.4544276230180894,Medium Risk,Month-to-month,1,44.0
0577-WHMEV,0.4544209409552123,Medium Risk,Month-to-month,16,90.7
9169-BSVIN,0.4543658220635737,Medium Risk,Month-to-month,12,74.75
3987-KQDDU,0.45428294842911476,Medium Risk,Month-to-month,9,75.6
7296-PIXQY,0.45428001666677703,Medium Risk,Month-to-month,14,70.2
2189-WWOEW,0.454072334595123,Medium Risk,Month-to-month,15,85.9
3130-ICDUP,0.454010859447659,Medium Risk,Month-to-month,2,80.55
9576-SYUHJ,0.45371412872075423,Medium Risk,Month-to-month,37,91.15
1589-AGTLK,0.45357797427225316,Medium Risk,Month-to-month,3,45.35
8614-VGMMV,0.45330294229455204,Medium Risk,Month-to-month,15,49.1
4116-TZAQJ,0.4532640791094078,Medium Risk,Month-to-month,9,74.25
0564-MUUQK,0.4529145832011274,Medium Risk,Month-to-month,20,95.5
0623-IIHUG,0.45245014327247557,Medium Risk,Month-to-month,21,41.9
3703-VAVCL,0.45244827399132637,Medium Risk,Month-to-month,2,90.0
9708-HPXWZ,0.4521607414351967,Medium Risk,Month-to-month,5,45.4
9029-FEGVJ,0.452152935200849,Medium Risk,Month-to-month,32,79.3
6907-FLBER,0.4520089812213213,Medium Risk,Month-to-month,1,54.3
3798-EPWRR,0.4518744730121904,Medium Risk,Month-to-month,2,43.95
3806-DXQOM,0.45157304769897766,Medium Risk,Month-to-month,4,33.65
3197-ARFOY,0.4514578972866622,Medium Risk,Month-to-month,19,105.0
9206-GVPEQ,0.45140832247095436,Medium Risk,Month-to-month,13,54.45
4948-WBBKL,0.4510741601455934,Medium Risk,Month-to-month,36,74.9
7734-DBOAI,0.4504364748772185,Medium Risk,Month-to-month,1,40.1
3500-RMZLT,0.45042422021367634,Medium Risk,Month-to-month,15,96.3
7421-ZLUPA,0.4495973275666496,Medium Risk,Month-to-month,8,29.25
4459-BBGHE,0.4493675513056245,Medium Risk,Month-to-month,30,44.5
9752-ZNQUT,0.44907692522873,Medium Risk,Month-to-month,1,48.6
1035-IPQPU,0.4488223800074126,Medium Risk,Month-to-month,63,103.5
9381-NDKME,0.4487115318074319,Medium Risk,Month-to-month,24,40.65
0430-IHCDJ,0.44868520756902824,Medium Risk,Month-to-month,15,49.0
1251-KRREG,0.448600712373275,Medium Risk,Month-to-month,2,54.4
6204-IEUXJ,0.44857173814352175,Medium Risk,Month-to-month,3,80.1
1260-TTRXI,0.4485080441247261,Medium Risk,Month-to-month,4,54.3
6127-IYJOZ,0.4481932836444703,Medium Risk,Month-to-month,1,45.85
6467-CHFZW,0.4476755317229747,Medium Risk,Month-to-month,47,99.35
6402-EJMWF,0.44758440884569917,Medium Risk,Month-to-month,4,55.3
8080-DDEMJ,0.447557401067922,Medium Risk,Month-to-month,1,45.1
9474-PHLYD,0.44731357211826134,Medium Risk,Month-to-month,15,59.45
9643-YBLUR,0.44711076437366054,Medium Risk,Month-to-month,9,69.05
5590-YRFJT,0.446979132679189,Medium Risk,Month-to-month,20,24.45
4706-DGAHW,0.44693378704154596,Medium Risk,Month-to-month,1,45.2
7000-WCEVQ,0.4465641408248814,Medium Risk,Month-to-month,20,61.6
5057-LCOUI,0.44654052601066857,Medium Risk,Month-to-month,39,50.75
7077-XJMET,0.44652986082269813,Medium Risk,Month-to-month,12,74.15
9714-EDSUC,0.44634195370221785,Medium Risk,Month-to-month,4,94.9
3768-NLUBH,0.44459303779827514,Medium Risk,Month-to-month,57,100.6
9800-ONTFE,0.44385567397507525,Medium Risk,Month-to-month,22,75.8
3234-VKACU,0.4438135520725329,Medium Risk,Month-to-month,2,70.3
3466-RITXD,0.4433360304748966,Medium Risk,Month-to-month,26,92.4
3545-CNWRG,0.44296358283077547,Medium Risk,Month-to-month,49,98.35
0599-XNYDO,0.44279372730495886,Medium Risk,Month-to-month,20,69.8
9389-ACWBI,0.44271613744454286,Medium Risk,Month-to-month,5,69.95
2951-QOQTK,0.4421254082533719,Medium Risk,Month-to-month,4,80.8
2831-EBWRN,0.4420526768730263,Medium Risk,Month-to-month,4,45.9
1261-FWTTE,0.441546301917528,Medium Risk,Month-to-month,23,34.65
8782-LKFPK,0.4415236631883531,Medium Risk,Month-to-month,44,90.4
7739-LAXOG,0.4413850898571945,Medium Risk,Month-to-month,32,91.05
6646-JPPHA,0.4406656065886096,Medium Risk,Month-to-month,14,78.85
1976-CFOCS,0.4401374320829614,Medium Risk,Month-to-month,1,46.0
6185-TASNN,0.440085470754778,Medium Risk,Month-to-month,1,46.3
0096-BXERS,0.4400108932585413,Medium Risk,Month-to-month,6,50.35
6128-AQBMT,0.44000504232176035,Medium Risk,Month-to-month,41,53.95
4625-EWPTF,0.4395777554842598,Medium Risk,Month-to-month,8,30.45
7636-OWBPG,0.4389279347720879,Medium Risk,Month-to-month,12,29.35
0829-XXPLX,0.4388532850381623,Medium Risk,Month-to-month,20,89.4
6542-LWGXJ,0.4386551046364448,Medium Risk,Month-to-month,3,25.0
3969-GYXEL,0.43834976676417176,Medium Risk,Month-to-month,11,76.4
2523-EWWZL,0.4382516766424781,Medium Risk,Month-to-month,27,76.1
2587-EKXTS,0.4380774042644743,Medium Risk,Month-to-month,44,111.5
4619-EVPHY,0.4380488390980649,Medium Risk,One year,20,91.0
3005-NFMTA,0.438001409996904,Medium Risk,Month-to-month,55,98.8
3524-WQDSG,0.43765720821539433,Medium Risk,Month-to-month,43,99.3
5649-VUKMC,0.43745450823331633,Medium Risk,One year,12,95.5
3161-GETRM,0.4372902659732442,Medium Risk,Month-to-month,34,90.05
4993-JCRGJ,0.43728859917091484,Medium Risk,Month-to-month,26,84.3
7675-OZCZG,0.4372516493296902,Medium Risk,Month-to-month,3,45.0
7982-VCELR,0.43676426810123203,Medium Risk,Month-to-month,36,94.8
4811-JBUVU,0.43671937974742875,Medium Risk,Month-to-month,30,89.9
9710-ZUSHQ,0.43666434515348085,Medium Risk,Month-to-month,37,106.75
1320-REHCS,0.43664238744163975,Medium Risk,Month-to-month,52,110.75
0867-MKZVY,0.4360472341222762,Medium Risk,Month-to-month,20,82.4
7129-ACFOG,0.43601174839051826,Medium Risk,Month-to-month,5,53.8
7881-INRLC,0.43596190348140385,Medium Risk,Month-to-month,45,100.85
9927-DSWDF,0.435856636785141,Medium Risk,Month-to-month,22,104.6
6961-VCPMC,0.43575055371437027,Medium Risk,Month-to-month,46,80.4
7159-FVYPK,0.4355101523304718,Medium Risk,Month-to-month,3,69.15
1866-OBPNR,0.4352385034774053,Medium Risk,Month-to-month,1,74.6
6075-SLNIL,0.43517039279124975,Medium Risk,Month-to-month,38,95.1
3452-ABWRL,0.4351195194442479,Medium Risk,Month-to-month,47,86.05
6635-CPNUN,0.4350099502855808,Medium Risk,Month-to-month,28,96.6
8982-NHAVY,0.43488027485075936,Medium Risk,One year,27,100.5
5697-GOMBF,0.4347985099982663,Medium Risk,Month-to-month,28,35.9
2209-XADXF,0.43453361366807614,Medium Risk,Month-to-month,1,25.25
4662-EKDPQ,0.43436674677744713,Medium Risk,Month-to-month,2,62.05
9278-VZKCD,0.43403042861132823,Medium Risk,Month-to-month,52,109.1
6180-YBIQI,0.43391170436571563,Medium Risk,Month-to-month,5,24.3
1101-SSWAG,0.43381211639464673,Medium Risk,Month-to-month,15,51.1
4840-ORQXB,0.43348931933209156,Medium Risk,Month-to-month,56,104.75
6825-UYPFK,0.43314796226620667,Medium Risk,Month-to-month,23,75.6
8496-EJAUI,0.4329208576445953,Medium Risk,Month-to-month,19,73.85
2606-RMDHZ,0.43281965112044923,Medium Risk,Month-to-month,6,30.5
9578-VRMNM,0.43245296226660024,Medium Risk,Month-to-month,16,65.2
0578-SKVMF,0.43236752891521923,Medium Risk,Month-to-month,22,83.3
6366-ZGQGL,0.4321219377280784,Medium Risk,Month-to-month,1,24.8
0637-UBJRP,0.43200958436332465,Medium Risk,Month-to-month,13,84.05
3791-LGQCY,0.43191841379245544,Medium Risk,Month-to-month,56,100.65
4201-JMNGR,0.4318984846990176,Medium Risk,Month-to-month,1,55.8
6988-CJEYV,0.43169394910756814,Medium Risk,Month-to-month,49,98.7
6416-YJTTB,0.4315059919026077,Medium Risk,Month-to-month,11,79.5
5461-QKNTN,0.4314881680191395,Medium Risk,Month-to-month,43,94.3
7481-ATQQS,0.4310870453166826,Medium Risk,Month-to-month,49,90.85
3891-PUQOD,0.4306278640595044,Medium Risk,Month-to-month,1,59.2
6543-CPZMK,0.43056227419626436,Medium Risk,Month-to-month,9,29.95
4526-ZJJTM,0.43055009870510647,Medium Risk,Month-to-month,25,88.4
4317-VTEOA,0.43050076873056486,Medium Risk,Month-to-month,1,50.75
1685-BQULA,0.43037969195638415,Medium Risk,Month-to-month,40,93.4
6217-TOWGS,0.4302995920584934,Medium Risk,Month-to-month,17,75.4
7504-UWHNB,0.43026651447711994,Medium Risk,Month-to-month,25,69.75
6599-RCLCJ,0.43005440631577213,Medium Risk,Month-to-month,47,109.55
2988-PLAHS,0.4288199822927854,Medium Risk,One year,3,69.95
4553-DVPZG,0.4285247369779822,Medium Risk,Month-to-month,62,101.35
5419-JKZNQ,0.42848913684802425,Medium Risk,Month-to-month,30,77.9
0177-PXBAT,0.4284016557711375,Medium Risk,Month-to-month,33,109.9
0118-JPNOY,0.4279953363958614,Medium Risk,Month-to-month,26,85.8
5868-CZJDR,0.42768257205361426,Medium Risk,Month-to-month,1,31.35
9286-DOJGF,0.4276130342584096,Medium Risk,Month-to-month,38,74.95
2506-CLAKW,0.42758476467402173,Medium Risk,Month-to-month,6,98.15
7798-JVXYM,0.4273628905867507,Medium Risk,Month-to-month,14,69.65
8058-DMYRU,0.42729359882478707,Medium Risk,Month-to-month,54,90.05
9369-XFEHK,0.4272021607919766,Medium Risk,Month-to-month,33,80.6
0277-BKSQP,0.4261264277054331,Medium Risk,Month-to-month,8,54.4
5302-BDJNT,0.42611062957627965,Medium Risk,Month-to-month,35,95.5
9026-RNUJS,0.4259811750023947,Medium Risk,Month-to-month,5,50.35
2573-GYRUU,0.42569740288950664,Medium Risk,Month-to-month,48,91.05
6233-HXJMX,0.4256491036822198,Medium Risk,Month-to-month,45,89.3
5828-AVIPD,0.4252890149056933,Medium Risk,One year,19,100.95
8313-KTIHG,0.4250263833800076,Medium Risk,Month-to-month,4,61.3
8064-RAVOH,0.42491383415351036,Medium Risk,Month-to-month,1,49.85
7389-KBFIT,0.4246633858039424,Medium Risk,Month-to-month,2,30.25
9699-UBQFS,0.42444678695343957,Medium Risk,Month-to-month,43,94.5
4680-KUTAJ,0.4238625560581211,Medium Risk,Month-to-month,11,55.6
8725-JEDFD,0.4238252362940336,Medium Risk,Month-to-month,27,69.05
9530-EHPOH,0.42371199389928965,Medium Risk,Month-to-month,11,53.75
8108-UXRQN,0.423507803456783,Medium Risk,Month-to-month,11,50.55
4660-IRIBM,0.42296584384776986,Medium Risk,Month-to-month,18,87.9
2347-WKKAE,0.42289180478421823,Medium Risk,Month-to-month,42,94.4
6927-WTFIV,0.42272030709826763,Medium Risk,Month-to-month,20,71.3
6711-VTNRE,0.4225627241931296,Medium Risk,Month-to-month,36,87.55
8665-UTDHZ,0.4225477349337979,Medium Risk,Month-to-month,1,30.2
2105-PHWON,0.4223716093023249,Medium Risk,Month-to-month,33,95.0
0003-MKNFE,0.4222957228096075,Medium Risk,Month-to-month,9,59.9
2378-VTKDH,0.42225615053161036,Medium Risk,Month-to-month,65,104.35
1310-QRITU,0.421695760892449,Medium Risk,Month-to-month,18,50.3
2640-PMGFL,0.42149221038648405,Medium Risk,Month-to-month,27,79.5
2070-FNEXE,0.42106304266511896,Medium Risk,Month-to-month,7,76.45
1785-BPHTP,0.4209615018018454,Medium Risk,Month-to-month,28,85.45
6135-OZQVA,0.4209061502641974,Medium Risk,Month-to-month,7,53.65
8280-MQRQN,0.4208138309552599,Medium Risk,Month-to-month,1,50.45
1660-HSOOQ,0.4205719548591108,Medium Risk,Month-to-month,1,49.65
2722-JMONI,0.4205198134380952,Medium Risk,Month-to-month,1,49.55
4570-QHXHL,0.4204043377122695,Medium Risk,Month-to-month,9,43.75
8167-GJLRN,0.42033585534571655,Medium Risk,Month-to-month,3,30.4
1518-VOWAV,0.41999552029950277,Medium Risk,Month-to-month,9,74.65
9626-WEQRM,0.41949966481297746,Medium Risk,Month-to-month,4,29.15
1855-AGAWH,0.41943305269933,Medium Risk,One year,31,93.8
0975-VOOVL,0.4192854354870963,Medium Risk,Month-to-month,3,29.2
4860-IJUDE,0.4189708540162573,Medium Risk,Month-to-month,13,73.75
8818-XYFCQ,0.4187881135982268,Medium Risk,Month-to-month,32,99.55
1833-TCXKK,0.41841346348354547,Medium Risk,Month-to-month,45,107.75
0280-XJGEX,0.4183511223743411,Medium Risk,Month-to-month,49,103.7
2921-XWDJH,0.41796421059305555,Medium Risk,Month-to-month,38,83.45
2085-BOJKI,0.41795705566732194,Medium Risk,One year,17,96.65
7752-XUSCI,0.4178792111156993,Medium Risk,Month-to-month,60,105.9
7627-JKIAZ,0.417861178651111,Medium Risk,Month-to-month,37,78.95
6429-SHBCB,0.4176740602978475,Medium Risk,Month-to-month,19,69.6
2792-LSHWX,0.41766396515147236,Medium Risk,Month-to-month,1,83.4
9214-EKVXR,0.41765941764356307,Medium Risk,Month-to-month,1,44.0
9574-RKJIF,0.4172927636879141,Medium Risk,Month-to-month,30,94.4
1025-FALIX,0.41726571303937643,Medium Risk,Month-to-month,26,69.05
0067-DKWBL,0.416185398287071,Medium Risk,Month-to-month,2,49.25
4361-JEIVL,0.41561161907600974,Medium Risk,Month-to-month,1,44.4
3780-YVMFA,0.4155651107531284,Medium Risk,Month-to-month,8,68.55
6862-CQUMB,0.4155647607593634,Medium Risk,Month-to-month,37,96.1
2884-GBPFB,0.41556433938828735,Medium Risk,Month-to-month,35,70.3
0475-RIJEP,0.4149148464621466,Medium Risk,Month-to-month,43,77.85
6595-COKXZ,0.41490113286781516,Medium Risk,Month-to-month,1,44.45
7277-OZCGZ,0.4142843877773077,Medium Risk,Month-to-month,22,89.05
0708-LGSMF,0.4142205663645245,Medium Risk,Month-to-month,13,65.85
2103-ZRXFN,0.41410241986764357,Medium Risk,Month-to-month,1,50.75
1478-VPOAD,0.4136650575754941,Medium Risk,Month-to-month,1,43.8
5649-RXQTV,0.41359408391079006,Medium Risk,Month-to-month,51,99.0
0365-GXEZS,0.41299936459982683,Medium Risk,Month-to-month,18,78.2
9505-SQFSW,0.41292597276263326,Medium Risk,Month-to-month,3,40.3
4343-EJVQB,0.4125968465135137,Medium Risk,Month-to-month,7,74.35
4950-BDEUX,0.41237887965356074,Medium Risk,Month-to-month,35,49.2
3569-EDBPQ,0.4123102335324458,Medium Risk,Month-to-month,24,84.35
5651-YLPRD,0.4121356268396546,Medium Risk,Month-to-month,32,86.1
4248-HCETZ,0.41189288329106005,Medium Risk,Month-to-month,30,79.65
8676-OOQEJ,0.41176966125095243,Medium Risk,Month-to-month,4,30.5
7663-RGWBC,0.41160223885747604,Medium Risk,Month-to-month,1,44.15
6946-LMSQS,0.4111943232542915,Medium Risk,One year,25,89.05
2683-BPJSO,0.41114757296631255,Medium Risk,Month-to-month,29,84.45
7682-AZNDK,0.4107837003342186,Medium Risk,Month-to-month,34,89.85
0082-LDZUE,0.41068616203994374,Medium Risk,Month-to-month,1,44.3
4931-TRZWN,0.410284199256335,Medium Risk,Month-to-month,13,71.95
3976-BWUCK,0.4100082167150034,Medium Risk,Month-to-month,30,94.1
4818-DRBQT,0.4098939026811278,Medium Risk,Month-to-month,29,80.15
7065-YUNRY,0.40970569528762135,Medium Risk,Month-to-month,1,45.3
2139-FQHLM,0.4095159041065995,Medium Risk,Month-to-month,19,89.95
6377-WHAOX,0.40943019776913825,Medium Risk,Month-to-month,60,106.15
3481-JHUZH,0.40919836798546527,Medium Risk,Month-to-month,41,80.25
5692-FPTAH,0.40909576653622265,Medium Risk,Month-to-month,1,45.4
2275-RBYQS,0.40909576653622265,Medium Risk,Month-to-month,1,45.4
2538-OIMXF,0.40904700630038376,Medium Risk,Month-to-month,1,24.7
0641-EVBOJ,0.40892081672346015,Medium Risk,Month-to-month,3,82.3
6394-MFYNG,0.4087899597460075,Medium Risk,Month-to-month,48,107.4
4905-JEFDW,0.4083080913871565,Medium Risk,One year,11,41.6
9940-HPQPG,0.407902707277507,Medium Risk,Month-to-month,9,91.75
1481-ZUWZA,0.4078691061782234,Medium Risk,Month-to-month,28,94.5
1942-OQFRW,0.4073207396111639,Medium Risk,Month-to-month,1,44.0
5515-AKOAJ,0.4072066112359307,Medium Risk,Month-to-month,54,100.1
1095-JUDTC,0.4071047398711092,Medium Risk,Month-to-month,47,95.05
8710-YGLWG,0.40702810347651963,Medium Risk,Month-to-month,1,44.9
5351-QESIO,0.4069794199492361,Medium Risk,Month-to-month,1,24.2
8950-MTZNV,0.4067237241296229,Medium Risk,Month-to-month,1,44.95
0380-NEAVX,0.40661369362404165,Medium Risk,One year,34,99.85
2232-DMLXU,0.406436923764812,Medium Risk,Month-to-month,1,55.2
5696-QURRL,0.4061151804821303,Medium Risk,Month-to-month,1,45.05
9828-AOQLM,0.40589433765213584,Medium Risk,Month-to-month,1,45.7
7272-QDCKA,0.4057647618110952,Medium Risk,One year,28,100.2
8785-CJSHH,0.4056929118099902,Medium Risk,Month-to-month,60,99.8
1612-EOHDH,0.405430330605928,Medium Risk,Month-to-month,1,45.15
4636-JGAAI,0.40518741899478755,Medium Risk,Month-to-month,34,88.85
5047-LHVLY,0.40496695368215824,Medium Risk,Month-to-month,1,50.15
1442-BQPVU,0.40493324642359735,Medium Risk,Month-to-month,13,29.15
5016-ETTFF,0.40489570711342204,Medium Risk,Month-to-month,10,29.5
4522-AKYLR,0.4047459412763608,Medium Risk,Month-to-month,13,54.8
3058-WQDRE,0.40455611187481827,Medium Risk,Month-to-month,13,25.15
8123-QBNAZ,0.4045042035906575,Medium Risk,Month-to-month,36,104.5
1910-FMXJM,0.4035982313071504,Medium Risk,Month-to-month,36,80.4
7233-DRTRF,0.4034500278374295,Medium Risk,Month-to-month,63,102.4
0320-JDNQG,0.40321210794661033,Medium Risk,Month-to-month,23,99.85
3566-HJGPK,0.4030768193552336,Medium Risk,Month-to-month,1,45.55
3415-TAILE,0.40276382964809415,Medium Risk,Month-to-month,2,65.7
9667-TKTVZ,0.402513722372468,Medium Risk,Month-to-month,2,54.35
6591-QGOYB,0.402381798267595,Medium Risk,Month-to-month,17,106.65
9117-SHLZX,0.4021667480618394,Medium Risk,Month-to-month,1,45.7
0887-HJGAR,0.4021667480618394,Medium Risk,Month-to-month,1,45.7
3278-FSIXX,0.4021155554889127,Medium Risk,Month-to-month,2,45.25
0397-GZBBC,0.4019036896091439,Medium Risk,Month-to-month,59,93.85
1728-BQDMA,0.40180059739425317,Medium Risk,Month-to-month,2,44.45
6218-KNUBD,0.4017385055143223,Medium Risk,Month-to-month,6,59.45
5133-POWUA,0.401560407696183,Medium Risk,Month-to-month,1,45.8
7825-GKXMW,0.4014840553112505,Medium Risk,Month-to-month,1,45.8
4237-RLAQD,0.40125735030249193,Medium Risk,Month-to-month,1,45.85
5839-SUYVZ,0.4011920910511599,Medium Risk,Month-to-month,16,74.55
2277-DJJDL,0.4009167677230716,Medium Risk,Month-to-month,60,99.0
7599-FKVXZ,0.4008732469536662,Medium Risk,Month-to-month,42,106.15
6080-TCMYC,0.40034321558939134,Medium Risk,Month-to-month,40,81.2
5896-NPFWW,0.40030250052748506,Medium Risk,Month-to-month,3,50.15
6029-CSMJE,0.40024312705017817,Medium Risk,Month-to-month,17,25.65
7729-JTEEC,0.40020674232148495,Medium Risk,Month-to-month,2,44.5
6317-YPKDH,0.4001649350495749,Medium Risk,Month-to-month,1,29.95
4446-BZKHU,0.4000885712762591,Medium Risk,Month-to-month,61,105.55
4727-MCYZG,0.3996587938084554,Low Risk,Month-to-month,1,55.55
5712-AHQNN,0.39962316234980205,Low Risk,Month-to-month,43,91.65
5552-ZNFSJ,0.39942885841780085,Low Risk,Month-to-month,1,45.3
1963-SVUCV,0.39942885841780085,Low Risk,Month-to-month,1,45.3
7758-XKCBS,0.39933757174267714,Low Risk,Month-to-month,15,29.7
5515-RUGKN,0.39931066069676974,Low Risk,Month-to-month,8,54.75
3932-IJWDZ,0.39928472719308644,Low Risk,Month-to-month,45,103.65
9584-EXCDZ,0.3991267765000437,Low Risk,Month-to-month,17,70.5
0064-YIJGF,0.39912182947946295,Low Risk,Month-to-month,27,75.75
3509-GWQGF,0.3989668813799291,Low Risk,Month-to-month,24,70.0
2195-ZRVAX,0.3988662309815963,Low Risk,Month-to-month,47,85.3
5046-NUHWD,0.39880618832517717,Low Risk,Month-to-month,29,45.0
1013-QCWAM,0.3986263014815923,Low Risk,Month-to-month,66,100.8
4671-LXRDQ,0.3985466477578814,Low Risk,Month-to-month,2,45.0
5365-LLFYV,0.3984822173453238,Low Risk,Month-to-month,2,45.85
3208-YPIOE,0.39827326746818204,Low Risk,Month-to-month,39,75.25
7529-ZDFXI,0.3978102082266053,Low Risk,Month-to-month,57,89.85
9112-WSNPU,0.39774089823933423,Low Risk,Month-to-month,35,70.55
8019-ENHXU,0.39741397333127976,Low Risk,Month-to-month,42,99.45
1343-EHPYB,0.3973939030500158,Low Risk,Month-to-month,63,103.4
5536-RTPWK,0.397369706686314,Low Risk,Month-to-month,49,99.05
2372-HWUHI,0.39732620899178617,Low Risk,Month-to-month,2,44.35
5981-ZVXOT,0.39708017669256257,Low Risk,One year,35,108.35
8149-AIQCG,0.39674903070259776,Low Risk,Month-to-month,39,73.15
8988-ECPJR,0.396710581025699,Low Risk,Month-to-month,34,79.6
7359-PTSXY,0.3967089524725168,Low Risk,Month-to-month,1,45.75
5419-KLXBN,0.39657570424967153,Low Risk,Month-to-month,25,89.15
0621-TWIEM,0.39641401715601216,Low Risk,Month-to-month,10,45.55
9722-UJOJR,0.39624417560177017,Low Risk,Month-to-month,29,70.75
4566-QVRRW,0.3958743987488055,Low Risk,Month-to-month,11,44.05
4468-KAZHE,0.39559228105310534,Low Risk,Month-to-month,20,60.0
1849-RJYIG,0.39554890421865735,Low Risk,Month-to-month,8,60.0
4537-DKTAL,0.39514974465911645,Low Risk,Month-to-month,2,45.55
5404-GGUKR,0.3951077023190856,Low Risk,Month-to-month,5,51.35
3845-JHAMY,0.3950785816548922,Low Risk,Month-to-month,16,35.5
8180-AKMJV,0.39482112233810207,Low Risk,Month-to-month,1,44.55
8631-WUXGY,0.3944899131423392,Low Risk,Month-to-month,46,99.8
3351-NGXYI,0.39346160443495354,Low Risk,Month-to-month,16,54.1
1216-JWVUX,0.3934454132993686,Low Risk,Month-to-month,25,75.5
0730-KOAVE,0.393359936997636,Low Risk,Month-to-month,30,94.3
0265-PSUAE,0.3930652868525425,Low Risk,Month-to-month,16,100.7
0374-IOEGQ,0.39305487862575483,Low Risk,Month-to-month,3,44.6
8806-EAGWC,0.3927968233885514,Low Risk,Month-to-month,3,55.15
9090-SGQXL,0.3927674917951683,Low Risk,Month-to-month,68,105.3
8096-LOIST,0.3926572114029321,Low Risk,Month-to-month,19,56.2
9462-MJUAW,0.3925957385520079,Low Risk,Month-to-month,4,50.4
3688-FTHLT,0.3922003598340031,Low Risk,Month-to-month,16,63.05
9210-IAHGH,0.3920028886739095,Low Risk,Month-to-month,7,70.75
5301-GAUUY,0.3919480746214469,Low Risk,Month-to-month,32,80.35
0410-IPFTY,0.39154729149040257,Low Risk,Month-to-month,31,83.85
0804-XBFBV,0.39149693080571735,Low Risk,Month-to-month,11,25.2
2037-XJFUP,0.3914964760839954,Low Risk,One year,33,95.8
0322-CHQRU,0.391301711354236,Low Risk,Month-to-month,2,45.35
4550-VBOFE,0.39129105623646543,Low Risk,Month-to-month,70,102.95
7547-EKNFS,0.3912298188517957,Low Risk,Month-to-month,42,95.25
4690-LLKUA,0.3906166566629101,Low Risk,Month-to-month,17,45.05
7929-DMBCV,0.390545013828716,Low Risk,Month-to-month,20,81.0
7876-BEUTG,0.3901617003384227,Low Risk,Month-to-month,15,48.8
5213-TWWJU,0.3900928831928073,Low Risk,Month-to-month,28,91.0
5673-TIYIB,0.3899717848799361,Low Risk,Month-to-month,2,40.4
1536-HBSWP,0.38976404416655647,Low Risk,Month-to-month,1,49.9
6133-OZILE,0.38975439065607875,Low Risk,Month-to-month,18,35.2
2960-NKRSO,0.38949051688822084,Low Risk,Month-to-month,24,85.95
9261-WDCAF,0.38944198642597433,Low Risk,Month-to-month,3,54.65
8158-WPEZG,0.38931093169731174,Low Risk,Month-to-month,11,35.65
5392-AKEMH,0.38885728246152673,Low Risk,Month-to-month,12,45.05
4976-LNFVV,0.3887879959068715,Low Risk,Month-to-month,19,34.3
9003-CPATH,0.38876297022849066,Low Risk,Month-to-month,42,79.9
0531-ZZJWQ,0.38868464577389306,Low Risk,Month-to-month,55,74.0
3716-UVSPD,0.38832898453767023,Low Risk,Month-to-month,1,49.3
0015-UOCOJ,0.3882964153512224,Low Risk,Month-to-month,7,48.2
1329-VHWNP,0.38823077229522196,Low Risk,Month-to-month,7,25.05
4193-ORFCL,0.38787866099336366,Low Risk,Month-to-month,1,45.1
4223-WOZCM,0.3877377408217166,Low Risk,Month-to-month,2,49.95
2894-QOJRX,0.38772651794710106,Low Risk,Month-to-month,25,34.0
4829-AUOAX,0.38737437361608884,Low Risk,Month-to-month,46,96.05
3192-LNKRK,0.3873549518864142,Low Risk,Month-to-month,34,84.05
5816-QVHRX,0.3869644894806371,Low Risk,Month-to-month,37,100.3
6745-JEFZB,0.3868997851109638,Low Risk,Month-to-month,35,91.5
9269-CQOOL,0.38681510664676416,Low Risk,Month-to-month,3,54.7
0324-BRPCJ,0.3866226529883462,Low Risk,Month-to-month,68,100.2
4607-CHPCA,0.3863691883310062,Low Risk,One year,25,90.4
8229-TNIQA,0.3861810985718241,Low Risk,Month-to-month,4,45.3
1670-SVOWZ,0.38609155600258416,Low Risk,Month-to-month,14,89.65
3014-WJKSM,0.3860560804444067,Low Risk,Month-to-month,29,75.3
2049-BAFNW,0.38587287239745544,Low Risk,Month-to-month,1,35.9
1323-OOEPC,0.38579598146172195,Low Risk,Month-to-month,53,98.4
7401-RUBNK,0.3857551214971327,Low Risk,Month-to-month,18,74.8
1907-YLNYW,0.3857364157015842,Low Risk,Month-to-month,8,66.7
9469-WEJBT,0.38572159707878845,Low Risk,Month-to-month,37,90.35
7030-NJVDP,0.38544419641222905,Low Risk,Month-to-month,24,89.25
8069-YQQAJ,0.3854307137417297,Low Risk,Month-to-month,14,31.1
8654-DHAOW,0.3852783756905633,Low Risk,Month-to-month,2,54.15
9637-EIHEQ,0.38437792966303097,Low Risk,Month-to-month,1,50.8
3082-VQXNH,0.38429129901373377,Low Risk,Month-to-month,3,29.8
2869-ADAWR,0.38427887694217533,Low Risk,Month-to-month,45,89.3
4329-YPDDQ,0.38422934935106046,Low Risk,Month-to-month,20,108.2
1373-ORVIZ,0.384226212268337,Low Risk,Month-to-month,11,66.35
2325-WINES,0.3841256328426505,Low Risk,One year,32,104.05
4918-QLLIW,0.3840827215806878,Low Risk,Month-to-month,3,53.4
7964-VEXDG,0.38345316788101447,Low Risk,Month-to-month,21,80.35
6650-VJONK,0.383338030315374,Low Risk,Month-to-month,1,43.85
8544-GOQSH,0.38333085518804777,Low Risk,Month-to-month,14,80.05
9281-PKKZE,0.3830849477334836,Low Risk,Month-to-month,46,43.95
4391-LNRXK,0.38293346090219177,Low Risk,Month-to-month,22,94.95
1355-KUSBG,0.38253927412737787,Low Risk,Month-to-month,7,48.8
2637-FKFSY,0.3824017975084706,Low Risk,Month-to-month,3,46.1
3961-SXAXY,0.3821461291032818,Low Risk,Month-to-month,1,44.05
4847-QNOKA,0.38208266573415417,Low Risk,Month-to-month,1,44.9
5175-AOBHI,0.38200391331338807,Low Risk,Month-to-month,4,46.0
1047-NNCBF,0.3810832946579814,Low Risk,Month-to-month,20,70.55
2014-MKGMH,0.38096769554582177,Low Risk,One year,46,101.1
4430-UZIPO,0.3809662272401069,Low Risk,Month-to-month,3,36.85
3005-TYFRD,0.38053771484429894,Low Risk,Month-to-month,55,103.65
5394-SVGJV,0.3803124643731668,Low Risk,Month-to-month,37,98.8
4959-JOSRX,0.37998328367328815,Low Risk,Month-to-month,2,44.6
5886-VLQVU,0.37983738558402225,Low Risk,Month-to-month,35,89.85
8623-ULFNQ,0.3798173054822314,Low Risk,Month-to-month,26,66.05
5934-TSSAU,0.379810189203602,Low Risk,Month-to-month,23,75.3
1816-FLZDK,0.37959799583133624,Low Risk,Month-to-month,1,29.15
9470-XCCEM,0.37956108092647267,Low Risk,Month-to-month,35,89.65
7927-AUXBZ,0.379277946238561,Low Risk,Month-to-month,30,85.15
7377-DMMRI,0.3789207837704253,Low Risk,Month-to-month,2,47.8
2604-IJPDU,0.3787944574123662,Low Risk,Month-to-month,20,96.55
6537-OTKMY,0.37878776944896675,Low Risk,One year,15,50.75
2108-XWMPY,0.37871069107021793,Low Risk,Month-to-month,3,35.45
2074-GUHPQ,0.3784911235136419,Low Risk,Month-to-month,17,92.7
5154-VEKBL,0.3784676808566154,Low Risk,Month-to-month,9,58.5
0089-IIQKO,0.377320543519925,Low Risk,Month-to-month,39,99.95
2208-UGTGR,0.37716931424495315,Low Risk,Month-to-month,56,98.6
1406-PUQVY,0.3769779394840744,Low Risk,Month-to-month,1,49.9
0856-NAOES,0.37679626952196815,Low Risk,Month-to-month,6,60.9
2207-QPJED,0.3764293932600544,Low Risk,Month-to-month,37,90.0
7112-OPOTK,0.3764079730178117,Low Risk,Month-to-month,33,68.25
6656-JWRQX,0.37627304741185674,Low Risk,Month-to-month,1,30.55
4678-DVQEO,0.37605600775807896,Low Risk,Month-to-month,1,52.2
4208-UFFGW,0.3760462616836766,Low Risk,Month-to-month,2,44.95
3926-CUQZX,0.3759121791041627,Low Risk,Month-to-month,1,45.1
9812-GHVRI,0.37583259684669995,Low Risk,Month-to-month,40,83.85
2720-FVBQP,0.3753884753182682,Low Risk,Month-to-month,6,48.95
1689-MRZQR,0.37506500784646163,Low Risk,Month-to-month,34,78.3
9332-GYWLO,0.3750214850357365,Low Risk,Month-to-month,6,54.85
6985-HAYWX,0.37474007129879433,Low Risk,Month-to-month,26,79.3
5424-RLQLC,0.37455386338155,Low Risk,Month-to-month,10,59.65
4760-THGOT,0.37439433256672555,Low Risk,Month-to-month,43,94.1
5146-CBVOE,0.3739646450519764,Low Risk,Month-to-month,16,75.1
4065-JJAVA,0.3739143678694281,Low Risk,Month-to-month,1,49.5
4471-KXAUH,0.3736808071191732,Low Risk,Month-to-month,42,84.3
0106-GHRQR,0.37354023500168093,Low Risk,Month-to-month,16,71.4
3733-LSYCE,0.3734734283467722,Low Risk,Month-to-month,15,75.35
7841-TZDMQ,0.37341876127700363,Low Risk,Month-to-month,2,46.0
0836-SEYLU,0.37315895466515275,Low Risk,Month-to-month,9,40.65
1862-SKORY,0.3729168012013419,Low Risk,Month-to-month,40,39.3
9445-SZLCH,0.37248940397347946,Low Risk,Month-to-month,36,97.35
0274-JKUJR,0.3723770920492805,Low Risk,Month-to-month,7,58.85
4821-SJHJV,0.3722370101142808,Low Risk,Month-to-month,32,89.6
0701-RFGFI,0.3718288958737272,Low Risk,Month-to-month,49,95.4
5707-ORNDZ,0.3717993221792776,Low Risk,Month-to-month,9,54.55
7064-FRRSW,0.37159939489514465,Low Risk,One year,48,99.0
5172-MIGPM,0.37141637638300423,Low Risk,Month-to-month,4,65.55
1471-GIQKQ,0.371260799642551,Low Risk,Month-to-month,1,49.95
1703-MGIAB,0.3712479949345051,Low Risk,Month-to-month,17,69.0
3956-CJUST,0.37113242008780056,Low Risk,Month-to-month,23,75.4
0363-QJVFX,0.370768141556979,Low Risk,Month-to-month,32,108.15
8124-NZVGJ,0.37071003517088813,Low Risk,One year,6,49.25
1226-UDFZR,0.37069661414148014,Low Risk,Month-to-month,2,49.6
9631-XEYKE,0.3706795321056724,Low Risk,Month-to-month,3,50.4
1845-ZLLIG,0.3701579876985307,Low Risk,Month-to-month,1,50.15
2455-USLMV,0.3701072799837329,Low Risk,Month-to-month,31,84.75
6987-XQSJT,0.37005383127946184,Low Risk,Month-to-month,54,79.5
5999-LCXAO,0.36960963642902006,Low Risk,Month-to-month,1,29.9
8468-EHYJA,0.36916389470285216,Low Risk,Month-to-month,57,99.65
5349-AZPEW,0.36906890934763786,Low Risk,Month-to-month,5,25.05
3446-QDSZF,0.36893407799488726,Low Risk,Month-to-month,4,55.5
1469-LBJQJ,0.3684714263884744,Low Risk,Month-to-month,66,105.2
3814-MLAXC,0.3684386296514246,Low Risk,Month-to-month,31,79.85
2359-KLTEK,0.3683346552842596,Low Risk,Month-to-month,41,94.9
5568-DMXZS,0.36830971076915947,Low Risk,Month-to-month,8,65.45
5924-IFQTT,0.36784325536814144,Low Risk,Month-to-month,13,72.8
6689-KXGBO,0.3677347789014854,Low Risk,Month-to-month,1,50.55
5536-SLHPM,0.3675217752035988,Low Risk,Month-to-month,55,77.75
8773-HHUOZ,0.3675114451191731,Low Risk,Month-to-month,17,64.7
5816-SCGFC,0.36736386583108366,Low Risk,Month-to-month,7,51.3
3583-KRKMD,0.36706551755691286,Low Risk,Month-to-month,18,75.9
1635-FJFCC,0.36692601416111237,Low Risk,Month-to-month,5,44.05
0260-ZDLGK,0.3667579440331707,Low Risk,Month-to-month,9,72.9
1465-LNTLJ,0.36671656574688394,Low Risk,Month-to-month,8,64.4
8384-FZBJK,0.366375645839382,Low Risk,Month-to-month,57,100.6
9408-HRXRK,0.3661964464485531,Low Risk,Month-to-month,45,105.15
1307-TVUFB,0.3660915471250174,Low Risk,Month-to-month,42,79.35
6227-HWPWX,0.36590592362288943,Low Risk,Month-to-month,15,69.0
9526-BIHHD,0.3658598757138088,Low Risk,Month-to-month,1,29.7
2100-BDNSN,0.36585367475421143,Low Risk,Month-to-month,5,67.95
3787-TRIAL,0.36559002783603156,Low Risk,Month-to-month,21,26.05
6923-EFPNL,0.36556365070083197,Low Risk,Month-to-month,4,51.75
9348-YVOMK,0.3652192625342405,Low Risk,Month-to-month,4,44.8
5027-XWQHA,0.3640897401448192,Low Risk,Month-to-month,6,44.75
3426-NIYYL,0.36385626147945205,Low Risk,Month-to-month,15,51.55
4320-QMLLA,0.36379001925399057,Low Risk,Month-to-month,7,54.85
6845-RGTYS,0.36370999868491927,Low Risk,Month-to-month,47,98.75
4450-YOOHP,0.3635867958461359,Low Risk,Month-to-month,39,50.65
0727-BMPLR,0.3635304714192405,Low Risk,One year,55,100.0
6859-RKMZJ,0.3633753088156125,Low Risk,Month-to-month,11,55.05
9412-GHEEC,0.36305559451661595,Low Risk,Month-to-month,40,104.8
8751-EDEKA,0.3628271028592465,Low Risk,Month-to-month,28,89.9
2011-TRQYE,0.36280311964693507,Low Risk,Month-to-month,18,33.5
8887-IPQNC,0.3627038635630126,Low Risk,Month-to-month,7,44.25
3162-KKZXO,0.3626554420557472,Low Risk,One year,55,100.15
3023-GFLBR,0.3626469925467037,Low Risk,Month-to-month,33,86.15
4109-CYRBD,0.3621224397831481,Low Risk,Month-to-month,29,51.6
3237-AJGEH,0.3620621943000283,Low Risk,Month-to-month,3,31.0
0533-BNWKF,0.3617713769027295,Low Risk,Month-to-month,55,85.45
9992-UJOEL,0.36168458270315684,Low Risk,Month-to-month,2,50.3
6876-ADESB,0.3616321484000686,Low Risk,Month-to-month,1,48.95
0463-ZSDNT,0.36145358738158234,Low Risk,Month-to-month,10,56.75
2207-NHRJK,0.36136925766112693,Low Risk,Month-to-month,1,50.8
4801-JZAZL,0.3609989781027251,Low Risk,Month-to-month,11,29.6
2040-VZIKE,0.36099575837081105,Low Risk,Month-to-month,49,100.85
9170-CCKOU,0.36081809558889216,Low Risk,Month-to-month,17,90.2
7950-XWOVN,0.3608083647761338,Low Risk,Month-to-month,11,34.7
4824-GUCBY,0.3607177073497139,Low Risk,Month-to-month,22,81.7
2101-RANCD,0.36061517484706024,Low Risk,Month-to-month,55,73.1
0295-QVKPB,0.36036229323661595,Low Risk,Month-to-month,5,63.95
6771-XWBDM,0.36027233327595143,Low Risk,Month-to-month,57,104.5
9909-IDLEK,0.3595314496104545,Low Risk,Month-to-month,20,96.8
5968-VXZLG,0.3595055752091698,Low Risk,Month-to-month,2,46.6
2115-BFTIW,0.35941587217880633,Low Risk,Month-to-month,25,70.95
1728-CXQBE,0.3591420737545694,Low Risk,Month-to-month,64,94.25
5433-KYGHE,0.3590319289071664,Low Risk,Month-to-month,14,86.0
5156-UMKOW,0.3586824308375943,Low Risk,Month-to-month,3,29.65
4657-FWVFY,0.3583627143301434,Low Risk,Month-to-month,40,96.35
6633-MPWBS,0.3582960072846036,Low Risk,Month-to-month,5,49.2
2718-GAXQD,0.3582784106379302,Low Risk,Month-to-month,4,46.0
1559-DTODC,0.35825651097990846,Low Risk,Month-to-month,19,25.15
0822-QGCXA,0.35822979711881264,Low Risk,Month-to-month,27,83.85
6789-HJBWG,0.35785422902146036,Low Risk,Month-to-month,12,49.4
7075-BNDVQ,0.3577614887455751,Low Risk,Month-to-month,4,35.0
5939-XAIXZ,0.3575377996054329,Low Risk,Month-to-month,19,56.1
2378-HTWFW,0.3573436473264337,Low Risk,Month-to-month,35,91.0
3707-LRWZD,0.35722452055782355,Low Risk,One year,32,84.05
2272-UOINI,0.3570051464936127,Low Risk,Month-to-month,7,78.5
9732-EQMWY,0.3567595935145659,Low Risk,Month-to-month,49,99.4
7743-EXURX,0.3564987382018511,Low Risk,Month-to-month,8,51.05
6304-IJFSQ,0.3564726516877048,Low Risk,Month-to-month,3,49.9
4226-KKDON,0.3564241902175741,Low Risk,Month-to-month,8,66.65
0319-QZTCO,0.3562175891962544,Low Risk,Month-to-month,3,58.7
1049-FYSYG,0.35615945747242805,Low Risk,Month-to-month,17,35.65
2712-SYWAY,0.3560588180922363,Low Risk,Month-to-month,1,25.7
8178-EYZUO,0.35567746484191304,Low Risk,Month-to-month,46,93.7
2770-NSVDG,0.3554884020647221,Low Risk,Month-to-month,24,29.1
3097-NNSPB,0.3552172890873925,Low Risk,Month-to-month,2,49.05
9659-QEQSY,0.35453373729604776,Low Risk,Month-to-month,45,115.65
2474-LCNUE,0.354522194360029,Low Risk,Month-to-month,23,73.65
2157-MXBJS,0.35425117805751294,Low Risk,One year,13,75.3
1205-WNWPJ,0.35419000540729323,Low Risk,Month-to-month,7,59.5
2452-KDRRH,0.3541374944788866,Low Risk,Month-to-month,67,101.4
1258-YMZNM,0.3537775857007896,Low Risk,One year,27,110.5
1767-TGTKO,0.35347072551822023,Low Risk,Month-to-month,8,45.45
0541-FITGH,0.35343964348804746,Low Risk,Month-to-month,2,62.15
2842-BCQGE,0.3530923974914784,Low Risk,Month-to-month,43,75.35
3413-BMNZE,0.3527848830494698,Low Risk,Month-to-month,1,45.25
8329-UTMVM,0.35277847077565727,Low Risk,One year,27,104.65
9626-VFRGG,0.3522593081273915,Low Risk,Month-to-month,41,88.5
0943-ZQPXH,0.3521590101229401,Low Risk,Month-to-month,44,92.95
2219-MVUSO,0.3516644442084749,Low Risk,Month-to-month,8,45.15
7975-TZMLR,0.35145615794164925,Low Risk,One year,47,103.1
1644-IRKSF,0.3512769001443894,Low Risk,One year,33,93.8
1750-CSKKM,0.3511014300188984,Low Risk,Month-to-month,9,55.35
4220-TINQT,0.350870784488009,Low Risk,Month-to-month,61,106.35
0585-EGDDA,0.3502966567678658,Low Risk,Month-to-month,40,80.0
8399-YNDCH,0.35028251129771304,Low Risk,Month-to-month,21,60.05
6313-GIDIT,0.3502204799270031,Low Risk,Month-to-month,53,54.45
5522-JBWMO,0.3499905042943013,Low Risk,Month-to-month,1,44.0
3085-QUOZK,0.34989872390452736,Low Risk,Month-to-month,1,43.95
6641-XRPSU,0.34981120896777906,Low Risk,Month-to-month,34,70.0
8327-LZKAS,0.349744978810674,Low Risk,One year,43,107.55
0422-UXFAP,0.34957658399796643,Low Risk,One year,51,98.85
3144-AUDBS,0.3494175894285109,Low Risk,Month-to-month,6,49.15
5099-BAILX,0.34859614426349517,Low Risk,Month-to-month,43,110.75
3589-PPVKW,0.34852046190308494,Low Risk,Month-to-month,9,44.4
0282-NVSJS,0.3484362149130478,Low Risk,Month-to-month,12,29.3
1215-VFYVK,0.34821464992986134,Low Risk,Month-to-month,4,48.25
0823-HSCDJ,0.3481234611124515,Low Risk,Month-to-month,52,49.15
9233-PSYHO,0.3477423696952979,Low Risk,One year,45,100.15
0415-MOSGF,0.3473210407256179,Low Risk,Month-to-month,1,44.4
1596-BBVTG,0.34707230659491667,Low Risk,Month-to-month,35,75.35
1421-HCERK,0.3467302457367518,Low Risk,Month-to-month,30,105.7
5977-CKHON,0.3467198351745842,Low Risk,Month-to-month,43,92.55
6173-GOLSU,0.34641864135831374,Low Risk,Month-to-month,67,94.65
8404-FYDIB,0.3462254285806325,Low Risk,Month-to-month,26,86.65
1396-QWFBJ,0.3460050981826926,Low Risk,Month-to-month,21,74.05
2189-UXTKY,0.3457821563161395,Low Risk,Month-to-month,22,79.2
6896-SRVYQ,0.3456358662792151,Low Risk,Month-to-month,44,73.85
0420-BWTPW,0.345603942796397,Low Risk,Month-to-month,8,25.5
3804-RVTGV,0.34555746569767953,Low Risk,Month-to-month,50,103.85
2672-OJQZP,0.34532233638528725,Low Risk,Month-to-month,1,44.75
3898-GUYTS,0.34529949143245786,Low Risk,Month-to-month,45,97.05
9373-WSLOY,0.34526005264134646,Low Risk,Month-to-month,33,50.0
3946-MHCZW,0.34517553039881466,Low Risk,Month-to-month,1,50.9
4282-ACRXS,0.3449845270885607,Low Risk,Month-to-month,38,24.85
3164-AALRN,0.34492075692272817,Low Risk,One year,5,70.0
5522-NYKPB,0.344889843739848,Low Risk,Month-to-month,25,85.9
4067-HLYQI,0.34479011807787285,Low Risk,Month-to-month,33,70.4
3658-KIBGF,0.34475778775182264,Low Risk,Month-to-month,1,54.9
0310-MVLET,0.3447564436173058,Low Risk,Month-to-month,61,99.15
1928-BXYIV,0.3442993975405966,Low Risk,Month-to-month,1,61.15
6410-LEFEN,0.34416550251650924,Low Risk,Month-to-month,9,45.15
0311-QYWSS,0.3439977631911781,Low Risk,Month-to-month,6,49.45
0999-QXNSA,0.34391361780523305,Low Risk,Month-to-month,7,45.75
9921-EZKBY,0.3436720228501219,Low Risk,Month-to-month,33,95.3
7641-EUYET,0.3432835381139254,Low Risk,Month-to-month,46,100.7
7252-NTGSS,0.34304478138631106,Low Risk,Month-to-month,1,45.15
0407-BDJKB,0.3426437546159968,Low Risk,Month-to-month,60,95.75
6982-SSHFK,0.3425370464325877,Low Risk,Month-to-month,1,44.4
3018-TFTSU,0.34247168582338944,Low Risk,Month-to-month,12,81.7
2436-QBZFP,0.3424097660043967,Low Risk,Month-to-month,22,39.2
5858-EAFCZ,0.34225305830219177,Low Risk,Month-to-month,1,44.45
6582-OIVSP,0.3421925507748666,Low Risk,Month-to-month,1,45.3
0811-GSDTP,0.3420425225369644,Low Risk,Month-to-month,13,30.15
5173-WXOQV,0.3419111560276648,Low Risk,Month-to-month,2,64.2
7754-IXRMC,0.3419086997260643,Low Risk,Month-to-month,1,45.35
8535-SFUTN,0.34180287666368475,Low Risk,Month-to-month,61,106.45
1432-FPAXX,0.34142158505407305,Low Risk,Month-to-month,29,30.6
4146-SVFUD,0.3414017724404874,Low Risk,Month-to-month,1,44.6
3923-CSIHK,0.34102507820191386,Low Risk,Month-to-month,50,71.05
2460-FPSYH,0.3407686976602351,Low Risk,Month-to-month,40,55.8
6625-UTXEW,0.34076520345231337,Low Risk,Month-to-month,12,51.25
6439-GTPCA,0.3406149806718465,Low Risk,Month-to-month,45,87.25
2903-YYTBW,0.34040623570821976,Low Risk,Month-to-month,1,44.55
0867-LDTTC,0.34004677755137735,Low Risk,Month-to-month,5,75.15
7248-VZQLC,0.33996661607985473,Low Risk,Month-to-month,47,85.2
4183-WCSEP,0.3395986600182831,Low Risk,Month-to-month,31,78.45
6288-LBEAR,0.3395554294193919,Low Risk,Month-to-month,23,79.1
4480-MBMLB,0.3392275559492862,Low Risk,One year,36,104.8
7147-AYBAA,0.33911198337668014,Low Risk,Month-to-month,37,70.35
1142-WACZW,0.33910717958783937,Low Risk,Month-to-month,2,29.85
9776-CLUJA,0.33897749427627427,Low Risk,Month-to-month,51,77.5
2833-SLKDQ,0.3388540584357474,Low Risk,Month-to-month,1,45.05
6202-DYYFX,0.33862721129420387,Low Risk,One year,22,76.0
7905-TVXTA,0.3386050807370673,Low Risk,Month-to-month,5,64.35
7054-LGEQW,0.33851135970321783,Low Risk,Month-to-month,1,45.95
4523-WXCEF,0.3384493594236578,Low Risk,Month-to-month,59,101.1
8623-TMRBY,0.3384061192709171,Low Risk,Month-to-month,51,84.2
8799-OXZMD,0.3382388543960068,Low Risk,Month-to-month,28,29.75
3694-DELSO,0.3380990574625489,Low Risk,Month-to-month,4,38.55
3165-HDOEW,0.33787308815457856,Low Risk,Month-to-month,1,45.85
2257-BOVXD,0.3375337275678708,Low Risk,Month-to-month,14,66.6
9873-MNDKV,0.3371195915524532,Low Risk,Month-to-month,11,44.65
9819-FBNSV,0.33691291846381505,Low Risk,Month-to-month,37,72.25
3692-JHONH,0.3368870489425961,Low Risk,One year,52,106.5
3349-ANQNH,0.33661644177873085,Low Risk,One year,59,99.5
9089-UOWJG,0.33645690362667463,Low Risk,Month-to-month,12,58.35
0481-SUMCB,0.33638887053669275,Low Risk,One year,45,102.15
0257-ZESQC,0.3358608606791441,Low Risk,Month-to-month,27,75.2
9244-ZVAPM,0.33575283158910846,Low Risk,Month-to-month,1,45.6
6538-POCHL,0.3357002327670428,Low Risk,Month-to-month,33,79.0
3945-GFWQL,0.3354730217306235,Low Risk,Month-to-month,12,44.55
2985-JUUBZ,0.33484548378561585,Low Risk,Month-to-month,40,74.55
3521-SYVOR,0.3344743856328925,Low Risk,Month-to-month,37,64.75
3132-TVFDZ,0.3344329688781848,Low Risk,Month-to-month,57,44.85
1541-ETJZO,0.3339507049640107,Low Risk,Month-to-month,1,62.05
4081-DYXAV,0.333890774198566,Low Risk,One year,19,44.85
4432-ADRLB,0.33379907687616167,Low Risk,Month-to-month,2,44.65
6168-YBYNP,0.33373265238724253,Low Risk,Month-to-month,59,111.35
8242-JSVBO,0.3335867884606307,Low Risk,Month-to-month,7,44.65
7693-QPEFS,0.3335641237257611,Low Risk,Month-to-month,52,72.95
6172-FECYY,0.33340063822249927,Low Risk,Month-to-month,49,84.5
8257-RZAHR,0.3329458261083971,Low Risk,Month-to-month,14,64.7
2027-OAQQC,0.3328738830245684,Low Risk,Month-to-month,43,49.05
6726-WEXXK,0.33275079631840193,Low Risk,One year,27,85.9
3808-HFKDE,0.3326203516863843,Low Risk,Month-to-month,20,44.35
2853-CWQFQ,0.33238631949364994,Low Risk,Month-to-month,1,59.55
6360-SVNWV,0.33230145104466374,Low Risk,Month-to-month,31,73.55
2235-ZGKPT,0.33200053166197147,Low Risk,Month-to-month,4,50.85
9688-YGXVR,0.3319945055855613,Low Risk,Month-to-month,44,88.15
4439-YRNVD,0.3318584669449498,Low Risk,Month-to-month,10,36.25
7593-XFKDI,0.33182623666780625,Low Risk,Month-to-month,1,46.3
1895-QTKDO,0.331742932062698,Low Risk,Month-to-month,1,43.95
7909-FIOIY,0.33156143679089817,Low Risk,Month-to-month,19,24.85
5118-MUEYH,0.33086084395390786,Low Risk,Month-to-month,48,105.1
3503-TYDAY,0.3307082879450797,Low Risk,Month-to-month,43,80.45
8660-BUETV,0.33067384308485065,Low Risk,Month-to-month,3,44.75
3873-NFTGI,0.33009674933147176,Low Risk,Month-to-month,14,55.5
9174-FKWZE,0.33009502477948544,Low Risk,Month-to-month,1,19.45
4307-KWMXE,0.3299631919344044,Low Risk,Month-to-month,10,35.75
1552-AAGRX,0.32994265748846935,Low Risk,Month-to-month,30,106.4
5402-HTOTQ,0.32985542346141195,Low Risk,Month-to-month,16,55.3
2873-ZLIWT,0.32984495640443123,Low Risk,Month-to-month,40,84.85
7850-VWJUU,0.32970330788975283,Low Risk,Month-to-month,23,75.0
3173-NVMPX,0.329692994369573,Low Risk,Month-to-month,9,55.3
9415-TPKRV,0.3296698325915372,Low Risk,Month-to-month,8,55.75
2826-DXLQO,0.3294078693136606,Low Risk,Month-to-month,7,29.8
3258-SANFR,0.3291936429197142,Low Risk,Month-to-month,6,44.7
3606-SBKRY,0.32905188858340995,Low Risk,One year,31,50.05
4819-HJPIW,0.32895104981917184,Low Risk,Month-to-month,18,25.15
6234-PFPXL,0.3289428451261406,Low Risk,Month-to-month,22,95.9
0013-MHZWF,0.32863849298614795,Low Risk,Month-to-month,9,69.4
7594-LZNWR,0.3283402958342595,Low Risk,Month-to-month,34,69.15
0178-SZBHO,0.3277631020768005,Low Risk,Month-to-month,47,87.2
0980-PVMRC,0.327177973429517,Low Risk,Month-to-month,40,50.85
0587-DMGBH,0.3271522466480382,Low Risk,Month-to-month,8,49.85
1501-SGHBW,0.3271018221725795,Low Risk,Month-to-month,2,45.85
1956-YIFGE,0.32698323573635957,Low Risk,One year,22,100.05
8679-JOEVF,0.3269487036741408,Low Risk,Month-to-month,16,59.4
4989-LIXVT,0.3267039841910493,Low Risk,Month-to-month,68,95.9
5485-WUYWF,0.3266948709875674,Low Risk,Month-to-month,2,66.4
1169-WCVAK,0.3266825459405929,Low Risk,Month-to-month,19,88.8
1427-VERSM,0.32657607199478234,Low Risk,Month-to-month,56,98.7
7459-RRWQZ,0.32639448366774637,Low Risk,Month-to-month,15,64.65
8775-CEBBJ,0.32630237601994366,Low Risk,Month-to-month,9,44.2
5649-TJHOV,0.3253285399397038,Low Risk,Month-to-month,27,36.5
4280-DLSHD,0.32528123994302016,Low Risk,Month-to-month,8,54.75
9774-NRNAU,0.32468413762647425,Low Risk,Month-to-month,27,84.8
2479-BRAMR,0.32384733984859004,Low Risk,Month-to-month,41,83.75
9396-ZSFLL,0.3238246312565253,Low Risk,Month-to-month,15,48.85
5628-RKIFK,0.3236381417511286,Low Risk,Month-to-month,49,101.55
2320-SLKMB,0.32340095850347667,Low Risk,Month-to-month,26,44.45
6142-VSJQO,0.32313497577763645,Low Risk,Month-to-month,1,44.35
2045-BMBTJ,0.3230882056425678,Low Risk,Month-to-month,33,59.45
9681-KYGYB,0.3228629118633525,Low Risk,Month-to-month,49,88.2
7916-VCCPB,0.32275563718456524,Low Risk,Month-to-month,16,73.25
7733-UDMTP,0.3226281701085974,Low Risk,Month-to-month,57,55.0
6599-CEBNN,0.32249036667663883,Low Risk,Month-to-month,34,73.95
6847-KJLTS,0.3223906538252619,Low Risk,Month-to-month,58,100.4
5149-TGWDZ,0.32237929850624114,Low Risk,One year,21,104.55
7669-LCRSD,0.32225766815974244,Low Risk,Month-to-month,12,56.3
4061-UKJWL,0.32213673685805466,Low Risk,Month-to-month,3,45.45
1357-MVDOZ,0.3218790254487593,Low Risk,Month-to-month,11,59.65
7251-LJBQN,0.3218556044548425,Low Risk,One year,40,103.75
0322-YINQP,0.3214362087922307,Low Risk,Month-to-month,1,48.55
4720-VSTSI,0.32138872357688886,Low Risk,Month-to-month,44,84.8
6599-GZWCM,0.3212789394965004,Low Risk,One year,13,74.65
7579-OOPEC,0.32113471047374936,Low Risk,Month-to-month,2,50.15
0929-PECLO,0.3210385987801442,Low Risk,Month-to-month,63,89.6
2181-UAESM,0.3209625228516362,Low Risk,Month-to-month,2,53.45
6145-NNPNO,0.3207874882734568,Low Risk,Month-to-month,1,44.15
7576-JMYWV,0.32073631551805304,Low Risk,Month-to-month,46,110.2
3580-REOAC,0.32071982656529247,Low Risk,Month-to-month,10,44.85
9481-SFCQY,0.3202451863148611,Low Risk,Month-to-month,14,59.8
8286-AFUYI,0.32005160220864826,Low Risk,Month-to-month,1,47.95
7878-JGDKK,0.31994952628398254,Low Risk,Month-to-month,4,44.55
0348-SDKOL,0.3191917381304846,Low Risk,Month-to-month,58,102.1
7207-RMRDB,0.31915908050429886,Low Risk,Month-to-month,65,105.5
5882-CMAZQ,0.31903434254523677,Low Risk,Month-to-month,5,34.25
5055-MGMGF,0.3190241634896749,Low Risk,Month-to-month,65,105.05
2360-RDGRO,0.31880858959158187,Low Risk,Month-to-month,65,104.25
9767-FFLEM,0.31878138309120413,Low Risk,Month-to-month,38,69.5
4987-GQWPO,0.31869774595963624,Low Risk,Month-to-month,17,25.1
3859-CVCET,0.3185205922610181,Low Risk,Month-to-month,4,45.65
7766-CLTIC,0.3181774673208088,Low Risk,Month-to-month,10,60.95
1216-BGTSP,0.31787112888225577,Low Risk,Month-to-month,45,108.45
7596-LDUXP,0.317827403997055,Low Risk,One year,12,85.15
9822-WMWVG,0.3178232661473118,Low Risk,Month-to-month,41,106.5
8749-JMNKX,0.31778968091202997,Low Risk,Month-to-month,51,93.8
2027-WKXMW,0.31776327216311717,Low Risk,Month-to-month,63,108.75
3466-WAESX,0.3175446524259249,Low Risk,Month-to-month,16,69.1
3016-KSVCP,0.3174697008401606,Low Risk,Month-to-month,29,33.75
6578-KRMAW,0.31745754192311887,Low Risk,Month-to-month,32,93.4
9137-UIYPG,0.31735559719503736,Low Risk,Month-to-month,35,106.9
2480-SQIOB,0.3173445604756331,Low Risk,Month-to-month,4,44.8
4143-HHPMK,0.31728392683074447,Low Risk,Month-to-month,52,85.35
3207-OYBWH,0.3169883332440347,Low Risk,Month-to-month,57,95.25
9448-REEVD,0.31670977303460285,Low Risk,Month-to-month,1,44.7
8344-WFMFH,0.31662248002119997,Low Risk,Month-to-month,9,50.1
8807-ARQET,0.316614564345373,Low Risk,Month-to-month,41,40.35
1550-LOAHA,0.3165928718418304,Low Risk,Month-to-month,32,84.15
5493-SDRDQ,0.31659088580919265,Low Risk,Month-to-month,2,55.1
5141-ZUVBH,0.3165750082923596,Low Risk,Month-to-month,9,93.0
0924-BJCRC,0.3165001785225694,Low Risk,Month-to-month,60,89.45
5133-VRSAB,0.3164032911375802,Low Risk,Month-to-month,8,29.35
5527-ACHSO,0.31624738221903376,Low Risk,Month-to-month,11,70.5
6143-JQKEA,0.31552162099149106,Low Risk,Month-to-month,10,45.8
4983-CLMLV,0.3154629027571228,Low Risk,Month-to-month,52,102.7
8016-NCFVO,0.31498853001546756,Low Risk,Month-to-month,55,116.5
9780-FKVVF,0.31485999351298155,Low Risk,Month-to-month,6,59.15
5575-TPIZQ,0.3148476009937544,Low Risk,Month-to-month,46,89.15
0080-OROZO,0.3147991977156045,Low Risk,One year,35,99.25
3669-OYSJI,0.3146988052372035,Low Risk,Month-to-month,1,46.2
5371-VYLSX,0.3146953704048685,Low Risk,Month-to-month,50,83.4
1564-HJUVY,0.3144690692333156,Low Risk,Month-to-month,4,63.75
0734-OXWBT,0.31444472762991277,Low Risk,Month-to-month,3,70.7
9919-YLNNG,0.3141377633958723,Low Risk,Month-to-month,42,103.8
7271-AJDTL,0.3139799746074118,Low Risk,Month-to-month,55,94.45
1891-FZYSA,0.31361652488371305,Low Risk,Month-to-month,69,89.95
5201-USSQZ,0.3135642265544131,Low Risk,Month-to-month,26,85.9
7041-TXQJH,0.3134938924260314,Low Risk,Month-to-month,37,40.2
4958-GZWIY,0.3128275820312059,Low Risk,Month-to-month,7,48.7
9862-KJTYK,0.31276687459723335,Low Risk,Month-to-month,19,25.35
4558-FANTW,0.3127182779071984,Low Risk,Month-to-month,17,91.85
4007-NHVHI,0.3126889886534784,Low Risk,Month-to-month,56,96.85
0374-AACSZ,0.3126288428135279,Low Risk,Month-to-month,1,50.15
6549-NNDYT,0.31260459290726783,Low Risk,Month-to-month,13,30.85
9079-YEXQJ,0.31248169139891835,Low Risk,Month-to-month,54,111.1
5018-GWURO,0.3124508824618445,Low Risk,Month-to-month,56,85.6
4080-OGPJL,0.31234924983132906,Low Risk,Month-to-month,8,71.15
7486-KSRVI,0.31211132867931285,Low Risk,One year,43,100.0
5778-BVOFB,0.3117883633885984,Low Risk,Month-to-month,9,59.5
2240-HSJQD,0.31178348450819704,Low Risk,Month-to-month,38,81.85
1357-BIJKI,0.3115888269882126,Low Risk,One year,50,98.25
1587-FKLZB,0.31156903968867955,Low Risk,Month-to-month,66,99.5
2684-EIWEO,0.3114652837450382,Low Risk,Month-to-month,30,91.7
4554-YGZIH,0.31135408393694597,Low Risk,Month-to-month,49,90.05
4640-UHDOS,0.3112371543753077,Low Risk,Month-to-month,13,55.95
5686-CMAWK,0.3106607547522829,Low Risk,One year,17,86.75
3761-FLYZI,0.31064826752631436,Low Risk,Month-to-month,65,108.8
7312-XSBAT,0.3102522345405977,Low Risk,Month-to-month,1,49.75
7130-YXBRO,0.3100946310449775,Low Risk,Month-to-month,48,111.45
6888-SBYAI,0.3097231436086313,Low Risk,Month-to-month,1,50.7
8387-MOJJT,0.3096446279038816,Low Risk,Month-to-month,42,77.95
7794-JASDG,0.30945355573424765,Low Risk,Month-to-month,1,50.75
7055-HNEOJ,0.3092736996086623,Low Risk,Month-to-month,3,55.8
8910-LEDAG,0.3090057363725475,Low Risk,Month-to-month,34,71.55
3194-ORPIK,0.3087389752414716,Low Risk,Month-to-month,50,84.4
7869-ZYDST,0.3086512547702926,Low Risk,Month-to-month,31,59.05
2625-TRCZQ,0.30857581734388234,Low Risk,Month-to-month,51,49.65
7346-MEDWM,0.3085594027613606,Low Risk,Month-to-month,59,83.25
8805-JNRAZ,0.30842436907986226,Low Risk,Month-to-month,2,49.2
7966-YOTQW,0.30840758841886196,Low Risk,Month-to-month,10,54.5
1794-HBQTJ,0.30829636707478686,Low Risk,Month-to-month,1,48.6
0603-OLQDC,0.3080721847301304,Low Risk,Month-to-month,12,69.85
0327-WFZSY,0.30775787459964377,Low Risk,One year,39,100.0
4026-SKKHW,0.3077528416832789,Low Risk,Month-to-month,3,50.25
6624-JDRDS,0.3074960455170993,Low Risk,Month-to-month,6,29.45
8740-XLHDR,0.30670944042674275,Low Risk,Month-to-month,5,43.25
2817-NTQDO,0.30660799757052276,Low Risk,Month-to-month,13,45.55
3511-APPBJ,0.30653965370938185,Low Risk,One year,23,99.95
4080-IIARD,0.3064971569016142,Low Risk,Month-to-month,13,76.2
7826-VVKWT,0.3064924373218344,Low Risk,Two year,24,96.55
6807-SIWJI,0.3064738840551093,Low Risk,One year,38,104.85
1763-WQFUK,0.3064109629646407,Low Risk,Month-to-month,3,50.5
4323-SADQS,0.3060161426150889,Low Risk,Month-to-month,7,34.5
0691-IFBQW,0.30589609115293076,Low Risk,One year,46,110.0
6362-QHAFM,0.30581234074729247,Low Risk,One year,42,108.3
3865-QBWSJ,0.30571606251744776,Low Risk,Month-to-month,38,80.45
8840-DQLGN,0.30566956131434825,Low Risk,Month-to-month,35,100.5
6921-OZMFH,0.3055517382081407,Low Risk,Month-to-month,5,55.7
8417-GSODA,0.3053589454854792,Low Risk,One year,28,92.2
5949-HGVJL,0.30521181203530523,Low Risk,Month-to-month,26,73.05
6817-WTYHE,0.30513058374785784,Low Risk,Month-to-month,2,44.9
1658-XUHBX,0.3048361094306368,Low Risk,Month-to-month,59,88.75
6713-OKOMC,0.304757968594306,Low Risk,Month-to-month,10,29.75
6614-VBEGU,0.30473386849702566,Low Risk,Month-to-month,24,69.45
3301-LSLWQ,0.30429190781849186,Low Risk,Month-to-month,29,66.1
8201-AAXCB,0.3041753161511647,Low Risk,Month-to-month,25,60.35
3452-SRFEG,0.30411575373562283,Low Risk,Month-to-month,49,74.6
1024-KPRBB,0.30395706471906164,Low Risk,One year,38,89.1
9495-SKLKD,0.30391083304773603,Low Risk,Month-to-month,45,95.95
5948-UJZLF,0.30365989175317665,Low Risk,Month-to-month,2,49.25
4361-BKAXE,0.3032849993909945,Low Risk,Month-to-month,41,114.5
6344-SFJVH,0.3032738149927945,Low Risk,Month-to-month,20,24.9
3571-RFHAR,0.3031636830476362,Low Risk,Month-to-month,65,109.15
6905-NIQIN,0.30311496244766983,Low Risk,Month-to-month,1,50.65
3043-TYBNO,0.3025969164206453,Low Risk,Month-to-month,3,60.65
4452-QIIEB,0.30241615800798716,Low Risk,Month-to-month,7,43.9
2190-BCXEC,0.30219668809239336,Low Risk,Month-to-month,40,78.85
9158-VCTQB,0.3020552166497264,Low Risk,Month-to-month,41,113.6
2565-JSLRY,0.3017605308252167,Low Risk,Month-to-month,1,24.05
2883-ILGWO,0.30173103569074766,Low Risk,Month-to-month,57,104.9
1582-RAFML,0.30160190583170715,Low Risk,Month-to-month,1,60.1
4566-GOLUK,0.30157428449055457,Low Risk,Month-to-month,47,107.35
4695-VADHF,0.3012444572368247,Low Risk,Month-to-month,18,57.45
0191-ZHSKZ,0.3011745509499455,Low Risk,Month-to-month,30,74.75
7016-BPGEU,0.30088669737289087,Low Risk,Month-to-month,29,25.1
1600-DILPE,0.30083000814844346,Low Risk,Month-to-month,12,45.0
2669-OIDSD,0.3007847830087733,Low Risk,Month-to-month,48,100.05
5295-PCJOO,0.30069409771746997,Low Risk,Month-to-month,4,49.4
4176-FXYBO,0.30068538553570284,Low Risk,Month-to-month,54,109.55
6507-DTJZV,0.3004407837620697,Low Risk,Month-to-month,13,66.4
5438-QMDDL,0.30043982144653686,Low Risk,Month-to-month,19,59.8
8824-RWFXJ,0.3004272379452369,Low Risk,Month-to-month,3,56.15
2133-TSRRM,0.3000695391370301,Low Risk,Month-to-month,34,105.35
3657-COGMW,0.2999110515688619,Low Risk,Month-to-month,52,108.1
0623-GDISB,0.29961963613221715,Low Risk,Month-to-month,1,48.45
5502-RLUYV,0.2995402376533873,Low Risk,Month-to-month,69,103.95
9732-KPKBW,0.29933182122372853,Low Risk,Month-to-month,1,53.95
2386-OWURY,0.29931750076066177,Low Risk,Month-to-month,58,95.3
5671-UUNXD,0.29923895458925226,Low Risk,One year,50,100.65
4310-KEDTB,0.2992298576315956,Low Risk,Month-to-month,26,29.8
2433-KMEAS,0.2991257262171926,Low Risk,Month-to-month,22,54.45
2842-JTCCU,0.29901488633105067,Low Risk,Month-to-month,2,46.05
8229-MYEJZ,0.29880861811136716,Low Risk,Month-to-month,10,51.2
0929-HYQEW,0.29880093682098874,Low Risk,Month-to-month,3,50.15
7554-AKDQF,0.29847242343452346,Low Risk,Month-to-month,6,45.65
6710-HSJRD,0.2984427628073519,Low Risk,Month-to-month,61,114.1
8761-NSOBC,0.2979594180462402,Low Risk,Month-to-month,44,100.55
6257-RJOHI,0.29791272705522803,Low Risk,Month-to-month,4,50.8
2067-QYTCF,0.29789371155279903,Low Risk,Month-to-month,64,111.15
6844-DZKRF,0.29786698773443265,Low Risk,Month-to-month,2,50.2
6173-ITPWD,0.297603925889609,Low Risk,Month-to-month,47,83.35
4831-EOBFE,0.2974544410962811,Low Risk,Month-to-month,29,94.65
9445-ZUEQE,0.29744378968104146,Low Risk,Month-to-month,27,85.2
8757-TFHHJ,0.2974356159253124,Low Risk,Month-to-month,1,49.8
9327-QSDED,0.2973964128384291,Low Risk,Month-to-month,8,43.55
1548-ARAGG,0.29722218985853943,Low Risk,Month-to-month,4,58.5
2692-PFYTJ,0.2972059140512688,Low Risk,Month-to-month,1,25.75
8455-HIRAQ,0.29707680235353773,Low Risk,Month-to-month,8,44.45
1174-FGIFN,0.2967593038681901,Low Risk,One year,28,90.45
8896-BQTTI,0.29673537987222026,Low Risk,Month-to-month,1,25.0
1919-RTPQD,0.29672291196743794,Low Risk,Month-to-month,7,44.75
8728-SKJLR,0.2965738269882785,Low Risk,Month-to-month,41,74.25
5843-TTHGI,0.2963764478741644,Low Risk,Month-to-month,18,50.0
2674-MLXMN,0.29628883739177786,Low Risk,Month-to-month,71,99.65
2740-JFBOK,0.2962050351591262,Low Risk,Month-to-month,10,24.0
2302-ANTDP,0.2957920791793905,Low Risk,Month-to-month,48,117.45
2615-YVMYX,0.29562000182081105,Low Risk,Month-to-month,71,107.5
6917-IAYHD,0.29517577657246935,Low Risk,Month-to-month,1,33.6
4482-FTFFX,0.295091792367448,Low Risk,Month-to-month,5,56.15
1930-WNXSB,0.2949696414285303,Low Risk,Month-to-month,58,92.85
2144-BFDSO,0.2948443903587185,Low Risk,Month-to-month,50,108.75
0774-IFUVM,0.2945820673941888,Low Risk,Month-to-month,11,65.15
2957-LOLHO,0.29429565530994095,Low Risk,Month-to-month,12,45.4
1548-FEHVL,0.2940086153662503,Low Risk,Month-to-month,61,106.2
6207-WIOLX,0.29394651238116154,Low Risk,Month-to-month,25,58.6
1791-PQHBB,0.29394159730559044,Low Risk,Month-to-month,2,61.2
8705-DWKTI,0.2939292515348192,Low Risk,Month-to-month,52,83.8
5076-YVXCM,0.2937574180415242,Low Risk,Month-to-month,51,83.4
6986-IJDHX,0.2937194505237453,Low Risk,Month-to-month,39,86.3
8564-LDKFL,0.2936630008998949,Low Risk,One year,40,106.0
4238-HFHSN,0.2936556044964326,Low Risk,Month-to-month,61,82.15
7250-EQKIY,0.29310567602278204,Low Risk,Month-to-month,1,50.45
9661-MHUMO,0.292954648454304,Low Risk,Month-to-month,1,49.25
9795-VOWON,0.29290513022641823,Low Risk,One year,7,24.35
7750-EYXWZ,0.29279742046731766,Low Risk,One year,12,60.65
0356-ERHVT,0.2925530623922568,Low Risk,Month-to-month,11,45.9
1596-OQSPS,0.2925167240369625,Low Risk,Month-to-month,11,51.1
3689-MOZGR,0.29251283081189616,Low Risk,Month-to-month,29,31.2
6897-UUBNU,0.29229349231273405,Low Risk,Month-to-month,29,89.65
3113-IWHLC,0.2920698508161502,Low Risk,Month-to-month,5,55.8
9761-XUJWD,0.2920575180301602,Low Risk,Month-to-month,5,65.6
1370-GGAWX,0.2919251679579995,Low Risk,One year,46,94.15
4883-QICIH,0.2918084699967257,Low Risk,Month-to-month,32,69.75
3058-HJCUY,0.2916719920140566,Low Risk,One year,41,102.6
3629-WEAAM,0.29134866672087545,Low Risk,Month-to-month,8,64.1
6908-VVYHM,0.29133057955337976,Low Risk,Month-to-month,65,90.65
8049-WJCLQ,0.29131260661009634,Low Risk,Month-to-month,10,60.2
6854-EXGSF,0.2910301965053529,Low Risk,Month-to-month,8,65.5
8901-HJXTF,0.2905118272104229,Low Risk,Month-to-month,12,29.2
5423-BHIXO,0.2900058273766196,Low Risk,Month-to-month,32,54.2
1456-TWCGB,0.28999586191809584,Low Risk,Month-to-month,4,49.25
3143-ILDAL,0.2899607594222089,Low Risk,Month-to-month,56,94.45
0643-OKLRP,0.28963559338187483,Low Risk,Month-to-month,47,80.35
8388-FYNPZ,0.28944728730681457,Low Risk,Month-to-month,4,56.75
6022-KOUQO,0.2893628749472044,Low Risk,Month-to-month,2,29.05
9103-TCIHJ,0.28914716274466734,Low Risk,Month-to-month,15,55.7
3345-PBBFH,0.2891082592459176,Low Risk,Month-to-month,8,49.55
0461-CVKMU,0.28859359834491033,Low Risk,Month-to-month,23,83.8
3838-OZURD,0.2885161033257481,Low Risk,Month-to-month,66,105.0
7410-KTVFV,0.2884417902462335,Low Risk,Month-to-month,18,49.55
4097-YODCF,0.2883831346464452,Low Risk,One year,34,103.8
9108-EJFJP,0.288330932766654,Low Risk,Month-to-month,1,53.55
5973-EJGDP,0.28832890433019354,Low Risk,Month-to-month,51,87.35
7621-VPNET,0.28812397387717154,Low Risk,Month-to-month,42,85.9
9700-ISPUP,0.2879279774531129,Low Risk,Month-to-month,10,65.5
2519-LBNQL,0.2878123327800954,Low Risk,One year,60,104.35
5136-GFPMB,0.2877552865688569,Low Risk,Month-to-month,54,89.4
7993-NQLJE,0.28769312586052403,Low Risk,Month-to-month,15,75.1
3069-SSVSN,0.28718670080591246,Low Risk,One year,1,25.85
1976-AZZPJ,0.2867283527745314,Low Risk,Month-to-month,7,34.2
7595-EHCDL,0.2866937659474822,Low Risk,Month-to-month,32,50.6
9693-XMUOB,0.2864404430509126,Low Risk,Month-to-month,59,50.25
6769-DYBQN,0.28635931993901614,Low Risk,Month-to-month,46,85.0
4724-WXVWF,0.2862550143045848,Low Risk,Month-to-month,48,95.4
5103-MHMHY,0.2861894340974255,Low Risk,Month-to-month,1,45.95
0668-OGMHD,0.2859814024638307,Low Risk,Month-to-month,21,28.5
7587-AOVVU,0.2853300139762447,Low Risk,Month-to-month,27,100.75
6576-FBXOJ,0.285004873837354,Low Risk,One year,17,54.6
7133-VBDCG,0.28492006256251856,Low Risk,Month-to-month,25,79.85
3009-JWMPU,0.28481952527439475,Low Risk,One year,62,96.75
1353-LJWEM,0.28465053043720356,Low Risk,Month-to-month,11,60.9
7343-EOBEU,0.28463592483060207,Low Risk,Month-to-month,3,23.6
2927-QRRQV,0.2846183243812681,Low Risk,One year,46,94.65
7449-HVPIV,0.2845963623788428,Low Risk,Month-to-month,55,90.4
7551-DACSP,0.28454363174519476,Low Risk,Month-to-month,6,55.3
0431-APWVY,0.2840291083152758,Low Risk,One year,28,90.1
6890-PFRQX,0.2836076081795592,Low Risk,Month-to-month,18,69.5
3030-YZADT,0.2833754188346929,Low Risk,Month-to-month,9,44.95
8263-OKETD,0.28321203049631294,Low Risk,Month-to-month,20,68.9
7593-JNWRU,0.2828098018254342,Low Risk,Month-to-month,6,44.6
0107-WESLM,0.2826663484828475,Low Risk,Month-to-month,1,19.85
9644-UMGQA,0.2825815245535788,Low Risk,Month-to-month,6,49.15
2478-EEWWM,0.2825072165337146,Low Risk,Month-to-month,59,44.3
0129-KPTWJ,0.28240466881354803,Low Risk,Month-to-month,72,94.65
6668-CNMFP,0.28233926189476954,Low Risk,One year,19,89.35
8980-WQFWL,0.282292041322804,Low Risk,Month-to-month,35,62.1
6874-SGLHU,0.2818005060020981,Low Risk,One year,30,97.0
7285-KLOTR,0.2816327331550858,Low Risk,One year,12,78.85
3668-QPYBK,0.28161755692954754,Low Risk,Month-to-month,2,53.85
8552-OBVRU,0.2811554891268109,Low Risk,Month-to-month,48,104.5
2911-UREFD,0.28084033700067956,Low Risk,Month-to-month,39,55.9
1842-EZJMK,0.280836412479124,Low Risk,Month-to-month,50,103.7
4123-FCVCB,0.2806076159713128,Low Risk,One year,12,75.85
3717-LNXKW,0.28056436445927546,Low Risk,Month-to-month,38,91.7
2858-EIMXH,0.28053750910571246,Low Risk,One year,53,95.85
1803-BGNBD,0.28044703781158337,Low Risk,Month-to-month,12,54.3
3946-JEWRQ,0.2804145707234621,Low Risk,One year,47,95.2
7074-STDCN,0.2803978642102028,Low Risk,Month-to-month,39,40.6
3815-SLMEF,0.28028512260349775,Low Risk,Month-to-month,3,34.25
5136-KCKGI,0.28015108316474013,Low Risk,One year,33,103.7
6620-JDYNW,0.2797532379912095,Low Risk,Month-to-month,18,60.6
8706-HRADD,0.27956034157439635,Low Risk,Month-to-month,21,43.55
4307-KTUMW,0.2795357614155165,Low Risk,Month-to-month,53,93.9
1208-NBVFH,0.27951634999042696,Low Risk,Month-to-month,20,49.6
8095-WANWK,0.27950637256558836,Low Risk,Month-to-month,10,45.25
0032-PGELS,0.27944610109427626,Low Risk,Month-to-month,1,30.5
4592-IWTJI,0.2793461597370147,Low Risk,Month-to-month,3,29.7
2669-QVCRG,0.2793355940849649,Low Risk,Month-to-month,41,81.3
5651-WYIPH,0.2793068829642539,Low Risk,Month-to-month,18,49.85
5309-TAIKL,0.27909834708908343,Low Risk,Month-to-month,7,62.8
0228-MAUWC,0.27894334661797077,Low Risk,Month-to-month,19,59.55
6253-WRFHY,0.2784312152572159,Low Risk,One year,13,64.75
0550-DCXLH,0.2783919995385197,Low Risk,Month-to-month,13,73.35
5780-INQIK,0.27824016036072324,Low Risk,Month-to-month,8,49.4
2403-BCASL,0.27813728123972564,Low Risk,One year,41,111.95
8868-GAGIO,0.27810010269778174,Low Risk,Month-to-month,45,84.55
6773-LQTVT,0.2777073125425344,Low Risk,Month-to-month,29,35.65
2346-DJQTB,0.27763965975381355,Low Risk,Month-to-month,35,24.15
5337-IIWKZ,0.277637722935709,Low Risk,Month-to-month,34,44.85
6646-QVXLR,0.2776052039874532,Low Risk,One year,62,103.75
9163-GHAYE,0.2774023605985133,Low Risk,Month-to-month,15,48.85
6572-ADKRS,0.27725135212365437,Low Risk,Month-to-month,46,74.8
9776-OJUZI,0.27724141610896347,Low Risk,Month-to-month,65,95.45
2267-WTPYD,0.277178329751522,Low Risk,Month-to-month,57,94.0
3845-FXCYS,0.27708528675148336,Low Risk,Month-to-month,2,19.65
2195-VVRJF,0.2767669571314875,Low Risk,Month-to-month,18,59.1
5060-TQUQN,0.2767006015603657,Low Risk,Month-to-month,30,83.55
6397-JNZZG,0.27650707849461803,Low Risk,Month-to-month,43,55.55
8647-SDTWQ,0.2764438153717234,Low Risk,Month-to-month,57,74.3
1480-IVEVR,0.2763084793207367,Low Risk,One year,35,81.6
9500-LTVBP,0.27622375734645677,Low Risk,Month-to-month,35,80.05
8967-SZQAS,0.2758768276663399,Low Risk,Month-to-month,14,50.45
6821-JPCDC,0.2758216887973316,Low Risk,One year,48,97.05
3604-WLABM,0.2758051723759729,Low Risk,Month-to-month,10,54.25
7789-HKSBS,0.27577315686192194,Low Risk,One year,42,105.2
7963-GQRMY,0.27560951030597003,Low Risk,Month-to-month,3,44.3
2937-FTHUR,0.2755933669499946,Low Risk,Month-to-month,18,64.8
0486-HECZI,0.2753639243427245,Low Risk,Month-to-month,55,96.75
6351-SCJKT,0.2753469017662539,Low Risk,Month-to-month,3,41.35
0843-WTBXE,0.2753410542963334,Low Risk,Month-to-month,53,85.45
2929-QNSRW,0.27528894310272134,Low Risk,One year,56,98.25
8597-CWYHH,0.27507689118534673,Low Risk,One year,43,94.35
4462-CYWMH,0.2749774475268187,Low Risk,Month-to-month,62,89.8
5600-PDUJF,0.274727740343402,Low Risk,Month-to-month,6,49.5
0909-SDHNU,0.2745177810226825,Low Risk,Month-to-month,7,29.8
7673-LPRNY,0.27447571259908465,Low Risk,One year,23,78.55
2632-UCGVD,0.2744322116519655,Low Risk,Month-to-month,66,100.05
7128-GGCNO,0.27437960969653824,Low Risk,Month-to-month,46,72.8
8050-WYBND,0.27423180201036873,Low Risk,One year,22,49.45
4957-TREIR,0.27404999203026226,Low Risk,Month-to-month,3,64.4
2778-OCLGR,0.2737643416654056,Low Risk,Month-to-month,24,39.1
1996-DBMUS,0.27375442347761697,Low Risk,Month-to-month,48,70.65
3577-AMVUX,0.27310002996963684,Low Risk,Month-to-month,1,55.05
5035-PGZXH,0.2730029476060683,Low Risk,One year,56,106.8
4628-WQCQQ,0.27294462575686007,Low Risk,One year,35,85.15
7623-TRNQN,0.2728180878733443,Low Risk,Month-to-month,1,49.9
9881-VCZEP,0.2727808005822853,Low Risk,Month-to-month,25,54.1
7319-VENRZ,0.2726439814441523,Low Risk,Month-to-month,7,64.3
5208-HFSBT,0.2725967837270165,Low Risk,Month-to-month,2,55.05
9489-UTFKA,0.27189207790400777,Low Risk,Month-to-month,8,60.9
3842-QTGDL,0.2716408958746847,Low Risk,Month-to-month,16,80.75
5651-CPDND,0.271504391150124,Low Risk,Month-to-month,10,46.0
5311-IHLEI,0.27147655783034536,Low Risk,Month-to-month,12,50.95
7905-NJMXS,0.27135119524378787,Low Risk,Month-to-month,7,64.2
1089-HDMKP,0.2711570466728997,Low Risk,Month-to-month,11,54.55
8791-GFXLZ,0.27100586707612223,Low Risk,Month-to-month,12,49.05
0596-BQCEQ,0.2709851713350643,Low Risk,Month-to-month,62,100.15
5136-RGMZO,0.27097023041348517,Low Risk,Month-to-month,31,71.05
2810-FTLEM,0.27080187451796683,Low Risk,Month-to-month,16,50.15
8677-HDZEE,0.2706577409818809,Low Risk,Month-to-month,56,105.45
2108-YKQTY,0.27058899467777087,Low Risk,Month-to-month,4,50.7
9948-YPTDG,0.2703418880891988,Low Risk,Month-to-month,38,79.45
0691-NIKRI,0.270318217506359,Low Risk,One year,40,105.95
4177-JPDFU,0.2696207890538201,Low Risk,Month-to-month,12,34.0
0215-BQKGS,0.2695631624749439,Low Risk,Month-to-month,30,84.3
6891-JPYFF,0.2695322196040587,Low Risk,Month-to-month,48,105.25
7730-IUTDZ,0.2693356530811992,Low Risk,Month-to-month,43,75.2
7047-FWEYA,0.2693080226685167,Low Risk,One year,46,103.15
1213-NGCUN,0.26930036614205877,Low Risk,Month-to-month,6,49.65
6199-IWKGC,0.2692871259138224,Low Risk,One year,46,100.25
1986-PHGZF,0.26924904360940305,Low Risk,Month-to-month,18,58.4
8722-NGNBH,0.26912209217990785,Low Risk,Month-to-month,5,40.0
8919-FYFQZ,0.2691060784715045,Low Risk,Month-to-month,44,30.35
7009-LGECI,0.26888353799457926,Low Risk,Month-to-month,4,50.55
8152-UOBNY,0.268868253884014,Low Risk,One year,50,106.8
2273-QCKXA,0.26830136495467205,Low Risk,Month-to-month,1,49.05
2207-OBZNX,0.26788020336121793,Low Risk,Month-to-month,7,51.0
4945-RVMTE,0.26787562319370506,Low Risk,Month-to-month,28,59.55
3195-TQDZX,0.2675990668902849,Low Risk,Month-to-month,3,20.25
6633-SYEUS,0.267562887081088,Low Risk,Month-to-month,23,83.2
3656-TKRVZ,0.26749975445552,Low Risk,Month-to-month,3,55.35
7398-LXGYX,0.26731214014742477,Low Risk,Month-to-month,44,84.8
0719-SYFRB,0.2670383376179239,Low Risk,Month-to-month,12,61.65
8065-BVEPF,0.2669396310551939,Low Risk,Month-to-month,65,99.1
3062-ICYZQ,0.26663389614952054,Low Risk,Month-to-month,51,93.8
4360-QRAVE,0.2663755068776625,Low Risk,Month-to-month,37,36.65
2792-VPPET,0.2663649006301099,Low Risk,Month-to-month,3,20.5
1324-NLTJE,0.266215308921493,Low Risk,Month-to-month,15,55.0
3594-KADLU,0.26616034743541606,Low Risk,Month-to-month,3,35.1
1422-DGUBX,0.2660550248923318,Low Risk,One year,32,79.25
1935-IMVBB,0.2660440416306765,Low Risk,Month-to-month,56,89.7
0419-YAAPX,0.2657423120913168,Low Risk,Month-to-month,49,85.3
4012-ZTHBR,0.26565359275719963,Low Risk,Month-to-month,21,44.95
8033-VCZGH,0.2656457355645101,Low Risk,One year,50,103.95
1356-MKYSK,0.26538671527562974,Low Risk,Month-to-month,6,78.65
7537-CBQUZ,0.26537103717895305,Low Risk,Month-to-month,63,109.4
4070-OKWVH,0.2649681665646601,Low Risk,Month-to-month,52,94.6
4010-YLMVT,0.2649513651458348,Low Risk,Month-to-month,56,106.6
5207-PLSTK,0.26409687829056816,Low Risk,Month-to-month,1,48.75
0060-FUALY,0.26368536366366424,Low Risk,Month-to-month,59,94.75
3683-QKIUE,0.2636303502131706,Low Risk,Month-to-month,6,50.8
9356-AXGMP,0.2634322326757402,Low Risk,One year,38,110.7
7251-XFOIL,0.26338957103857946,Low Risk,Month-to-month,61,89.2
4712-AUQZO,0.2632256259781373,Low Risk,Month-to-month,18,33.6
4396-KLSEH,0.26318391808843283,Low Risk,Month-to-month,4,19.85
8198-RKSZG,0.26282353152599164,Low Risk,Month-to-month,14,80.45
8070-AAWZP,0.26241143229574854,Low Risk,Month-to-month,24,34.25
4501-VCPFK,0.26237806484050064,Low Risk,Month-to-month,26,35.75
2475-MROZF,0.2620105496612612,Low Risk,Month-to-month,30,95.0
1575-KRZZE,0.2618648626538328,Low Risk,Month-to-month,4,55.2
6300-BWMJX,0.26181608576523047,Low Risk,Month-to-month,59,93.35
7580-UGXNC,0.26180547558480954,Low Risk,Month-to-month,2,54.85
1958-RNRKS,0.2618007440317522,Low Risk,Month-to-month,30,49.9
4324-BZCKL,0.2615136645472435,Low Risk,Month-to-month,10,55.55
3345-JHUEO,0.2614754210124858,Low Risk,Month-to-month,4,20.2
6982-UQZLY,0.2614460194893608,Low Risk,Month-to-month,1,20.85
8652-YHIYU,0.2612920865039622,Low Risk,One year,16,79.5
3701-SFMUH,0.2612672674937807,Low Risk,Month-to-month,7,69.7
7351-MHQVU,0.26118711665491895,Low Risk,Month-to-month,6,50.95
8992-OBVDG,0.2611799413525817,Low Risk,Month-to-month,21,61.65
7799-DSEWS,0.26085795639494413,Low Risk,Month-to-month,18,68.35
5186-EJEGL,0.26061872797000724,Low Risk,Month-to-month,9,69.5
1215-FIGMP,0.26045828924029757,Low Risk,Month-to-month,60,89.9
9137-NOQKA,0.2604337462289674,Low Risk,Month-to-month,2,19.2
7396-VJUZB,0.26033664921988364,Low Risk,Month-to-month,4,45.25
7521-AFHAB,0.2602956498646026,Low Risk,Month-to-month,5,44.8
3307-TLCUD,0.26013965119630833,Low Risk,Month-to-month,17,34.4
3522-CDKHF,0.26012796897796003,Low Risk,Month-to-month,32,75.5
1809-DMJHQ,0.2599605870363215,Low Risk,Month-to-month,5,46.0
9052-VKDUW,0.2599420040183552,Low Risk,Month-to-month,65,109.4
5180-UCIIQ,0.2587454050344575,Low Risk,Month-to-month,22,40.05
4925-LMHOK,0.25871951053008846,Low Risk,Month-to-month,15,58.6
2782-JEEBU,0.2585965734632713,Low Risk,Month-to-month,21,36.0
2806-MLNTI,0.25816142721646457,Low Risk,One year,52,105.1
7746-AWNQW,0.25798731766168015,Low Risk,Month-to-month,28,35.75
6917-YACBP,0.25780391862874463,Low Risk,Month-to-month,59,89.75
6366-XIVKZ,0.25775753199547774,Low Risk,Month-to-month,13,63.15
0520-FDVVT,0.2575904848744464,Low Risk,One year,35,102.35
9564-KCLHR,0.2575476941617457,Low Risk,Month-to-month,1,51.25
8294-UIMBA,0.25732867907811924,Low Risk,One year,30,94.4
7661-CPURM,0.25726340959063154,Low Risk,One year,19,87.7
5274-XHAKY,0.2567744364168307,Low Risk,Month-to-month,41,94.3
2898-LSJGD,0.25651487488938446,Low Risk,One year,21,55.95
4130-MZLCC,0.25628130451802444,Low Risk,Month-to-month,5,50.55
5201-FRKKS,0.2559982032460671,Low Risk,Month-to-month,25,74.3
3920-HIHMQ,0.25570230985726244,Low Risk,Month-to-month,26,49.5
1899-VXWXM,0.25564048332532685,Low Risk,One year,48,106.1
2043-WVTQJ,0.25563755061503035,Low Risk,Month-to-month,1,55.7
1871-MOWRM,0.255593783496683,Low Risk,Month-to-month,12,80.85
4488-KQFDT,0.2551686515066852,Low Risk,One year,61,103.95
6345-HOVES,0.2551229285083677,Low Risk,Month-to-month,34,25.05
8190-ZTQFB,0.25490125082816134,Low Risk,One year,41,51.35
6954-OOYZZ,0.2548183501185137,Low Risk,Month-to-month,18,44.35
8111-BKVDS,0.2546872914505892,Low Risk,Month-to-month,10,40.7
7683-CBDKJ,0.254544596203749,Low Risk,Month-to-month,14,65.45
3521-MNKLV,0.2545215081809705,Low Risk,Month-to-month,24,49.7
9314-QDMDW,0.25442279952027486,Low Risk,One year,11,61.25
6791-YBNAK,0.25418609452410235,Low Risk,Month-to-month,18,25.55
0423-UDIJQ,0.2541342356606567,Low Risk,Month-to-month,9,49.2
1104-FEJAM,0.253996676788486,Low Risk,Month-to-month,28,64.4
7426-GSWPO,0.2539219322752735,Low Risk,Month-to-month,64,103.5
5370-IIVVL,0.2539048011190417,Low Risk,One year,37,104.5
4524-QCSSM,0.2536398963894218,Low Risk,Month-to-month,26,44.65
1685-VAYJF,0.253432549030352,Low Risk,Month-to-month,11,45.2
8450-JOVAH,0.2532676885336879,Low Risk,Month-to-month,2,56.7
3325-FUYCG,0.25317850343247733,Low Risk,One year,28,106.1
0979-PHULV,0.2531277592935501,Low Risk,Month-to-month,69,99.45
2607-FBDFF,0.252971827324238,Low Risk,Month-to-month,1,49.0
7610-TVOPG,0.25191961229240223,Low Risk,Month-to-month,15,26.35
3537-HPKQT,0.2517957236591077,Low Risk,Month-to-month,55,77.75
6647-ZEDXT,0.2515525100701768,Low Risk,One year,30,110.45
5002-GCQFH,0.2515257604932844,Low Risk,Month-to-month,49,93.85
6281-FKEWS,0.25130567520870145,Low Risk,One year,44,49.05
2828-SLQPF,0.25092572349244485,Low Risk,Month-to-month,19,45.0
4647-XXZAM,0.25071034483704024,Low Risk,Month-to-month,6,45.5
7067-KSAZT,0.2504011715675219,Low Risk,One year,65,106.25
6689-VRRTK,0.2503866815586749,Low Risk,One year,44,109.8
1591-NFNLQ,0.25023379365461174,Low Risk,Month-to-month,51,80.0
6968-GMKPR,0.25007931457405563,Low Risk,Month-to-month,55,81.55
2988-GBIVW,0.24969611173254783,Low Risk,Month-to-month,70,90.85
5188-HGMLP,0.24956086363266547,Low Risk,Month-to-month,54,74.0
2604-XVDAM,0.249471185774532,Low Risk,Month-to-month,12,43.8
3714-JTVOV,0.24944634101394655,Low Risk,Month-to-month,42,74.15
5073-WXOYN,0.24938412149318095,Low Risk,Month-to-month,60,50.8
8695-WDYEA,0.2490576630662561,Low Risk,Month-to-month,1,51.25
4672-FOTSD,0.24903407410512604,Low Risk,Month-to-month,12,67.25
4118-CEVPF,0.24863769477468042,Low Risk,One year,35,110.8
7054-ENNGU,0.2484666248105064,Low Risk,Month-to-month,9,50.85
0096-FCPUF,0.2483637668155549,Low Risk,Month-to-month,30,64.5
6629-LADHQ,0.24831091226929267,Low Risk,Month-to-month,2,50.95
8651-ENBZX,0.2480456970903128,Low Risk,One year,60,106.0
7501-VTYLJ,0.24772102856255684,Low Risk,Month-to-month,2,51.55
1656-DRSMG,0.24768774913091862,Low Risk,Month-to-month,63,109.85
1217-VASWC,0.2476295168276169,Low Risk,One year,43,100.55
1450-SKCVI,0.24743295181545855,Low Risk,Month-to-month,56,73.85
2931-SVLTV,0.24739256361184564,Low Risk,Month-to-month,40,110.1
0512-FLFDW,0.24738734403941418,Low Risk,One year,60,100.5
3723-BFBGR,0.2472074476080342,Low Risk,Month-to-month,24,54.8
5898-IGSLP,0.24696287580121862,Low Risk,Month-to-month,31,89.3
0567-GGCAC,0.24689386290429954,Low Risk,Month-to-month,7,61.4
7089-XXAYG,0.24652756795109423,Low Risk,One year,25,38.1
4256-ZWTZI,0.24640193682116376,Low Risk,Month-to-month,5,51.0
3842-IYKUE,0.24628120247551427,Low Risk,Month-to-month,35,85.3
2267-FPIMA,0.24619588623979083,Low Risk,Month-to-month,50,94.4
6680-NENYN,0.2461932465420454,Low Risk,Two year,43,104.6
2709-UQGNP,0.2460090328133535,Low Risk,Month-to-month,10,51.65
1848-LBZHY,0.2458760944641728,Low Risk,Month-to-month,7,50.3
4250-WAROZ,0.24574320624156976,Low Risk,Month-to-month,60,93.25
8409-WQJUX,0.24566384777835093,Low Risk,One year,25,54.2
7742-MYPGI,0.24533193551439855,Low Risk,Month-to-month,6,48.8
5018-HEKFO,0.24531800912636956,Low Risk,Month-to-month,10,24.5
2229-VWQJH,0.2452319159138616,Low Risk,Month-to-month,24,49.3
3347-YJZZE,0.24506013081241942,Low Risk,Month-to-month,29,80.1
9254-RBFON,0.24498908328012697,Low Risk,One year,17,98.6
9943-VSZUV,0.24473185723259294,Low Risk,Month-to-month,67,75.7
0872-JCPIB,0.2446616839128727,Low Risk,Month-to-month,17,65.75
4612-THJBS,0.24453705266674403,Low Risk,One year,56,104.75
4250-FDVOU,0.244482497488288,Low Risk,Month-to-month,6,56.25
3982-XWFZQ,0.24438721903563096,Low Risk,Month-to-month,42,50.25
8205-MQUGY,0.2442762362802324,Low Risk,Month-to-month,12,49.2
7395-XWZOY,0.24402330804937986,Low Risk,Month-to-month,20,55.0
2533-TIBIX,0.24401734682647333,Low Risk,Month-to-month,15,30.2
9544-PYPSJ,0.24400753024982832,Low Risk,Month-to-month,62,96.1
2391-SOORI,0.2439599899553387,Low Risk,Month-to-month,4,49.35
3445-HXXGF,0.24368937697893014,Low Risk,Month-to-month,58,45.3
8267-ZNYVZ,0.24357316769108023,Low Risk,One year,33,103.75
5339-TJFEK,0.24322080651046654,Low Risk,Month-to-month,62,105.5
3567-PQTSO,0.2430812929578325,Low Risk,One year,53,105.25
0618-XWMSS,0.2430754669058162,Low Risk,Month-to-month,28,74.9
4191-XOVOM,0.24301427755988664,Low Risk,Month-to-month,63,105.4
6818-WOBHJ,0.24237203976531208,Low Risk,Month-to-month,68,89.6
0406-BPDVR,0.24233898632575315,Low Risk,One year,54,101.5
0899-WZRSD,0.2422628142813096,Low Risk,Month-to-month,56,105.35
4088-YLDSU,0.24219774939858216,Low Risk,One year,55,104.15
0058-EVZWM,0.24218499176699948,Low Risk,Month-to-month,55,89.8
6179-GJPSO,0.24218068728025374,Low Risk,Month-to-month,43,108.15
4431-EDMIQ,0.24212971833503277,Low Risk,Month-to-month,7,75.7
2003-CKLOR,0.24210868982493236,Low Risk,Month-to-month,66,99.5
3404-JNXAX,0.24209459165506958,Low Risk,Month-to-month,51,80.75
0799-DDIHE,0.24181109670796874,Low Risk,Month-to-month,15,46.3
2731-GJRDG,0.24130052477165093,Low Risk,One year,32,109.55
5701-ZIKJE,0.24129644775259057,Low Risk,Month-to-month,13,50.55
6128-DAFVY,0.24127294387512535,Low Risk,Month-to-month,56,44.85
5243-SAOTC,0.2410859776346489,Low Risk,Month-to-month,54,79.85
4003-FUSHP,0.24099535812161144,Low Risk,Month-to-month,19,61.55
5174-RNGBH,0.24092498599098436,Low Risk,Month-to-month,9,66.25
4291-HYEBC,0.2407152954613361,Low Risk,One year,28,39.1
7446-YPODE,0.24065403754673306,Low Risk,Month-to-month,11,60.25
9099-FTUHS,0.2404664094169622,Low Risk,Month-to-month,23,54.4
2075-RMJIK,0.24031474936765515,Low Risk,Month-to-month,5,49.4
6664-FPDAC,0.24029804614228806,Low Risk,One year,56,111.95
7629-WIXZF,0.2402140351726334,Low Risk,One year,7,59.1
1666-JZPZT,0.23974967804754946,Low Risk,Month-to-month,27,49.0
0742-MOABM,0.23953616715054826,Low Risk,Month-to-month,4,50.05
2458-EOMRE,0.23933853036207037,Low Risk,Month-to-month,11,64.05
7921-LMDFQ,0.23928649744948635,Low Risk,One year,51,94.0
8495-PRWFH,0.23923027672373615,Low Risk,Month-to-month,42,55.65
8735-IJJEG,0.23910426700022608,Low Risk,Month-to-month,14,50.2
7957-RYHQD,0.2390685723981345,Low Risk,Month-to-month,40,79.2
6121-VZNQB,0.2390221444800391,Low Risk,Month-to-month,1,19.1
5325-UWTWJ,0.23862769799987435,Low Risk,Month-to-month,31,90.55
4016-BJKTZ,0.23857135598016183,Low Risk,Two year,25,108.9
7356-IWLFW,0.23845298704920048,Low Risk,Month-to-month,46,80.0
6473-ULUHT,0.2384143986999703,Low Risk,Month-to-month,16,84.9
5071-FBJFS,0.2382294860310653,Low Risk,Month-to-month,4,50.3
8547-NSBBO,0.23820486012803124,Low Risk,Month-to-month,35,96.75
3620-MWJNE,0.23817747933612954,Low Risk,Month-to-month,2,54.45
8023-QHAIO,0.23816899347911083,Low Risk,Month-to-month,56,76.85
8755-IWJHN,0.2381198844670565,Low Risk,Month-to-month,69,95.35
5624-RYAMH,0.23809190923291065,Low Risk,Month-to-month,9,19.5
0701-TJSEF,0.23802295814432192,Low Risk,Month-to-month,9,68.25
4415-WNGVR,0.23799504619876585,Low Risk,One year,12,79.2
4338-EYCER,0.23773812874884084,Low Risk,Month-to-month,21,54.6
8885-QSQBX,0.2377211284310013,Low Risk,Month-to-month,1,49.55
2087-QAREY,0.2376708961051725,Low Risk,Month-to-month,22,54.7
7298-IZWLY,0.23764838685071202,Low Risk,Month-to-month,1,19.4
4001-TSBTV,0.23719356017263235,Low Risk,Month-to-month,58,91.55
8566-YPRGL,0.23719167708607686,Low Risk,Month-to-month,1,19.5
7245-JMTTQ,0.23716877650946347,Low Risk,One year,51,111.5
3055-OYMSE,0.23715944466158548,Low Risk,Month-to-month,53,73.8
4646-QZXTF,0.23710206783086052,Low Risk,Month-to-month,7,81.25
1622-HSHSF,0.23696354911740433,Low Risk,Month-to-month,1,19.55
4851-BQDNX,0.2369587017411495,Low Risk,One year,40,85.05
4588-YBNIB,0.23673557246583019,Low Risk,Month-to-month,1,19.6
2279-AXJJK,0.2366525469538084,Low Risk,Month-to-month,52,95.65
8812-ZRHFP,0.23662830667734217,Low Risk,One year,30,86.45
9318-NKNFC,0.23632858126777917,Low Risk,Month-to-month,1,18.85
6575-SUVOI,0.2363168091120846,Low Risk,Month-to-month,25,69.5
8992-CEUEN,0.2362712420996546,Low Risk,Month-to-month,1,18.85
2208-NQBCT,0.23607520667255175,Low Risk,Month-to-month,26,81.95
0959-WHOKV,0.23550890584579656,Low Risk,One year,42,99.0
5445-GLVOT,0.2353846614877403,Low Risk,Month-to-month,22,49.8
4800-VHZKI,0.23537089191213428,Low Risk,Month-to-month,1,19.9
3164-YAXFY,0.23512099046216786,Low Risk,Month-to-month,57,53.75
8713-IGZSO,0.23501582364463336,Low Risk,Month-to-month,2,24.85
7854-EKTJL,0.23495145676665652,Low Risk,Month-to-month,2,19.6
3566-VVORZ,0.2345244496860803,Low Risk,Month-to-month,12,45.9
2320-JRSDE,0.23434803550125818,Low Risk,Month-to-month,1,19.9
4667-OHGKG,0.23428604217181562,Low Risk,Month-to-month,1,19.3
9033-EOXWV,0.23426190168121513,Low Risk,One year,12,74.05
4897-QSUYC,0.23423782479194316,Low Risk,Month-to-month,1,20.15
0761-AETCS,0.23422904657562302,Low Risk,Month-to-month,1,19.3
9277-JOOMO,0.23407183969965475,Low Risk,Month-to-month,3,24.6
7839-QRKXN,0.23401166625595035,Low Risk,Month-to-month,1,20.2
9027-YFHQJ,0.23393886419046248,Low Risk,Month-to-month,7,25.05
2876-VBBBL,0.23378565941363935,Low Risk,Month-to-month,1,20.25
0670-KDOMA,0.23378565941363935,Low Risk,Month-to-month,1,20.25
2108-GLPQB,0.2337058873977548,Low Risk,Month-to-month,25,55.55
8073-IJDCM,0.2335598042920253,Low Risk,Month-to-month,1,20.3
2446-ZKVAF,0.23354968951747887,Low Risk,Month-to-month,18,56.8
1041-RXHRA,0.23352921272323973,Low Risk,Month-to-month,41,70.25
5828-DWPIL,0.23345012006220042,Low Risk,Month-to-month,62,89.1
5906-BFOZT,0.23338218896448212,Low Risk,Month-to-month,1,19.5
4634-JLRJT,0.23333410091784632,Low Risk,Month-to-month,1,20.35
1228-FZFRV,0.23305189755765413,Low Risk,Month-to-month,50,105.95
7530-HDYDS,0.23300645269110992,Low Risk,Month-to-month,38,84.25
7622-NXQZR,0.2329741739427577,Low Risk,Month-to-month,28,30.1
7989-CHGTL,0.2329311728634448,Low Risk,Month-to-month,1,19.6
0471-LVHGK,0.23287295191482657,Low Risk,One year,41,73.0
9375-MHRRS,0.2328712611893901,Low Risk,Month-to-month,6,50.05
4827-USJHP,0.23233622788665131,Low Risk,Month-to-month,20,51.8
4430-YHXGG,0.23231041684094353,Low Risk,Month-to-month,4,25.45
2465-BLLEU,0.23225578742909048,Low Risk,Month-to-month,1,19.75
8985-OOPOS,0.23220890726579246,Low Risk,One year,1,74.1
1156-ZFYDO,0.23219913596512443,Low Risk,Month-to-month,1,19.75
1794-SWWKL,0.23183542134367024,Low Risk,Month-to-month,15,59.65
8930-XOTDP,0.23179677089248438,Low Risk,Month-to-month,18,55.95
9419-IPPBE,0.23173267685162788,Low Risk,One year,51,90.15
2369-FEVNO,0.23158176906366357,Low Risk,Month-to-month,1,19.9
8663-UPDGF,0.23091881989857235,Low Risk,Month-to-month,26,69.5
4661-NJEUX,0.23090911843104078,Low Risk,Month-to-month,1,20.05
4232-JGKIY,0.23090042734565414,Low Risk,Month-to-month,1,19.2
1240-KNSEZ,0.23068520560566333,Low Risk,Month-to-month,1,20.1
1000-AJSLD,0.23068520560566333,Low Risk,Month-to-month,1,20.1
4468-YDOVK,0.23051351403471737,Low Risk,Month-to-month,5,48.65
2305-MRGLV,0.2305017384379073,Low Risk,Month-to-month,28,76.55
8305-VHZBZ,0.23023783617286508,Low Risk,Month-to-month,1,20.2
5356-RHIPP,0.23023783617286508,Low Risk,Month-to-month,1,20.2
6559-RAKOZ,0.23013735587110548,Low Risk,One year,49,97.95
2826-UWHIS,0.23003985897065923,Low Risk,Month-to-month,45,81.4
0237-YFUTL,0.23002263435548864,Low Risk,Month-to-month,50,109.65
2081-KJSQF,0.23001437961105844,Low Risk,Month-to-month,1,20.25
4939-KYYPY,0.2298632673098153,Low Risk,Month-to-month,27,59.45
6353-BRMMA,0.22984116848788091,Low Risk,Month-to-month,54,104.1
7617-EYGLW,0.229782413605652,Low Risk,Month-to-month,1,19.45
0575-CUQOV,0.22974555767076063,Low Risk,One year,60,97.95
4692-NNQRU,0.229693312083127,Low Risk,One year,21,79.2
4685-ERGHK,0.22960064002107322,Low Risk,One year,57,86.9
6952-OMNWB,0.2295872851692668,Low Risk,Month-to-month,68,80.35
6770-XUAGN,0.22940600040271128,Low Risk,Month-to-month,1,21.0
0326-VDYXE,0.22923502111775507,Low Risk,One year,70,97.65
2293-IJWPS,0.2291802057804693,Low Risk,One year,57,100.75
5996-DAOQL,0.2291220749138924,Low Risk,Month-to-month,1,20.45
8262-COGGB,0.2291220749138924,Low Risk,Month-to-month,1,20.45
5131-PONJI,0.22910858379902652,Low Risk,Month-to-month,49,90.4
4986-MXSFP,0.22908446890254974,Low Risk,Month-to-month,2,20.0
0871-OPBXW,0.2288617989241024,Low Risk,Month-to-month,2,20.05
3890-RTCMS,0.2286326204049561,Low Risk,Month-to-month,16,49.45
4918-FYJNT,0.22862019316927357,Low Risk,Month-to-month,55,90.45
9360-AHGNL,0.22858486565457606,Low Risk,One year,43,109.55
6898-MDLZW,0.22856882942098655,Low Risk,Month-to-month,12,53.75
6284-KMNUF,0.22835091913510427,Low Risk,One year,56,98.0
6778-JFCMK,0.22819033880309544,Low Risk,One year,24,50.6
0471-ARVMX,0.22812166324058988,Low Risk,One year,62,104.85
3230-WYKIR,0.22805086804519176,Low Risk,One year,18,82.0
8620-RJPZN,0.22795419578787232,Low Risk,Month-to-month,1,20.7
2259-OUUSZ,0.22778322502462262,Low Risk,One year,7,35.5
9825-YCXWZ,0.22774245036449797,Low Risk,One year,41,101.1
5143-WMWOG,0.22755780044708396,Low Risk,Month-to-month,1,19.95
0222-CNVPT,0.2275558227160676,Low Risk,Month-to-month,52,48.8
2480-EJWYP,0.22753006756233943,Low Risk,One year,58,97.8
2065-MMKGR,0.2274942519563512,Low Risk,One year,29,71.0
3685-YLCMQ,0.22741553256518895,Low Risk,One year,58,104.65
3594-IVHJZ,0.22708592160350186,Low Risk,Month-to-month,2,20.45
0523-VNGTF,0.22708303119946008,Low Risk,Month-to-month,52,50.5
6686-YPGHK,0.22699666859310544,Low Risk,Month-to-month,47,85.5
7880-XSOJX,0.22699007951326702,Low Risk,Month-to-month,4,42.4
2480-JZOSN,0.22693896392222476,Low Risk,Month-to-month,1,20.65
2640-LYMOV,0.22691177191414372,Low Risk,Month-to-month,2,19.65
6967-QIQRV,0.22679976437101043,Low Risk,One year,15,101.9
1153-GNOLC,0.22677394235223344,Low Risk,One year,33,39.1
8205-OTCHB,0.2266473479616252,Low Risk,One year,22,43.75
6942-LBFDP,0.22664347591470088,Low Risk,Month-to-month,2,20.55
1193-RTSLK,0.22662382875158896,Low Risk,Month-to-month,38,83.9
2233-FAGXV,0.2266072895958868,Low Risk,Month-to-month,5,24.3
2946-KIQSP,0.22660221633678507,Low Risk,Month-to-month,35,33.45
9142-KZXOP,0.22657363561617314,Low Risk,Month-to-month,44,68.85
2382-BCKQJ,0.22630375598325067,Low Risk,One year,62,100.15
8495-LJDFO,0.22625850245178464,Low Risk,Month-to-month,64,108.95
7109-MFBYV,0.2261714069018071,Low Risk,Month-to-month,26,45.45
4160-AMJTL,0.22612599344114415,Low Risk,Month-to-month,8,19.65
6131-FOYAS,0.22595425780353012,Low Risk,Month-to-month,35,59.6
1360-JYXKQ,0.22578396039442483,Low Risk,One year,54,99.1
2832-SCUCO,0.22575185977523782,Low Risk,Month-to-month,2,19.9
3424-NMNBO,0.22567168316608086,Low Risk,One year,58,108.85
5846-QFDFI,0.22561948525685296,Low Risk,Month-to-month,33,88.6
4324-AHJKS,0.22559313016789886,Low Risk,Month-to-month,5,55.8
1087-UDSIH,0.22510946410415067,Low Risk,Month-to-month,3,19.6
2153-MREFK,0.224908394757718,Low Risk,One year,37,99.2
7893-IXHRQ,0.224908377804707,Low Risk,Month-to-month,1,20.55
4098-NAUKP,0.22473418626244476,Low Risk,Month-to-month,68,84.65
1470-PSXNM,0.22466555022006923,Low Risk,One year,49,93.65
8003-EWNDZ,0.22464677502016933,Low Risk,Month-to-month,10,21.2
8679-LZBMD,0.224544806106173,Low Risk,One year,44,90.65
2676-OXPPQ,0.22448938722459258,Low Risk,Month-to-month,6,55.7
5088-QZLRL,0.22446894261587674,Low Risk,Month-to-month,1,20.65
4937-QPZPO,0.22444294421543545,Low Risk,One year,61,99.9
5949-EBSQK,0.22421577644419094,Low Risk,Month-to-month,4,61.45
4673-KKSLS,0.22384113410275183,Low Risk,Month-to-month,31,87.6
9817-APLHW,0.22365517705691818,Low Risk,Month-to-month,12,25.0
9039-ZVJDC,0.2236197981955818,Low Risk,Month-to-month,3,19.1
0100-DUVFC,0.2236093191444752,Low Risk,One year,70,104.8
2393-DIVAI,0.22335427001098107,Low Risk,Month-to-month,3,20.0
0365-TRTPY,0.22324100931355667,Low Risk,Month-to-month,37,91.2
2379-GYFLQ,0.22319593477014724,Low Risk,One year,46,94.9
4826-TZEVA,0.22294754909825115,Low Risk,Month-to-month,40,74.8
8970-ANWXO,0.2229452357296108,Low Risk,One year,23,73.75
4797-AXPXK,0.22290930956601387,Low Risk,Month-to-month,1,60.0
2091-MJTFX,0.22277023720520844,Low Risk,Month-to-month,30,51.2
4188-FRABG,0.22265479385139147,Low Risk,Month-to-month,57,103.05
6067-NGCEU,0.22242018306590616,Low Risk,Month-to-month,65,111.05
3419-SNJJD,0.2223718189360441,Low Risk,Month-to-month,65,105.25
3709-OIJEA,0.2223179076611379,Low Risk,One year,26,85.2
2886-KEFUM,0.22187259456761624,Low Risk,One year,63,107.5
0516-WJVXC,0.22184958042114775,Low Risk,Month-to-month,5,54.2
2172-EJXVF,0.2217429270573239,Low Risk,One year,71,105.9
8746-OQQRW,0.2217034930903149,Low Risk,Month-to-month,4,25.25
6439-LAJXL,0.2216785486053898,Low Risk,Month-to-month,9,68.95
4693-VWVBO,0.22160040554866822,Low Risk,Month-to-month,3,19.55
1784-EZDKJ,0.22132729552713107,Low Risk,One year,51,106.8
7526-IVLYU,0.22122032450909068,Low Risk,Month-to-month,3,19.65
7611-YKYTC,0.22116719382221692,Low Risk,Month-to-month,22,75.0
0187-WZNAB,0.22086557224764838,Low Risk,Month-to-month,27,74.4
4628-CTTLA,0.22077533468607044,Low Risk,Month-to-month,57,39.3
7883-ROJOC,0.22075944122335278,Low Risk,Month-to-month,19,44.9
0268-QKIWO,0.22073138445317841,Low Risk,Month-to-month,3,19.75
1449-XQEMT,0.22056913086591798,Low Risk,Month-to-month,3,19.8
0880-FVFWF,0.22032290933216028,Low Risk,Month-to-month,56,86.4
6345-ULYRW,0.2203100048130922,Low Risk,One year,44,88.4
6184-DYUOB,0.22017196951652035,Low Risk,Month-to-month,3,19.6
3780-DDGSE,0.2199673075103777,Low Risk,Month-to-month,35,76.05
7124-UGSUR,0.21984796346250726,Low Risk,One year,61,104.4
4767-HZZHQ,0.219779290047473,Low Risk,Month-to-month,30,82.05
3572-UOLYZ,0.21959809383196505,Low Risk,Month-to-month,46,84.8
5630-AHZIL,0.21907815321727744,Low Risk,Month-to-month,3,64.5
5066-GFJMM,0.21887539045720483,Low Risk,Month-to-month,3,19.9
1814-DKOLC,0.2188507718256046,Low Risk,Month-to-month,5,25.45
3744-ZBHON,0.21878502875302464,Low Risk,Month-to-month,3,20.2
2843-CQMEG,0.21871996180208156,Low Risk,Month-to-month,24,49.7
3097-IDVPU,0.21869466251736247,Low Risk,Month-to-month,19,50.1
5802-ADBRC,0.21859504524070109,Low Risk,One year,50,104.4
3179-GBRWV,0.21857770758655015,Low Risk,Month-to-month,21,64.95
7853-WNZSY,0.2181558888250203,Low Risk,Month-to-month,1,19.75
3255-GRXMG,0.2181343937817491,Low Risk,Month-to-month,18,45.65
1352-VHKAJ,0.21809343585605925,Low Risk,Month-to-month,27,71.6
7854-EDSSA,0.21798671112123488,Low Risk,Month-to-month,22,59.0
3472-OAOOR,0.2177607698650491,Low Risk,Month-to-month,19,34.95
8082-GHXOP,0.21775585424737368,Low Risk,Month-to-month,13,44.0
2834-SPCJV,0.21739075099565527,Low Risk,Month-to-month,52,84.1
1699-HPSBG,0.21713657271020156,Low Risk,One year,12,59.8
3466-BYAVD,0.21713598798825615,Low Risk,Month-to-month,15,69.5
3097-PYWXL,0.21697321346411633,Low Risk,Month-to-month,4,19.95
9614-RMGHA,0.2167015786745666,Low Risk,Month-to-month,65,91.85
4456-RHSNB,0.21662500229007117,Low Risk,Month-to-month,19,49.6
4608-LCIMN,0.21658855990855225,Low Risk,Month-to-month,8,44.65
8627-ZYGSZ,0.21655629721773495,Low Risk,One year,47,78.9
3059-NGMXB,0.2165511508065894,Low Risk,Month-to-month,14,69.2
1098-TDVUQ,0.21628345574376454,Low Risk,Month-to-month,1,19.25
1684-FLBGS,0.21622732816631837,Low Risk,Month-to-month,23,69.5
5760-WRAHC,0.21620578796369977,Low Risk,Month-to-month,22,69.75
9833-TGFHX,0.21582207500504658,Low Risk,One year,42,97.1
0690-SRQID,0.21563181381398866,Low Risk,Month-to-month,4,19.65
1453-RZFON,0.2154391060557176,Low Risk,Month-to-month,1,49.9
9578-FOMUK,0.21528977868267113,Low Risk,Month-to-month,15,24.8
8217-QYOHV,0.21522689199478992,Low Risk,Month-to-month,5,55.75
6907-CQGPN,0.2152136890867961,Low Risk,Month-to-month,29,34.3
8444-WRIDW,0.21475640471560814,Low Risk,Month-to-month,66,80.45
6476-YHMGA,0.21437755626799498,Low Risk,Month-to-month,15,76.5
9828-QHFBK,0.21435809806918954,Low Risk,Month-to-month,24,51.15
5144-PQCDZ,0.21435462222151297,Low Risk,Month-to-month,4,19.95
5028-HTLJB,0.21428523475909006,Low Risk,Month-to-month,1,20.05
6158-DWPZT,0.2138004482080698,Low Risk,One year,9,24.1
2924-KHUVI,0.21363639484866623,Low Risk,One year,56,100.55
8992-VONJD,0.2130253755552191,Low Risk,Month-to-month,13,56.0
0953-LGOVU,0.21299876248987112,Low Risk,Month-to-month,12,35.5
3794-NFNCH,0.21296233454130942,Low Risk,Month-to-month,30,50.0
1697-NVVGY,0.21278275203856542,Low Risk,Month-to-month,19,66.4
3090-LETTY,0.2127538807321479,Low Risk,Month-to-month,2,60.95
6258-NGCNG,0.21251468252890754,Low Risk,Month-to-month,7,23.5
5366-OBVMR,0.2124331555217918,Low Risk,Month-to-month,18,50.3
5443-SCMKX,0.2122842616522598,Low Risk,One year,58,94.3
2955-PSXOE,0.2122490446778418,Low Risk,Month-to-month,1,20.2
8404-VLQFB,0.2121460566221363,Low Risk,Month-to-month,15,25.25
4791-QRGMF,0.2120088506949302,Low Risk,One year,59,99.5
7636-XUHWW,0.2119908801902612,Low Risk,Month-to-month,2,19.9
0303-WMMRN,0.21182609636623648,Low Risk,Month-to-month,5,19.25
7426-WEIJX,0.21169857661475938,Low Risk,Month-to-month,60,80.95
2623-DRYAM,0.21147459162457297,Low Risk,One year,70,101.75
6743-HHQPF,0.21109062633015785,Low Risk,Month-to-month,42,25.1
7291-CDTMJ,0.21103124992211836,Low Risk,Month-to-month,1,19.65
5542-DHSXL,0.21097120217069923,Low Risk,Month-to-month,4,54.7
1113-IUJYX,0.2107514173923317,Low Risk,One year,14,105.95
4929-ROART,0.2106279805623383,Low Risk,Month-to-month,18,56.25
7103-IPXPJ,0.21062241954113647,Low Risk,One year,50,99.4
2995-UPRYS,0.21037443944958967,Low Risk,One year,40,99.2
1061-PNTHC,0.21027855950779853,Low Risk,Month-to-month,56,109.6
9501-UKKNL,0.21012894509252283,Low Risk,Month-to-month,59,51.7
2732-ISEZX,0.21010177311205958,Low Risk,Month-to-month,5,20.5
9537-VHDTA,0.20994800078288173,Low Risk,Month-to-month,1,51.2
1840-BIUOG,0.209735982515411,Low Risk,One year,20,68.7
1120-BMWUB,0.20916439745646492,Low Risk,Month-to-month,16,53.9
6994-ORCWG,0.20909076299430407,Low Risk,One year,14,54.25
0617-FHSGK,0.20907706167220788,Low Risk,Month-to-month,49,75.2
2947-DOMLJ,0.20894830725544464,Low Risk,Month-to-month,1,50.6
6549-YMFAW,0.20889049248646716,Low Risk,Month-to-month,9,21.25
1493-AMTIE,0.2087305376550879,Low Risk,Month-to-month,1,20.2
6469-QJKZW,0.20870219000123855,Low Risk,Month-to-month,4,20.15
4393-RYCRE,0.2086886298972884,Low Risk,One year,44,106.05
0913-XWSCN,0.20855059957441682,Low Risk,Month-to-month,55,85.5
9912-OMZDS,0.20852939622882072,Low Risk,One year,59,106.15
8148-BPLZQ,0.20814074093985258,Low Risk,Month-to-month,34,49.8
4486-EFAEB,0.20784026091282423,Low Risk,Month-to-month,13,20.4
0820-FNRNX,0.20775604672207063,Low Risk,Month-to-month,17,66.7
7716-YTYHG,0.2077499611256292,Low Risk,One year,48,82.05
5553-AOINX,0.20764408123452271,Low Risk,One year,66,104.9
0733-VUNUW,0.20755924264750011,Low Risk,Month-to-month,24,55.65
0516-OOHAR,0.20753737711875483,Low Risk,One year,28,100.35
2155-AMQRX,0.20736712796906026,Low Risk,Month-to-month,28,54.9
5951-AOFIH,0.20732537658849923,Low Risk,Month-to-month,33,66.4
7814-LEEVE,0.2071035499852833,Low Risk,Month-to-month,1,20.3
9154-QDGTH,0.20696314498260504,Low Risk,One year,43,104.3
9057-MSWCO,0.2067261772104929,Low Risk,Month-to-month,27,30.75
0991-BRRFB,0.20641982261576267,Low Risk,Month-to-month,18,49.4
2000-MPKCA,0.20624334612288778,Low Risk,One year,58,107.75
3999-WRNGR,0.20620227777086278,Low Risk,Month-to-month,60,49.75
5701-SVCWR,0.20605364590306713,Low Risk,Month-to-month,1,24.0
6261-LHRTG,0.20587040139618457,Low Risk,Month-to-month,26,54.75
1360-RCYRT,0.20561394941489639,Low Risk,Month-to-month,23,30.35
6839-ITVZJ,0.2053785821776715,Low Risk,Month-to-month,26,60.05
9342-VNIMQ,0.2053625912714313,Low Risk,Month-to-month,33,54.65
2522-AHJXR,0.20535067417210842,Low Risk,Month-to-month,60,109.45
1394-SUIUH,0.20527935146231613,Low Risk,Month-to-month,44,85.15
8963-JLGJT,0.20508905995722798,Low Risk,Month-to-month,3,55.9
0440-MOGPM,0.20493193895204562,Low Risk,One year,41,80.55
8259-NFJTV,0.20478621607623176,Low Risk,Month-to-month,7,34.65
3007-FDPEA,0.2047655228628551,Low Risk,Month-to-month,2,20.7
6959-GQEGV,0.20476195947328174,Low Risk,Month-to-month,45,75.95
8292-TYSPY,0.20433307639599785,Low Risk,Month-to-month,19,55.0
6627-CFOSN,0.20416504444324182,Low Risk,Month-to-month,59,99.45
8317-BVKSO,0.2039314337231521,Low Risk,Month-to-month,14,20.05
6402-SSEJG,0.20385057996235031,Low Risk,One year,25,61.05
3154-CFSZG,0.20384861564482348,Low Risk,Month-to-month,47,90.05
6137-MFAJN,0.20376475480739287,Low Risk,Month-to-month,48,44.8
5712-VBOXD,0.20366001235689635,Low Risk,Month-to-month,4,20.15
4138-NAXED,0.20328481854608108,Low Risk,Month-to-month,51,81.0
0463-WZZKO,0.20308149053412503,Low Risk,Month-to-month,3,20.75
0314-TKOSI,0.20304391021794788,Low Risk,Month-to-month,6,55.15
3144-KMTWZ,0.20298012878579552,Low Risk,Month-to-month,71,93.25
8189-HBVRW,0.20292857190009764,Low Risk,Month-to-month,53,90.8
5593-SUAOO,0.20291934389980662,Low Risk,One year,24,83.15
5955-EPOAZ,0.20287837603514094,Low Risk,Month-to-month,6,20.95
2239-JALAW,0.20277685745728516,Low Risk,One year,58,103.25
5336-UFNZP,0.2024950166822482,Low Risk,One year,65,107.45
1386-ZIKUV,0.2023195428045592,Low Risk,Month-to-month,7,18.95
7549-MYGPK,0.20221208839437876,Low Risk,Month-to-month,63,100.55
3413-DHLPB,0.202122008421911,Low Risk,Month-to-month,60,103.75
7130-CTCUS,0.20192130780606488,Low Risk,Month-to-month,16,54.55
0853-NWIFK,0.20180902832935166,Low Risk,One year,45,100.3
7246-ZGQDF,0.20172175825770078,Low Risk,Month-to-month,1,54.5
1855-CFULU,0.2015999630418412,Low Risk,Month-to-month,4,20.05
7821-DPRQE,0.20150039163123767,Low Risk,Month-to-month,68,107.7
5482-NUPNA,0.20102007026087212,Low Risk,Month-to-month,4,60.4
9938-EKRGF,0.20101902266614652,Low Risk,Month-to-month,15,84.45
9069-LGEUL,0.20056994681972498,Low Risk,Month-to-month,23,59.95
8295-FHIVV,0.20049376780943395,Low Risk,Month-to-month,7,19.4
0956-ACVZC,0.2004291310752701,Low Risk,One year,54,94.1
3694-GLTJM,0.20041563728303508,Low Risk,Month-to-month,5,19.65
2080-SRCDE,0.20033613024189606,Low Risk,Month-to-month,1,25.4
2186-QZEYA,0.2000546479370097,Low Risk,Month-to-month,29,58.55
2957-JIRMN,0.1998264938699139,Low Risk,One year,62,84.45
3410-MHHUM,0.19975937766160387,Low Risk,One year,44,94.4
2616-UUTFK,0.1996768119968508,Low Risk,Month-to-month,33,72.75
7811-JIVPF,0.199421212396104,Low Risk,Month-to-month,23,49.7
4390-KYULV,0.19930727359554984,Low Risk,Month-to-month,3,20.55
7083-YNSKY,0.19925491165747913,Low Risk,Month-to-month,15,25.4
9701-CDXHR,0.19924552578136706,Low Risk,Month-to-month,51,69.15
7550-WIQVA,0.19906208211750287,Low Risk,One year,50,108.25
1335-HQMKX,0.198724566676388,Low Risk,One year,72,101.35
3858-XHYJO,0.1986842972525181,Low Risk,One year,40,105.75
9518-RWHZL,0.19846457338864434,Low Risk,One year,64,100.05
9788-YTFGE,0.1982790661413039,Low Risk,Month-to-month,7,19.95
9391-YZEJW,0.1980879618838792,Low Risk,One year,62,94.0
7976-CICYS,0.19803503725770336,Low Risk,Month-to-month,4,20.7
6483-OATDN,0.19795973047990664,Low Risk,Month-to-month,8,51.3
1485-YDHMM,0.19791047737940984,Low Risk,Month-to-month,52,93.25
2585-KTFRE,0.1978673435911039,Low Risk,Month-to-month,1,70.45
1091-SOZGA,0.19777275047001866,Low Risk,One year,56,99.8
4541-RMRLG,0.19767050016338922,Low Risk,Month-to-month,7,19.25
7241-AJHFS,0.1975647413814884,Low Risk,Month-to-month,32,87.65
0895-LMRSF,0.1972857903024836,Low Risk,One year,23,64.9
1110-KYLGQ,0.19720284385114203,Low Risk,Month-to-month,63,108.25
1410-RSCMR,0.19717672545919718,Low Risk,Month-to-month,7,71.35
9572-MTILT,0.1963807671100041,Low Risk,Month-to-month,59,106.75
7088-FBAWU,0.19624245511520183,Low Risk,Month-to-month,17,74.55
3756-VNWDH,0.19614458712567945,Low Risk,One year,65,100.75
5804-HYIEZ,0.1960964382883759,Low Risk,Month-to-month,70,106.05
4701-MLJPN,0.19609420765972588,Low Risk,Month-to-month,31,55.25
9323-HGFWY,0.19569010442842952,Low Risk,One year,27,101.9
7129-AZJDE,0.19560706413667092,Low Risk,One year,34,78.95
0568-ONFPC,0.19548947428164448,Low Risk,Month-to-month,5,25.9
3682-YEUWS,0.19545458754062303,Low Risk,Month-to-month,10,24.4
0239-OXEXL,0.19525334433343308,Low Risk,Month-to-month,46,84.25
5334-JLAXU,0.19503247554865544,Low Risk,Month-to-month,60,94.1
4283-IVYCI,0.19486612646842436,Low Risk,Month-to-month,9,64.95
6475-VHUIZ,0.19474345875966698,Low Risk,Month-to-month,23,54.25
3402-XRIUO,0.19469686110216816,Low Risk,Month-to-month,22,63.55
7078-NVFAM,0.1944496580949615,Low Risk,Month-to-month,32,35.15
9591-YVTEB,0.19430647106701285,Low Risk,Month-to-month,55,44.85
9820-RMCQV,0.1942601807735595,Low Risk,Month-to-month,11,48.55
8878-RYUKI,0.19422231894769587,Low Risk,Month-to-month,52,59.45
4132-POCZS,0.19406124381816034,Low Risk,Month-to-month,52,39.9
0887-WBJVH,0.19389036734393808,Low Risk,One year,53,93.45
7856-GANIL,0.19383515488624414,Low Risk,One year,45,98.7
3308-MHOOC,0.19375833043737328,Low Risk,Month-to-month,1,19.2
8734-FNWVH,0.19361157795996284,Low Risk,Month-to-month,31,59.7
1614-JBEBI,0.19347782297830052,Low Risk,Month-to-month,8,20.7
1423-BMPBQ,0.1933974665946855,Low Risk,Month-to-month,1,19.0
1724-IQWNM,0.19336457398940876,Low Risk,Month-to-month,1,19.3
0440-QEXBZ,0.1930888194306517,Low Risk,Month-to-month,44,50.15
4832-VRBMR,0.19279664175958616,Low Risk,One year,65,103.15
1725-MIMXW,0.1927750805224142,Low Risk,Month-to-month,1,19.45
6008-NAIXK,0.19275105280405505,Low Risk,One year,54,55.45
0807-ZABDG,0.19236946837472765,Low Risk,Month-to-month,3,55.1
0384-RVBPI,0.19214262234949578,Low Risk,Month-to-month,20,64.4
9025-ZRPVR,0.1919585357181286,Low Risk,Month-to-month,9,18.95
9629-NHXFW,0.1918283224412124,Low Risk,Month-to-month,1,19.4
9138-EFSMO,0.19147728951896442,Low Risk,One year,26,78.95
3413-CSSTH,0.19108246924535657,Low Risk,Month-to-month,41,55.7
0691-JVSYA,0.1910621352246392,Low Risk,One year,53,94.85
7175-NTIXE,0.19104595529305718,Low Risk,Month-to-month,25,76.15
3639-XJHKQ,0.1909908416885667,Low Risk,Month-to-month,19,60.6
1020-JPQOW,0.19098322322509362,Low Risk,Month-to-month,56,90.55
4187-CINZD,0.1907216215233066,Low Risk,One year,46,95.25
4567-AKPIA,0.19071014906385944,Low Risk,One year,41,109.1
6849-OYAMU,0.19062077065322575,Low Risk,One year,19,100.0
6569-KTMDU,0.19055552256185154,Low Risk,Month-to-month,1,19.1
0708-SJDIS,0.1905389407256182,Low Risk,Month-to-month,34,65.0
2978-XXSOG,0.19044122028247196,Low Risk,Month-to-month,22,59.05
7302-ZHMHP,0.19036105519558777,Low Risk,Month-to-month,1,19.15
2673-CXQEU,0.19035323102128623,Low Risk,One year,56,110.5
9763-GRSKD,0.1903252186315618,Low Risk,Month-to-month,13,49.95
7776-QWNFX,0.19013680036113823,Low Risk,Month-to-month,30,50.4
5447-WZAFP,0.19011122761801083,Low Risk,One year,53,100.3
7776-QGYJC,0.19011023870467417,Low Risk,Month-to-month,39,81.5
3541-ZNUHK,0.19005686178495684,Low Risk,Month-to-month,55,85.1
6815-ABQFQ,0.18998552580302996,Low Risk,One year,56,107.25
8979-CAMGB,0.1898228946296673,Low Risk,One year,64,102.1
7989-VCQOH,0.18970899087740853,Low Risk,Month-to-month,18,83.25
0584-BJQGZ,0.18970476889191298,Low Risk,Month-to-month,25,78.35
5868-YTYKS,0.1896542213094356,Low Risk,Month-to-month,1,20.25
1707-HABPF,0.1895627206488521,Low Risk,One year,46,91.3
3640-JQGJG,0.18952064355127932,Low Risk,Month-to-month,13,44.8
5198-EFNBM,0.1894210523298003,Low Risk,One year,57,90.65
8329-GWVPJ,0.18927739668066484,Low Risk,Month-to-month,50,69.75
7402-PWYJJ,0.18925855524951113,Low Risk,One year,53,91.15
9374-YOLBJ,0.18909821714548608,Low Risk,Month-to-month,1,19.25
8166-ORCHU,0.18901979153518775,Low Risk,One year,33,93.55
1905-OEILC,0.18900403367310584,Low Risk,Month-to-month,1,19.5
7551-JOHTI,0.18900403367310584,Low Risk,Month-to-month,1,19.5
7163-OCEQI,0.18884642489134063,Low Risk,One year,22,78.65
8605-ITULD,0.1888107803165224,Low Risk,Month-to-month,1,19.55
2866-IKBTM,0.1888107803165224,Low Risk,Month-to-month,1,19.55
6447-GORXK,0.18853026389590494,Low Risk,Month-to-month,31,25.0
3733-ZEECP,0.1885002225057485,Low Risk,Month-to-month,22,51.1
7721-DVEKZ,0.18842472850357184,Low Risk,Month-to-month,1,19.65
8329-IBCTI,0.18842472850357184,Low Risk,Month-to-month,1,19.65
0970-QXPXW,0.18842472850357184,Low Risk,Month-to-month,1,19.65
3162-ZJZFU,0.1883983503372021,Low Risk,Month-to-month,53,92.55
5155-AZQPB,0.1883331376001732,Low Risk,Month-to-month,28,49.9
3679-XASPY,0.1883258180638642,Low Risk,Month-to-month,1,19.45
9975-SKRNR,0.18808032629952953,Low Risk,Month-to-month,1,18.9
6124-ACRHJ,0.18803928305654946,Low Risk,Month-to-month,1,19.75
1135-LMECX,0.18765444377140497,Low Risk,Month-to-month,1,19.85
4255-DDUOU,0.18756330170869961,Low Risk,Month-to-month,1,20.5
1015-OWJKI,0.1875031977542698,Low Risk,Month-to-month,1,19.05
7878-RTCZG,0.18746225137489322,Low Risk,Month-to-month,1,19.9
6654-QGBZZ,0.18746225137489322,Low Risk,Month-to-month,1,19.9
3900-AQPHZ,0.18746225137489322,Low Risk,Month-to-month,1,19.9
1698-XFZCI,0.18738314445063042,Low Risk,One year,61,107.75
9441-QHEVC,0.18731112454353419,Low Risk,Month-to-month,1,19.1
1397-XKKWR,0.18720952838263918,Low Risk,One year,7,35.3
8644-XYTSV,0.18716148205482885,Low Risk,Month-to-month,42,40.15
1663-MHLHE,0.18692743242070195,Low Risk,Month-to-month,1,19.2
1134-YWTYF,0.18688309304567785,Low Risk,Month-to-month,27,53.8
8267-KFGYD,0.1865722085662347,Low Risk,Month-to-month,1,21.05
1732-VHUBQ,0.18652011044008499,Low Risk,Month-to-month,47,70.55
4936-YPJNK,0.18650792723004195,Low Risk,Month-to-month,10,19.9
8974-OVACP,0.18650356079866237,Low Risk,Month-to-month,1,20.15
2851-STERV,0.1863261621763831,Low Risk,One year,35,73.0
3807-XHCJH,0.1862142207999272,Low Risk,Month-to-month,1,20.0
5766-ZJYBB,0.18616186461885997,Low Risk,Month-to-month,1,19.4
3584-WKTTW,0.18614909863277365,Low Risk,One year,51,111.55
7025-IWFHT,0.18609726969986357,Low Risk,One year,41,89.55
8393-JMVMB,0.18597085093548188,Low Risk,Month-to-month,1,19.45
0308-IVGOK,0.1858670489345953,Low Risk,One year,11,40.4
7203-OYKCT,0.18576908478335788,Low Risk,One year,72,104.95
2592-YKDIF,0.1857393324080896,Low Risk,Month-to-month,1,20.35
6733-LRIZX,0.18573308188079132,Low Risk,Two year,35,108.95
4747-LCAQL,0.18568340068690642,Low Risk,Month-to-month,25,79.0
0898-XCGTF,0.18568185924163333,Low Risk,One year,61,96.5
7601-WFVZV,0.18558927729565983,Low Risk,Month-to-month,1,19.55
1029-QFBEN,0.18558927729565983,Low Risk,Month-to-month,1,19.55
1963-VAUKV,0.18554865342441987,Low Risk,Month-to-month,1,20.4
3727-JEZTU,0.18554865342441987,Low Risk,Month-to-month,1,20.4
9863-JZAIC,0.18552183916191237,Low Risk,Month-to-month,35,55.0
3785-NRHYR,0.1852083084377887,Low Risk,Month-to-month,1,19.65
6141-OOXUQ,0.1852083084377887,Low Risk,Month-to-month,1,19.65
2002-MZHWP,0.18516774899724045,Low Risk,Month-to-month,1,20.5
9753-OYLBX,0.18516774899724045,Low Risk,Month-to-month,1,20.5
7143-BQIBA,0.18508781756996504,Low Risk,Month-to-month,10,62.25
6615-ZGEDR,0.18501805073111524,Low Risk,Month-to-month,1,19.7
7239-HZZCX,0.18482794413437575,Low Risk,Month-to-month,1,19.75
3930-ZGWVE,0.18482794413437575,Low Risk,Month-to-month,1,19.75
0396-HUJBP,0.1847958653759931,Low Risk,Month-to-month,2,19.3
4892-VLANZ,0.18463798861864641,Low Risk,Month-to-month,1,19.8
3736-BLEPA,0.18461863753506724,Low Risk,One year,28,91.25
7619-ODSGN,0.18461001485614723,Low Risk,Month-to-month,24,54.75
2308-STERM,0.18441615639654074,Low Risk,Month-to-month,2,19.4
7016-NVRIC,0.18440066225511986,Low Risk,One year,29,90.1
5448-VWNAM,0.18425713046976447,Low Risk,Month-to-month,19,75.9
6270-OMFIW,0.1842050616553746,Low Risk,One year,60,94.4
6777-TGHTM,0.18411583046069463,Low Risk,One year,53,106.95
6286-SUUWT,0.18406902826536928,Low Risk,Month-to-month,1,19.95
1051-GEJLJ,0.18403705148734542,Low Risk,Month-to-month,2,19.5
0883-EIBTI,0.18403705148734542,Low Risk,Month-to-month,2,19.5
1784-BXEFA,0.18403298356595152,Low Risk,Month-to-month,10,20.55
9103-CXVOK,0.18397188597397057,Low Risk,Month-to-month,1,19.75
7698-YFGEZ,0.1838796767805632,Low Risk,Month-to-month,1,20.0
4877-EVATK,0.1838796767805632,Low Risk,Month-to-month,1,20.0
0877-SDMBN,0.18383681038775299,Low Risk,One year,54,103.95
2408-TZMJL,0.18381661195731358,Low Risk,One year,59,110.15
7502-BNYGS,0.1837047777565983,Low Risk,Month-to-month,46,69.1
7096-UCLNH,0.18369047622924248,Low Risk,Month-to-month,1,20.05
8749-CLJXC,0.18369047622924248,Low Risk,Month-to-month,1,20.05
3030-ZKIWL,0.18369047622924248,Low Risk,Month-to-month,1,20.05
0621-HJWXJ,0.1836803731214566,Low Risk,Month-to-month,63,81.55
7243-LCGGZ,0.1836501742638994,Low Risk,Month-to-month,1,20.9
7434-SHXLS,0.1836501742638994,Low Risk,Month-to-month,1,20.9
0426-TIRNE,0.1836501742638994,Low Risk,Month-to-month,1,20.9
1768-HNVGJ,0.18361085720700013,Low Risk,Month-to-month,45,70.05
3675-YDUPJ,0.1835057385814797,Low Risk,Month-to-month,10,19.85
3148-BLQJT,0.1835014265813239,Low Risk,Month-to-month,1,20.1
5624-BQSSA,0.18346115677185038,Low Risk,Month-to-month,1,20.95
1934-SJVJK,0.18331252780653218,Low Risk,Month-to-month,1,20.15
1066-JKSGK,0.18331252780653218,Low Risk,Month-to-month,1,20.15
3247-MHJKM,0.18312377987440057,Low Risk,Month-to-month,1,20.2
8048-DSDFQ,0.18312377987440057,Low Risk,Month-to-month,1,20.2
6380-ARCEH,0.18312377987440057,Low Risk,Month-to-month,1,20.2
4786-UKSNZ,0.18312377987440057,Low Risk,Month-to-month,1,20.2
2716-GFZOR,0.18296937540754707,Low Risk,Month-to-month,43,86.1
8203-XJZRC,0.18293518275427129,Low Risk,Month-to-month,1,20.25
4211-MMAZN,0.18293518275427129,Low Risk,Month-to-month,1,20.25
0130-SXOUN,0.18277522121287315,Low Risk,Month-to-month,66,89.4
2676-ISHSF,0.1827467364152957,Low Risk,Month-to-month,1,20.3
9122-UMROB,0.1827467364152957,Low Risk,Month-to-month,1,20.3
3847-BAERP,0.18271089266646015,Low Risk,Month-to-month,10,20.9
3590-TCXTB,0.18255844082643485,Low Risk,Month-to-month,1,20.35
6579-JPICP,0.1823702959564598,Low Risk,Month-to-month,1,20.4
9835-ZIITK,0.18237008397421278,Low Risk,One year,66,110.85
1796-JANOW,0.18233854833668015,Low Risk,Month-to-month,2,19.95
7639-SUPCW,0.18233297637896312,Low Risk,Month-to-month,22,48.8
2668-TZSPS,0.182182301773952,Low Risk,Month-to-month,1,20.45
0673-IGUQO,0.182182301773952,Low Risk,Month-to-month,1,20.45
4745-LSPLO,0.18199445824730368,Low Risk,Month-to-month,1,20.5
2270-CHBFN,0.18186782445038657,Low Risk,Month-to-month,44,95.1
3806-YAZOV,0.1817834036864632,Low Risk,Month-to-month,3,18.8
8006-PYCSW,0.18177509401636657,Low Risk,Month-to-month,2,20.1
3976-NLDEZ,0.18161922303421077,Low Risk,Month-to-month,1,20.6
5049-GLYVG,0.18161922303421077,Low Risk,Month-to-month,1,20.6
0366-NQSHS,0.18144012874144472,Low Risk,Month-to-month,2,19.35
0369-ZGOVK,0.18137014596238688,Low Risk,One year,28,70.4
9101-NTIXF,0.18125288085135421,Low Risk,Month-to-month,2,19.4
2342-CKIAO,0.18102592965003572,Low Risk,Month-to-month,2,20.3
4701-AHWMW,0.18087151927877207,Low Risk,Month-to-month,55,54.55
4013-GUXND,0.18087055906668448,Low Risk,Month-to-month,1,20.8
9818-XQCUV,0.18083901478192613,Low Risk,Month-to-month,2,20.35
3703-TTEPD,0.18079860047113772,Low Risk,Month-to-month,21,65.35
1867-TJHTS,0.18075358895185628,Low Risk,Month-to-month,58,79.8
0048-LUMLS,0.18069046460095617,Low Risk,One year,37,91.2
9705-IOVQQ,0.18066351327285005,Low Risk,One year,61,99.0
3407-QGWLG,0.18054082023329615,Low Risk,Month-to-month,3,20.05
8785-EPNCG,0.1805269554258391,Low Risk,Month-to-month,11,23.15
2858-MOFSQ,0.18027067224394766,Low Risk,One year,17,55.85
8945-MUQUF,0.18018295808064372,Low Risk,One year,51,94.8
5989-OMNJE,0.18017047133325215,Low Risk,One year,24,57.6
7188-CBBBA,0.18013816317897494,Low Risk,One year,65,95.5
2402-TAIRZ,0.18010451705437797,Low Risk,One year,37,80.05
7607-QKKTJ,0.1800244722912748,Low Risk,One year,45,95.0
6738-ISCBM,0.1799714191405428,Low Risk,One year,44,54.0
3936-QQFLL,0.17994635767535214,Low Risk,Month-to-month,2,19.75
5533-RJFTJ,0.17993590684043784,Low Risk,Month-to-month,49,30.2
9512-PHSMG,0.1797874123134762,Low Risk,Month-to-month,10,20.55
2111-DWYHN,0.17975207532273765,Low Risk,Month-to-month,1,21.1
4860-YZGZM,0.17974910286937498,Low Risk,Month-to-month,10,20.0
7797-EJMDP,0.17973270334737115,Low Risk,Month-to-month,8,66.05
2839-RFSQE,0.17972068330593774,Low Risk,Month-to-month,2,20.65
5315-CKEQK,0.17967955239502623,Low Risk,One year,28,51.0
8150-QUDFX,0.17957441821412648,Low Risk,Month-to-month,2,19.85
8182-PNAGI,0.17957016682741614,Low Risk,Month-to-month,12,50.25
8033-ATFAS,0.179456234499414,Low Risk,Month-to-month,39,59.85
1852-XEMDW,0.17927638236903418,Low Risk,Month-to-month,22,65.05
3635-JBPSG,0.1790446990510759,Low Risk,Two year,15,38.8
9700-ZCLOT,0.17901763539998167,Low Risk,Month-to-month,2,20.0
7140-ADSMJ,0.17898151597441841,Low Risk,Month-to-month,8,20.45
4923-ADWXJ,0.17886931890667412,Low Risk,Month-to-month,25,65.8
5919-VCZYM,0.17883234135786885,Low Risk,Month-to-month,2,20.05
0188-GWFLE,0.17883234135786885,Low Risk,Month-to-month,2,20.05
1518-OMDIK,0.178817240397437,Low Risk,Month-to-month,33,44.55
2486-WYVVE,0.17879610426107195,Low Risk,One year,31,79.3
1074-AMIOH,0.17861424611019677,Low Risk,Month-to-month,53,108.25
8627-EHGIP,0.17855841935459354,Low Risk,One year,44,53.95
3638-DIMPH,0.17851962910969768,Low Risk,One year,13,43.8
0851-DFJKB,0.1785133063939772,Low Risk,Month-to-month,15,58.95
1710-RCXUS,0.17844223478904636,Low Risk,One year,51,90.35
0479-HMSWA,0.178423128880454,Low Risk,Two year,26,105.45
6296-DDOOR,0.17838840566967223,Low Risk,One year,19,58.2
1732-FEKLD,0.1781581914927863,Low Risk,One year,54,94.75
7919-ZODZZ,0.17813798188004556,Low Risk,One year,10,65.9
5067-DGXLL,0.17809266540282112,Low Risk,Month-to-month,2,20.25
0030-FNXPP,0.17787698146844935,Low Risk,Month-to-month,3,19.85
0137-UDEUO,0.17787698146844935,Low Risk,Month-to-month,3,19.85
4195-SMMNX,0.17772372705719097,Low Risk,Month-to-month,2,20.35
7123-WQUHX,0.17769716701682953,Low Risk,One year,38,95.0
3417-TSCIC,0.1775088507427586,Low Risk,One year,29,24.85
0178-CIIKR,0.1775083934368414,Low Risk,Month-to-month,3,19.95
2959-EEXWB,0.1773484875470276,Low Risk,Month-to-month,45,50.9
6734-CKRSM,0.1773243241403104,Low Risk,Month-to-month,3,20.0
2220-IAHLS,0.1772924238179739,Low Risk,Month-to-month,1,19.4
1385-TQOZW,0.1772884725867807,Low Risk,Month-to-month,9,20.45
6497-TILVL,0.17688757555256587,Low Risk,Month-to-month,7,50.7
7853-GVUDZ,0.17683772120127328,Low Risk,Month-to-month,1,20.15
2576-HXMPA,0.17674119224007834,Low Risk,Month-to-month,1,19.55
8739-QOTTN,0.17665117518292348,Low Risk,Month-to-month,2,20.35
6383-ZTSIW,0.17656009349278828,Low Risk,One year,39,99.1
4908-XAXAY,0.17636254016774588,Low Risk,One year,49,89.85
0816-TSPHQ,0.1762539644791859,Low Risk,Month-to-month,2,20.75
7036-ZZKBD,0.17624632228996076,Low Risk,Month-to-month,31,66.4
6574-MCOEH,0.17621488701873342,Low Risk,One year,33,79.15
1591-MQJTP,0.17609023410010366,Low Risk,One year,51,93.65
9770-LXDBK,0.17585715818851763,Low Risk,Month-to-month,3,20.4
8562-GHPPI,0.17582546539626664,Low Risk,Month-to-month,1,19.8
8091-TTVAX,0.17579188244454252,Low Risk,One year,58,100.35
7266-GSSJX,0.17561576022372952,Low Risk,Month-to-month,11,20.45
8735-DCXNF,0.17558296716822852,Low Risk,Month-to-month,10,54.95
4869-EPIUS,0.1755393877584993,Low Risk,One year,56,80.9
9837-FWLCH,0.1754413168247242,Low Risk,Month-to-month,12,19.2
7108-DGVUU,0.17537971360234933,Low Risk,One year,21,71.7
2542-HYGIQ,0.17527782311104978,Low Risk,Month-to-month,1,19.95
3981-QSVQI,0.1752102828261108,Low Risk,Month-to-month,8,19.7
5206-HPJKM,0.17509219888030095,Low Risk,Month-to-month,17,55.5
8731-WBBMB,0.174936914266601,Low Risk,Month-to-month,26,81.9
4237-CLSMM,0.17486297117714544,Low Risk,Month-to-month,2,20.0
6776-TLWOI,0.17480183164983584,Low Risk,Month-to-month,3,19.85
7989-AWGEH,0.17479855487918777,Low Risk,Month-to-month,49,39.2
5827-MWCZK,0.1747701695266296,Low Risk,Month-to-month,56,96.95
4402-FTBXC,0.17467169489208462,Low Risk,Month-to-month,54,89.8
2758-RNWXS,0.1746504025572102,Low Risk,One year,35,89.2
3256-EZDBI,0.17460815963745624,Low Risk,Month-to-month,51,29.45
7926-IJOOU,0.17458845603311665,Low Risk,Month-to-month,1,19.3
6806-YDEUL,0.17457407129140984,Low Risk,Month-to-month,6,19.5
0939-EREMR,0.1744673339129075,Low Risk,Month-to-month,13,53.45
3870-MQAMG,0.17445844975020666,Low Risk,One year,54,110.35
5639-NTUPK,0.17444713244036514,Low Risk,Month-to-month,13,52.1
5198-HQAEN,0.17429468681199714,Low Risk,One year,35,89.7
4785-NKHCX,0.1742415111374361,Low Risk,Month-to-month,5,20.05
6112-KTHFQ,0.17423020796140862,Low Risk,Month-to-month,13,19.3
4377-VDHYI,0.17413249750734067,Low Risk,One year,32,90.8
3090-QFUVD,0.17400521638733515,Low Risk,Month-to-month,1,20.3
4316-XCSLJ,0.17376919268228133,Low Risk,Month-to-month,17,50.3
8904-OPDCK,0.17365131647605753,Low Risk,Month-to-month,54,24.95
2750-BJLSB,0.17340035994686087,Low Risk,One year,47,103.7
9350-VLHMB,0.1731912321684171,Low Risk,Month-to-month,67,89.55
7234-KMNRQ,0.1731784722972369,Low Risk,Month-to-month,4,19.0
5222-JCXZT,0.1731784722972369,Low Risk,Month-to-month,4,19.0
8976-OQHGT,0.1731271481968642,Low Risk,Month-to-month,4,56.5
9079-LWTFD,0.1726123763546532,Low Risk,Month-to-month,47,100.75
8080-POTJR,0.17252955901479858,Low Risk,One year,30,79.3
3807-BPOMJ,0.17248958883783427,Low Risk,One year,55,94.75
1336-EZFZY,0.17241891236457543,Low Risk,Month-to-month,4,20.05
1169-SAOCL,0.17224898989322973,Low Risk,One year,49,106.65
7361-YPXFS,0.1722375125171969,Low Risk,Month-to-month,28,64.45
3570-YUEKJ,0.1721327226450772,Low Risk,Month-to-month,42,49.55
4397-FRLTA,0.1720592672592257,Low Risk,Month-to-month,4,20.15
4083-BFNYK,0.17187126741776926,Low Risk,One year,38,95.0
0156-FVPTA,0.17181801169760214,Low Risk,Month-to-month,22,54.2
8410-BGQXN,0.17173844792746373,Low Risk,Month-to-month,4,19.4
6394-HHHZM,0.1717305010583741,Low Risk,Month-to-month,3,20.7
6421-SZVEM,0.17170301131616714,Low Risk,One year,28,82.85
7134-MJPDY,0.1716867920254294,Low Risk,One year,66,102.85
9831-BPFRI,0.17168251866210987,Low Risk,One year,39,89.55
4365-MSDYN,0.17166293128476395,Low Risk,Month-to-month,8,19.55
3528-HFRIQ,0.17162913019786824,Low Risk,Month-to-month,71,52.3
0723-VSOBE,0.1715550744355617,Low Risk,One year,45,34.2
5287-QWLKY,0.17149279237529746,Low Risk,Month-to-month,71,105.1
5687-DKDTV,0.17134176032160414,Low Risk,Month-to-month,4,20.35
9097-ZUBYC,0.17126486642909414,Low Risk,Month-to-month,14,48.8
7722-CVFXN,0.17122837102727262,Low Risk,One year,54,105.2
8250-ZNGGW,0.1712229667698715,Low Risk,Month-to-month,5,59.9
2925-MXLSX,0.17120575850853342,Low Risk,One year,30,68.95
8439-LTUGF,0.17116602005853795,Low Risk,Month-to-month,10,20.0
4495-LHSSK,0.17089244263496395,Low Risk,Month-to-month,18,57.65
6303-KFWSL,0.1708194238806248,Low Risk,One year,29,55.25
6131-JLWZM,0.1706307015308593,Low Risk,Month-to-month,13,20.3
4558-CGYCZ,0.17048622666657978,Low Risk,Month-to-month,4,19.75
3470-BTGQO,0.17046840445870745,Low Risk,Month-to-month,21,45.65
1142-IHLOO,0.17020249968117263,Low Risk,One year,51,87.55
9565-JSNFM,0.17018180773793404,Low Risk,One year,38,70.45
2621-UDNLU,0.17015166931814152,Low Risk,Month-to-month,3,20.85
9708-KFDBY,0.17009102393686074,Low Risk,Month-to-month,1,20.55
6231-WFGFH,0.17004537197694808,Low Risk,Month-to-month,4,20.5
3313-QKNKB,0.17000755533665896,Low Risk,One year,59,85.55
5702-SKUOB,0.16998153440203817,Low Risk,Month-to-month,4,19.6
6728-CZFEI,0.16957125011039992,Low Risk,One year,15,56.15
1585-MQSSU,0.1695451952562104,Low Risk,Month-to-month,17,51.5
2700-LUEVA,0.1693800456490586,Low Risk,Month-to-month,1,20.75
4350-ZTLPI,0.1693226289066346,Low Risk,One year,53,108.95
5562-YJQGT,0.16917274152711065,Low Risk,Month-to-month,2,20.35
2654-VBVPB,0.16907311202268396,Low Risk,Month-to-month,1,19.9
1222-LRYKO,0.168959800010677,Low Risk,Month-to-month,6,26.35
9139-WQQDY,0.16888659486423965,Low Risk,One year,49,100.45
0870-VEMYL,0.16885196403823644,Low Risk,Month-to-month,5,53.85
8952-WCVCD,0.16880437356488084,Low Risk,One year,41,104.45
4079-VTGLK,0.16861475382403376,Low Risk,Two year,30,74.85
9426-SXNHE,0.16855002969160535,Low Risk,Month-to-month,2,18.75
8044-BGWPI,0.16843869236480882,Low Risk,Month-to-month,12,21.15
4544-RXFMG,0.16831650787935443,Low Risk,One year,8,43.45
5174-ITUMV,0.16826644719471334,Low Risk,One year,67,105.4
3363-EWLGO,0.16815015029418015,Low Risk,Month-to-month,5,19.95
5897-ZYEKH,0.16797420888767037,Low Risk,One year,67,105.6
3221-CJMSG,0.16792637234925334,Low Risk,Month-to-month,24,51.1
2599-CZABP,0.16791178979762192,Low Risk,One year,14,44.6
5766-XQXMQ,0.16782178928626393,Low Risk,Month-to-month,29,68.85
9391-DXGGG,0.1675063542504995,Low Risk,One year,44,89.15
3977-QCRSL,0.16744564795784328,Low Risk,Month-to-month,5,20.15
4781-ZXYGU,0.16743846894714431,Low Risk,Month-to-month,1,20.15
1629-DQQVB,0.16732982872068652,Low Risk,Month-to-month,14,50.1
6728-VOIFY,0.1672125614414507,Low Risk,One year,63,96.0
5298-GSTLM,0.16713528452280996,Low Risk,One year,60,101.4
9367-OIUXP,0.1671239178680418,Low Risk,Month-to-month,4,20.7
0549-CYCQN,0.16712222512176253,Low Risk,One year,51,79.6
1194-SPVSP,0.1669948287578177,Low Risk,Month-to-month,1,19.65
1170-SASML,0.16665945332774207,Low Risk,Month-to-month,69,85.4
7694-VLBWQ,0.1666582594462842,Low Risk,One year,67,104.1
4190-MFLUW,0.1666466515493581,Low Risk,Month-to-month,10,55.2
3717-OFRTN,0.1666442194199964,Low Risk,Month-to-month,1,19.75
1641-BYBTK,0.1659394761760287,Low Risk,Month-to-month,6,20.2
1349-WXNGG,0.1655959248769463,Low Risk,Month-to-month,1,20.05
9481-IEBZY,0.1653645341491797,Low Risk,Month-to-month,72,112.9
8421-WZOOW,0.16529099184963303,Low Risk,Month-to-month,57,95.3
2908-ZTPNF,0.16523573145971984,Low Risk,Month-to-month,36,34.85
6377-KSLXC,0.16520936647459514,Low Risk,Month-to-month,5,19.95
7382-DFJTU,0.16519194231312462,Low Risk,Month-to-month,18,55.2
9972-VAFJJ,0.16518950000455696,Low Risk,One year,53,94.0
2237-ZFSMY,0.16511964542784754,Low Risk,One year,39,95.55
7310-EGVHZ,0.1650737628575218,Low Risk,Month-to-month,1,20.2
5730-RIITO,0.16500387870646957,Low Risk,Month-to-month,43,33.45
7706-DZNKK,0.16500162642782465,Low Risk,Month-to-month,11,20.45
9909-DFRJA,0.16495747011468623,Low Risk,One year,26,95.85
3982-DQLUS,0.16488439202670788,Low Risk,Month-to-month,65,85.75
5708-EVONK,0.16474614909039131,Low Risk,Month-to-month,58,93.4
3468-DRVQJ,0.16463478074772958,Low Risk,One year,10,70.3
0447-BEMNG,0.16454917392550306,Low Risk,Month-to-month,48,45.3
1448-CYWKC,0.16454317758479786,Low Risk,One year,58,105.2
6211-WHMYA,0.16443236079479043,Low Risk,Month-to-month,64,43.85
7964-YESJC,0.16443119740100903,Low Risk,Month-to-month,24,66.3
1116-DXXDF,0.16441790685411864,Low Risk,Two year,39,100.45
7663-ZTEGJ,0.16435613509341268,Low Risk,One year,29,100.55
9058-HRZSV,0.1642699603715977,Low Risk,Month-to-month,65,94.4
9092-GDZKO,0.16418460346426364,Low Risk,Month-to-month,22,24.85
7968-QUXNS,0.1641759862165648,Low Risk,Month-to-month,6,18.95
2439-QKJUL,0.16416831992524986,Low Risk,Month-to-month,5,20.25
8961-QDZZJ,0.16411920150672807,Low Risk,One year,57,95.0
0114-RSRRW,0.16406626787295792,Low Risk,Month-to-month,10,19.95
6621-YOBKI,0.16382247783609324,Low Risk,Month-to-month,5,20.35
9040-KZVWO,0.16381945150429328,Low Risk,One year,26,75.5
8314-DPQHL,0.1635183724697064,Low Risk,One year,9,50.8
6505-OZNPG,0.16344816917313526,Low Risk,Two year,6,63.4
6972-SNKKW,0.16344810567996523,Low Risk,Month-to-month,6,20.0
8671-KKKOS,0.16338435394685744,Low Risk,Month-to-month,46,45.55
4903-UYAVB,0.16337036383043343,Low Risk,Month-to-month,5,19.35
0655-YDGFJ,0.16336653192338366,Low Risk,Month-to-month,29,48.95
2284-VFLKH,0.16335240234350146,Low Risk,One year,49,99.25
5850-BDWCY,0.16275944905642398,Low Risk,Month-to-month,6,20.2
2252-JHJGE,0.16273404128289348,Low Risk,One year,61,104.0
3190-XFANI,0.1626903543101335,Low Risk,One year,49,100.6
7299-GNVPL,0.16263835142149677,Low Risk,Month-to-month,23,84.4
5811-IWXYM,0.16259360144053064,Low Risk,One year,52,101.25
0639-TSIQW,0.16258058878596707,Low Risk,Month-to-month,67,102.95
9571-EDEBV,0.16253785083693223,Low Risk,One year,71,98.65
6728-WYQBC,0.1624827534772873,Low Risk,Month-to-month,1,20.95
5478-JJVZK,0.1620829479025426,Low Risk,Month-to-month,33,60.9
3339-EAQNV,0.16203938906367088,Low Risk,One year,72,97.25
3927-NLNRY,0.1614252578834324,Low Risk,One year,53,94.25
0278-YXOOG,0.16141797086996687,Low Risk,Month-to-month,5,21.05
2320-YKQBO,0.1613967123127368,Low Risk,Month-to-month,7,19.3
1140-UKVZG,0.1612678089911266,Low Risk,Month-to-month,17,24.8
6705-LNMDD,0.16121341295798858,Low Risk,Month-to-month,20,50.0
7874-ECPQJ,0.1611254756723974,Low Risk,Month-to-month,4,20.05
2928-HLDBA,0.16104803525666034,Low Risk,Month-to-month,6,20.7
3948-XHGNA,0.16097597291800614,Low Risk,Month-to-month,24,49.55
2040-OBMLJ,0.16093101548770272,Low Risk,One year,31,81.7
2303-PJYHN,0.16080968362964232,Low Risk,Month-to-month,2,19.85
1337-BOZWO,0.16075037181883156,Low Risk,One year,18,46.4
4895-TMWIR,0.16074922554770704,Low Risk,Month-to-month,11,19.95
5151-HQRDG,0.16069687645157107,Low Risk,Month-to-month,37,55.05
5202-IVJNU,0.16066307301977056,Low Risk,Month-to-month,39,30.1
3170-GWYKC,0.16041771069810437,Low Risk,Month-to-month,60,104.95
9364-YKUVW,0.16040762474541645,Low Risk,Month-to-month,15,19.8
8319-QBEHW,0.16037780424572962,Low Risk,One year,26,39.95
7017-VFULY,0.15996046229088737,Low Risk,Month-to-month,2,20.1
4472-VESGY,0.1598392228546706,Low Risk,Month-to-month,52,98.15
9618-LFJRU,0.15982934934713483,Low Risk,Month-to-month,4,20.45
8999-XXGNS,0.15966601764114113,Low Risk,One year,72,105.75
7409-JURKQ,0.15944975716888132,Low Risk,One year,53,111.8
5268-DSMNQ,0.15936363571428377,Low Risk,One year,62,97.95
0373-AIVNJ,0.15925682408987704,Low Risk,One year,9,39.55
5688-KZTSN,0.15896685285349021,Low Risk,Month-to-month,15,20.0
1383-EZRWL,0.15885243731739257,Low Risk,Month-to-month,7,20.05
4374-YMUSQ,0.1587417900316504,Low Risk,One year,34,116.25
4422-QVIJA,0.15871581320035577,Low Risk,Month-to-month,35,50.15
6490-FGZAT,0.1583758833159666,Low Risk,Month-to-month,6,20.65
2212-LYASK,0.1581897661835632,Low Risk,One year,27,45.85
4913-EHYUI,0.1580711185533462,Low Risk,One year,56,104.55
9821-BESNZ,0.15798871842651813,Low Risk,One year,66,104.25
0292-WEGCH,0.1578696502714511,Low Risk,Month-to-month,54,86.2
4789-KWMXN,0.15784944006367863,Low Risk,One year,47,110.85
6671-NGWON,0.15784387404244796,Low Risk,Month-to-month,7,20.35
4710-FDUIZ,0.1575080869026611,Low Risk,One year,56,100.3
4140-WJAWW,0.15747982657879792,Low Risk,Month-to-month,5,19.85
6979-TNDEU,0.15734895418698375,Low Risk,Month-to-month,8,19.2
6425-YQLLO,0.15703619568607338,Low Risk,One year,66,105.95
1376-HHBDV,0.15687188853396036,Low Risk,Month-to-month,30,48.8
3530-CRZSB,0.15684052020985026,Low Risk,Month-to-month,7,20.65
2896-TBNBE,0.15676838320691344,Low Risk,One year,40,80.8
5067-XJQFU,0.1565851020633895,Low Risk,One year,66,108.45
2332-EFBJY,0.15638004677764727,Low Risk,Month-to-month,16,19.7
8715-KKTFG,0.1561749920589833,Low Risk,One year,61,103.3
1735-XMJVH,0.15613848822293164,Low Risk,Month-to-month,8,19.35
4198-VFOEA,0.1558904525775629,Low Risk,One year,12,33.6
6617-WLBQC,0.15584424702000088,Low Risk,One year,23,81.85
7356-AYNJP,0.15579246609796285,Low Risk,One year,4,23.9
5590-ZSKRV,0.155408375313054,Low Risk,Month-to-month,8,54.65
4194-WHFCB,0.1553608816776505,Low Risk,Month-to-month,59,96.65
9762-YAQAA,0.15518020346218037,Low Risk,One year,39,81.4
4277-UDIEF,0.15517698646442457,Low Risk,Month-to-month,24,81.0
1925-GMVBW,0.15515114049417592,Low Risk,Month-to-month,5,20.55
0484-FFVBJ,0.15489437707479667,Low Risk,One year,32,64.85
3763-GCZHZ,0.15488965741251484,Low Risk,One year,66,104.05
5150-LJNSR,0.154824218813913,Low Risk,One year,31,98.05
1925-LFCZZ,0.1546739158811021,Low Risk,One year,55,50.05
5343-SGUBI,0.15453175963678273,Low Risk,One year,52,80.2
2359-QWQUL,0.15429954407636803,Low Risk,One year,39,104.7
4700-UBQMV,0.15425743039493794,Low Risk,One year,21,75.9
9402-CXWPL,0.15413968947586698,Low Risk,One year,70,98.9
0961-ZWLVI,0.1541314283095603,Low Risk,One year,49,109.2
4800-CZMPC,0.1541069145391136,Low Risk,One year,48,103.25
6050-IJRHS,0.15410645061433745,Low Risk,One year,70,106.5
2159-TURXX,0.15403239995585002,Low Risk,Month-to-month,5,20.05
5832-EXGTT,0.15396077483984236,Low Risk,Month-to-month,29,60.2
0128-MKWSG,0.15381354995210605,Low Risk,Month-to-month,26,45.8
3948-FVVRP,0.15373530192332543,Low Risk,Month-to-month,9,54.8
0750-EKNGL,0.1537324330337291,Low Risk,Month-to-month,7,20.75
9970-QBCDA,0.15367628865643518,Low Risk,Month-to-month,6,19.7
5206-XZZQI,0.15363117791782205,Low Risk,Month-to-month,53,80.6
1991-VOPLL,0.15354800109610564,Low Risk,Month-to-month,9,19.05
4926-UMJZD,0.15340310621140912,Low Risk,Month-to-month,31,49.2
7808-DVWEP,0.15317543592555358,Low Risk,Month-to-month,3,20.0
4710-NKCAW,0.15299166571097808,Low Risk,Month-to-month,5,64.4
4676-MQUEA,0.15257091243852383,Low Risk,One year,50,101.9
5312-IRCFR,0.15250526797411615,Low Risk,One year,64,92.85
5473-KHBPS,0.15249997942854993,Low Risk,One year,52,95.7
5510-BOIUJ,0.1524659583396608,Low Risk,Month-to-month,1,19.25
3285-UCQVC,0.1524423166847566,Low Risk,Month-to-month,37,28.6
9986-BONCE,0.15226978690454795,Low Risk,Month-to-month,4,20.95
1409-PHXTF,0.15211683377903018,Low Risk,Two year,54,110.45
7868-BGSZA,0.15211627219559898,Low Risk,One year,43,80.2
0927-CNGRH,0.15149064047240593,Low Risk,Month-to-month,1,19.55
6797-UCJHZ,0.15140293079300193,Low Risk,One year,66,104.6
1625-JAIIY,0.1513974833558645,Low Risk,One year,68,83.0
4163-KIUHY,0.1513279141860385,Low Risk,Month-to-month,35,25.6
5640-CAXOA,0.15132200058903378,Low Risk,One year,30,40.35
6092-QZVPP,0.15112723685540735,Low Risk,Month-to-month,36,79.2
1237-WIYYZ,0.151108851520184,Low Risk,Month-to-month,18,19.55
4760-XOHVN,0.15087029222853116,Low Risk,Month-to-month,1,19.45
6849-WLEYG,0.15084327991490062,Low Risk,Month-to-month,1,19.75
0699-NDKJM,0.1507880148841476,Low Risk,Month-to-month,57,58.75
4291-HPAXL,0.15052045362348446,Low Risk,Month-to-month,1,19.85
8920-NAVAY,0.15047723481419367,Low Risk,One year,62,110.75
4332-MUOEZ,0.1504204679628216,Low Risk,One year,20,94.3
9839-ETQOE,0.15031417418551224,Low Risk,Month-to-month,43,40.45
0330-BGYZE,0.15027194934771182,Low Risk,One year,60,102.5
0103-CSITQ,0.15023802182789736,Low Risk,One year,57,109.4
4753-PADAS,0.15022703936455434,Low Risk,One year,67,105.7
4189-NAKJS,0.15003691758932391,Low Risk,One year,26,51.55
5863-OOKCL,0.14998326571604104,Low Risk,Month-to-month,10,18.85
2812-SFXMJ,0.14987650663103358,Low Risk,Month-to-month,1,20.05
8563-IIOXK,0.149851721137337,Low Risk,One year,7,49.75
6278-FEPBZ,0.14965484568475088,Low Risk,Month-to-month,9,20.25
4023-RTIQM,0.1494567409606539,Low Risk,One year,31,50.4
5876-HZVZM,0.1493532635843612,Low Risk,Month-to-month,6,55.9
3275-RHRNE,0.14902076640950343,Low Risk,One year,28,60.0
4450-MDZFX,0.14899675019233297,Low Risk,Month-to-month,60,74.35
3373-YZZYM,0.14897564561978732,Low Risk,Month-to-month,1,19.2
9962-BFPDU,0.14894157045736447,Low Risk,Month-to-month,1,20.05
2851-MMUTZ,0.1484468423513377,Low Risk,Month-to-month,27,56.15
3156-QLHBO,0.14828362178807183,Low Risk,Month-to-month,2,19.25
0310-VQXAM,0.1482499592931787,Low Risk,Month-to-month,9,19.85
8474-UMLNT,0.1481947529352374,Low Risk,Month-to-month,13,67.8
0516-QREYC,0.1481712702126011,Low Risk,Month-to-month,24,20.3
2452-SNHFZ,0.1480309870041964,Low Risk,Month-to-month,47,75.45
7105-MXJLL,0.1479378345567409,Low Risk,One year,26,60.7
6981-TDRFT,0.14782332432677908,Low Risk,One year,44,54.3
3645-DEYGF,0.14764055018223726,Low Risk,Month-to-month,1,20.75
3126-WQMGH,0.14759907508591136,Low Risk,Month-to-month,49,52.15
9470-RTWDV,0.14756792754912101,Low Risk,One year,26,82.0
5345-BMKWB,0.14750869481644568,Low Risk,Month-to-month,8,20.25
4830-FAXFM,0.14750384476458114,Low Risk,Month-to-month,19,24.1
2023-VQFDL,0.1474528759509901,Low Risk,Month-to-month,18,19.0
4580-TMHJU,0.1474427507300223,Low Risk,Month-to-month,43,56.15
0247-SLUJI,0.1473836544538511,Low Risk,Month-to-month,1,19.7
3803-KMQFW,0.14734988037920183,Low Risk,Month-to-month,1,20.55
8944-AILEF,0.14732630250759174,Low Risk,Month-to-month,15,19.45
6723-WSNTY,0.1471007925239115,Low Risk,One year,66,108.1
4083-EUGRJ,0.1469803735344743,Low Risk,Month-to-month,9,20.25
0678-RLHVP,0.14695184095572675,Low Risk,Two year,53,105.55
6322-PJJDJ,0.14694657843637518,Low Risk,Two year,49,94.8
0595-ITUDF,0.14694091834764375,Low Risk,Month-to-month,64,91.8
5515-IDEJJ,0.14675080881925837,Low Risk,Month-to-month,1,19.9
0810-BDHAW,0.1467402329139732,Low Risk,One year,24,78.4
7740-KKCXF,0.14670210256201324,Low Risk,Month-to-month,51,30.05
3523-QRQLL,0.14668124632804244,Low Risk,One year,22,69.5
0142-GVYSN,0.14665847312310754,Low Risk,Month-to-month,26,20.3
4946-EDSEW,0.14656991343007253,Low Risk,Month-to-month,11,19.25
4568-TTZRT,0.1465066041014284,Low Risk,Month-to-month,9,20.4
3675-EQOZA,0.14638365979502038,Low Risk,Month-to-month,5,20.65
6563-VNPMN,0.1462660742511585,Low Risk,Month-to-month,45,85.7
5555-RNPGT,0.14607855796498082,Low Risk,Month-to-month,10,24.8
2242-MFOTG,0.14602563124557974,Low Risk,One year,33,80.1
3316-UWXUY,0.14593050647952296,Low Risk,Month-to-month,50,93.5
5074-FBGHB,0.14590591683667134,Low Risk,One year,64,104.65
1984-FCOWB,0.1457477883680759,Low Risk,One year,70,109.5
3011-WQKSZ,0.14574710353692447,Low Risk,Month-to-month,19,20.0
4489-SNOJF,0.14541704656529017,Low Risk,Month-to-month,35,72.25
0098-BOWSO,0.14540713228734573,Low Risk,Month-to-month,27,19.4
8053-WWDRO,0.14500399030147773,Low Risk,Month-to-month,6,19.5
8929-KSWIH,0.14500271198467615,Low Risk,Two year,25,99.3
8496-DMZUK,0.14493269337672923,Low Risk,One year,30,90.4
9039-RBEEE,0.14482277669611993,Low Risk,Month-to-month,39,48.95
9115-YQHGA,0.1447364620021474,Low Risk,Month-to-month,40,51.1
2410-CIYFZ,0.1446571452543942,Low Risk,Month-to-month,2,20.4
9554-DFKIC,0.14449942533921564,Low Risk,Month-to-month,30,54.45
4075-JFPGR,0.1444055468975787,Low Risk,One year,51,93.5
9844-FELAJ,0.14433263473629543,Low Risk,One year,70,107.9
3896-RCYYE,0.1443290135499912,Low Risk,Month-to-month,67,53.4
9974-JFBHQ,0.14432450431848629,Low Risk,Month-to-month,64,99.15
1502-XFCVR,0.14429260674450736,Low Risk,One year,58,106.45
4644-PIZRT,0.14413429475357997,Low Risk,One year,17,70.35
2272-JKMSI,0.14389941074488843,Low Risk,One year,62,110.8
7787-BNTZM,0.14388685399215434,Low Risk,Month-to-month,6,20.15
1984-GPTEH,0.14385506500315984,Low Risk,Month-to-month,29,25.15
1447-PJGGA,0.14383471215480803,Low Risk,Two year,57,95.25
6583-SZVGP,0.14372889863314983,Low Risk,Two year,48,108.1
5481-NTDOH,0.14358554596647424,Low Risk,One year,67,107.05
5616-PRTNT,0.14356921815947216,Low Risk,Month-to-month,20,19.4
6368-NWMCE,0.1434053130083562,Low Risk,Month-to-month,38,68.15
0787-LHDYT,0.14320225894796415,Low Risk,Month-to-month,16,20.6
7785-RDVIG,0.1431362545814031,Low Risk,Month-to-month,3,19.3
1009-IRMNA,0.14293107353973608,Low Risk,Month-to-month,7,20.0
9036-CSKBW,0.1428471671924146,Low Risk,One year,51,107.45
5140-FOMCQ,0.1428281215491959,Low Risk,One year,59,109.15
2969-WGHQO,0.14258482207035306,Low Risk,One year,7,69.45
9978-HYCIN,0.1424852145629045,Low Risk,One year,47,84.95
0409-WTMPL,0.1422047589729575,Low Risk,One year,58,110.65
7824-PANSQ,0.14217635126016537,Low Risk,Month-to-month,58,80.65
1465-WCZVT,0.14205681555540575,Low Risk,Month-to-month,3,19.65
7521-YXVZY,0.14203111728982934,Low Risk,Month-to-month,3,19.95
9496-IVVRP,0.14164179223797124,Low Risk,Month-to-month,11,51.0
4797-MIWUM,0.14150613575205775,Low Risk,Month-to-month,7,20.25
6732-FZUGP,0.14147899592098287,Low Risk,One year,47,94.9
1755-RMCXH,0.14146890734181963,Low Risk,Month-to-month,2,20.3
9659-ZTWSM,0.14129510778477344,Low Risk,One year,66,107.35
2294-DMMUS,0.14120426367407662,Low Risk,Month-to-month,62,70.45
8224-IVVPA,0.14117078795687618,Low Risk,Month-to-month,27,56.7
7013-PSXHK,0.1411181433560807,Low Risk,One year,40,80.75
2586-CWXVV,0.14083072816644032,Low Risk,Month-to-month,54,30.4
0997-YTLNY,0.1407499050941117,Low Risk,Month-to-month,19,48.8
5197-PYEPU,0.14055054091608696,Low Risk,One year,42,94.45
1543-LLLFT,0.14023274208328573,Low Risk,One year,61,98.3
3714-XPXBW,0.14017328059089817,Low Risk,Month-to-month,37,78.9
3272-VUHPV,0.14001640047595199,Low Risk,Month-to-month,8,56.3
3750-RNQKR,0.13999376217593823,Low Risk,Month-to-month,12,19.45
6097-EQISJ,0.13975421988018122,Low Risk,One year,66,102.45
6906-MPARY,0.13961518278585344,Low Risk,One year,40,89.6
7721-JXEAW,0.13961470267529813,Low Risk,Month-to-month,59,41.05
1921-KYSAY,0.13961379020521225,Low Risk,One year,41,68.6
6873-UDNLD,0.13941788519265824,Low Risk,Month-to-month,40,67.45
9504-DSHWM,0.13936065218006918,Low Risk,Month-to-month,20,59.2
3428-MMGUB,0.1393589429820287,Low Risk,Two year,60,89.55
7516-GMHUV,0.13935322988966709,Low Risk,Two year,50,105.05
7764-BDPEE,0.13928700745647113,Low Risk,Month-to-month,3,20.85
1563-IWQEX,0.13923622903392358,Low Risk,Month-to-month,12,19.7
2371-JUNGC,0.13895965386915216,Low Risk,Month-to-month,11,20.25
1309-XGFSN,0.138846840933007,Low Risk,One year,52,80.85
5396-IZEPB,0.13878267160161428,Low Risk,Month-to-month,9,19.7
9932-WBWIK,0.13865810736540893,Low Risk,Month-to-month,11,20.35
2233-TXSIU,0.13862830864022146,Low Risk,One year,17,44.45
3886-CERTZ,0.13853436768315858,Low Risk,One year,72,109.25
1208-DNHLN,0.138484219566653,Low Risk,One year,23,48.35
0786-IVLAW,0.13845324680545743,Low Risk,One year,66,108.1
3863-IUBJR,0.13839879165924265,Low Risk,One year,12,53.65
7740-BTPUX,0.13820360606895019,Low Risk,Two year,55,113.6
3633-CDBUW,0.13820329023081315,Low Risk,One year,17,80.85
9633-DENPU,0.1381788581172947,Low Risk,Month-to-month,47,58.6
9367-TCUYN,0.1380313257962908,Low Risk,Month-to-month,12,20.1
0620-XEFWH,0.1379953845971269,Low Risk,Month-to-month,4,18.85
9101-BWFSS,0.1379406940713394,Low Risk,One year,50,108.55
9644-KVCNC,0.13784628229747495,Low Risk,One year,66,92.15
5995-OIGLP,0.1377718261687313,Low Risk,Month-to-month,12,56.65
9013-AQORL,0.13774754675729103,Low Risk,Month-to-month,48,45.55
3865-ZYKAD,0.1375845872398795,Low Risk,Month-to-month,69,84.9
6838-HVLXG,0.1374321648453823,Low Risk,Month-to-month,12,20.3
3391-JSQEW,0.13742825724605517,Low Risk,Month-to-month,40,50.15
9546-KDTRB,0.13735878822652567,Low Risk,Month-to-month,19,24.7
8851-RAGOV,0.13726362465029532,Low Risk,Month-to-month,25,71.05
4726-DLWQN,0.13714831127988833,Low Risk,Month-to-month,50,70.35
1539-LNKHM,0.13713340512308808,Low Risk,Month-to-month,12,20.4
8847-GEOOQ,0.13710995350976865,Low Risk,Month-to-month,60,60.2
4184-VODJZ,0.13689259752621263,Low Risk,One year,63,91.35
9146-JRIOX,0.13680421022982986,Low Risk,Month-to-month,14,25.55
5353-WILCI,0.1366460434035399,Low Risk,Month-to-month,28,56.05
7727-SHVZV,0.13657685601769903,Low Risk,Month-to-month,9,19.5
5756-JYOJT,0.13654793467863746,Low Risk,One year,11,64.9
7789-CRUVC,0.13642375480235938,Low Risk,Month-to-month,61,94.2
0031-PVLZI,0.1360249372161227,Low Risk,Month-to-month,4,20.35
7094-MSZAO,0.13573145519355254,Low Risk,Month-to-month,10,20.05
9495-REDIY,0.13569175110128093,Low Risk,One year,25,40.65
7136-RVDTZ,0.13569147958569255,Low Risk,One year,70,45.25
6214-EDAKZ,0.13564146337245603,Low Risk,Month-to-month,22,55.15
0696-UKTOX,0.13562329154205033,Low Risk,Month-to-month,23,54.15
9609-BENEA,0.13544239595644086,Low Risk,One year,35,69.0
9786-IJYDL,0.1354367397139198,Low Risk,Two year,35,113.2
0580-PIQHM,0.13538199066894685,Low Risk,One year,41,101.6
3623-FQBOX,0.13523955909259414,Low Risk,Month-to-month,21,19.95
5025-GOOKI,0.13518908957351092,Low Risk,Month-to-month,20,18.9
7845-URHJN,0.13514585455239495,Low Risk,Month-to-month,8,20.15
3893-JRNFS,0.13504275159105678,Low Risk,Month-to-month,68,39.9
3752-CQSJI,0.13499403887279623,Low Risk,Month-to-month,13,20.45
8963-MQVYN,0.13478852681984463,Low Risk,Month-to-month,22,20.55
2428-ZMCTB,0.13476879500514996,Low Risk,Month-to-month,10,19.75
9738-QLWTP,0.13469563028387957,Low Risk,One year,39,81.9
2791-SFVEW,0.13465481828473455,Low Risk,Month-to-month,9,20.15
6035-RIIOM,0.134631861684207,Low Risk,Two year,54,97.2
7219-TLZHO,0.13454945999074966,Low Risk,Month-to-month,4,20.85
8942-DBMHZ,0.13450037813030993,Low Risk,Month-to-month,12,20.45
2001-MCUUW,0.13436841937290417,Low Risk,Two year,46,108.65
0233-FTHAV,0.13432029929270314,Low Risk,One year,60,79.2
0594-UFTUL,0.13429058276370898,Low Risk,Month-to-month,13,19.85
7605-SNLQG,0.13421666164160118,Low Risk,Month-to-month,45,50.25
0621-JFHOL,0.13417140597770147,Low Risk,Two year,10,29.6
8318-LCNBW,0.13411601959887245,Low Risk,One year,35,53.15
1135-HIORI,0.1341045915992245,Low Risk,One year,64,111.45
0380-ZCSBI,0.13403512866653308,Low Risk,Month-to-month,10,20.0
5539-HIVAK,0.13378372462314558,Low Risk,Month-to-month,28,25.7
4182-BGSIQ,0.1337126442295115,Low Risk,Month-to-month,10,19.8
9867-NNXLC,0.13360054949312594,Low Risk,Month-to-month,22,20.05
5945-AZYHT,0.13357968301085,Low Risk,One year,71,109.6
9294-TDIPC,0.1335067539589195,Low Risk,Month-to-month,5,20.2
5469-CTCWN,0.13340555545105623,Low Risk,One year,61,106.0
0002-ORFBO,0.13335439559796827,Low Risk,One year,9,65.6
4002-BQWPQ,0.13308818060840344,Low Risk,Month-to-month,25,81.75
6286-ZHAOK,0.132874037483033,Low Risk,Month-to-month,20,25.55
9060-HJJRW,0.1327611949688439,Low Risk,One year,51,56.4
0442-ZXKVS,0.13267539789612187,Low Risk,One year,54,115.6
1950-KSVVJ,0.13240704933968592,Low Risk,One year,45,113.3
1257-SXUXQ,0.13239889774161603,Low Risk,Month-to-month,5,19.45
0257-KXZGU,0.13224972956143438,Low Risk,Month-to-month,32,62.45
8017-UVSZU,0.13211645104414227,Low Risk,Month-to-month,40,56.6
6156-UZDLF,0.13193912528468466,Low Risk,One year,26,87.15
8433-WPJTV,0.13183569191710873,Low Risk,One year,65,103.9
5569-IDSEY,0.1318221735776741,Low Risk,One year,71,105.7
1573-LGXBA,0.13176695897659899,Low Risk,One year,57,97.55
8591-NXRCV,0.13167278269232344,Low Risk,Month-to-month,41,74.65
1345-GKDZZ,0.1316277210751777,Low Risk,Month-to-month,6,19.55
3506-LCJDC,0.13156375201460666,Low Risk,Month-to-month,1,19.95
9391-TTOYH,0.13143216212626185,Low Risk,Month-to-month,23,19.5
3038-PQIUY,0.13137039738235506,Low Risk,Month-to-month,38,66.15
4719-UMSIY,0.13133965815413223,Low Risk,Month-to-month,6,19.65
0076-LVEPS,0.13131151189101337,Low Risk,Month-to-month,29,45.0
7623-HKYRK,0.13119582745810462,Low Risk,Month-to-month,6,19.7
2748-MYRVK,0.13112454429957368,Low Risk,One year,63,99.9
8457-XIGKN,0.13071326102070802,Low Risk,Month-to-month,20,19.6
1163-ONYEY,0.13069256482814712,Low Risk,Month-to-month,41,74.55
7674-YTAFD,0.13057158309990913,Low Risk,One year,33,79.95
7777-UNYHB,0.13047471823813633,Low Risk,Month-to-month,12,20.1
3077-RSNTJ,0.13035955310616074,Low Risk,Month-to-month,6,19.7
7544-ZVIKX,0.13032340273090237,Low Risk,One year,58,105.05
5619-PTMIK,0.13024271626910405,Low Risk,Month-to-month,46,53.1
6164-HXUGH,0.1299311979638427,Low Risk,Month-to-month,6,19.85
5985-TBABQ,0.12991716657864077,Low Risk,One year,32,74.75
9929-PLVPA,0.12985226988598322,Low Risk,Month-to-month,4,20.4
7812-FZHPE,0.1296874223110794,Low Risk,Month-to-month,17,24.1
1304-SEGFY,0.12967754186609615,Low Risk,Two year,72,97.85
1202-KKGFU,0.1295321936702422,Low Risk,Month-to-month,12,54.2
9494-BDNNC,0.12922115911085427,Low Risk,One year,66,95.3
1322-AGOQM,0.12921133520585149,Low Risk,Month-to-month,46,30.3
5913-INRQV,0.12908828553492638,Low Risk,One year,34,90.15
9074-KGVOX,0.1287528697303362,Low Risk,Month-to-month,50,39.45
5149-CUZUJ,0.12872933483424503,Low Risk,One year,28,92.9
6784-XYJAE,0.12867549722389524,Low Risk,One year,36,55.8
3061-BCKYI,0.1286060616737551,Low Risk,Month-to-month,14,19.9
4353-HYOJD,0.12843378261288516,Low Risk,Month-to-month,27,49.85
3724-UCSHY,0.12840087548308685,Low Risk,Month-to-month,6,19.55
3086-RUCRN,0.1283477846997383,Low Risk,Month-to-month,66,103.1
3318-ISQFQ,0.12833409989275307,Low Risk,Month-to-month,20,19.5
2692-AQCPF,0.12833282389682193,Low Risk,One year,65,108.05
6769-DCQLI,0.1283239959826422,Low Risk,One year,52,105.0
2801-NISEI,0.1281945398001169,Low Risk,Month-to-month,24,54.95
6040-CGACY,0.1281588260855693,Low Risk,Month-to-month,15,19.6
0206-TBWLC,0.12784220986382278,Low Risk,One year,54,114.65
5832-TRLPB,0.1276759967025639,Low Risk,One year,29,75.35
1545-ACTAS,0.1273437734153281,Low Risk,One year,48,99.7
0347-UBKUZ,0.1273156420647906,Low Risk,Month-to-month,15,19.9
5176-LDKUH,0.1269939628939987,Low Risk,One year,48,75.15
6227-FBDXH,0.12690710969332789,Low Risk,One year,69,99.5
4770-QAZXN,0.1268716021820977,Low Risk,Month-to-month,13,19.45
8216-AZUUZ,0.12684338174393078,Low Risk,Two year,42,100.4
5081-NWSUP,0.12683938740494724,Low Risk,One year,10,64.9
9256-JTBNZ,0.1267868974230808,Low Risk,Month-to-month,11,20.3
4903-CNOZC,0.12677409106458173,Low Risk,One year,29,70.9
5985-BEHZK,0.12673368482165823,Low Risk,One year,72,105.0
3039-MJSLN,0.12670037027191364,Low Risk,Month-to-month,3,20.2
6900-RBKER,0.1266842518345052,Low Risk,Two year,52,89.45
5240-CAOYT,0.12666182344343993,Low Risk,Month-to-month,57,87.55
9798-DRYDS,0.12665427841342572,Low Risk,One year,17,61.95
4011-ARPHK,0.12651758298813345,Low Risk,Month-to-month,27,50.35
7531-GQHME,0.12647656402031063,Low Risk,Month-to-month,12,20.05
6778-EICRF,0.12622173791770427,Low Risk,One year,24,74.8
0345-XMMUG,0.12610176438339724,Low Risk,Two year,46,108.9
4785-QRJHC,0.12591603992488923,Low Risk,One year,46,59.9
3450-WXOAT,0.12588634289748707,Low Risk,Month-to-month,46,45.2
1389-WNUIB,0.12580599249377783,Low Risk,One year,20,76.0
5921-NGYRH,0.1257303871518006,Low Risk,Month-to-month,64,73.55
2882-DDZPG,0.1255416076047121,Low Risk,Month-to-month,12,19.45
4694-PHWFW,0.12553425109888686,Low Risk,Month-to-month,8,19.95
5837-LXSDN,0.12553024905585392,Low Risk,One year,21,58.85
8138-EALND,0.1253961050765923,Low Risk,Month-to-month,15,19.75
6302-JGYRJ,0.1253944450519657,Low Risk,One year,31,79.45
2717-HVIZY,0.1252575999886415,Low Risk,Month-to-month,8,20.05
5996-NRVXR,0.1248892472265147,Low Risk,One year,40,98.15
0487-RPVUM,0.12486500685073226,Low Risk,Month-to-month,61,99.4
5774-XZTQC,0.12461447987578074,Low Risk,Month-to-month,7,20.45
4274-DRSQT,0.12457380972261922,Low Risk,One year,66,88.9
4429-WYGFR,0.12457144621843441,Low Risk,Month-to-month,26,49.15
6202-JVYEU,0.12448445994022528,Low Risk,One year,9,19.9
6674-KVJHG,0.12435434308351916,Low Risk,One year,11,25.2
5734-EJKXG,0.12416372184454108,Low Risk,One year,61,118.6
3012-VFFMN,0.124065175720324,Low Risk,Month-to-month,7,20.65
2739-CCZMB,0.12401850162774408,Low Risk,Month-to-month,5,20.35
6840-RESVB,0.12379473233119602,Low Risk,One year,24,84.8
4250-ZBWLV,0.12375003452954803,Low Risk,One year,68,108.45
2972-YDYUW,0.12368346460630782,Low Risk,One year,57,94.7
1810-BOHSY,0.12364108506378704,Low Risk,One year,51,96.4
0305-SQECB,0.12322674445960562,Low Risk,One year,11,36.05
8100-HZZLJ,0.1231367509457553,Low Risk,Month-to-month,43,63.95
4418-LZMSV,0.12313277951884347,Low Risk,Month-to-month,13,61.8
1744-JHKYS,0.12298118420683578,Low Risk,Month-to-month,34,24.7
2958-NHPPS,0.12291914600708102,Low Risk,Month-to-month,23,20.85
4732-RRJZC,0.12286580291446464,Low Risk,Month-to-month,7,20.25
2001-EWBQU,0.12277292660459604,Low Risk,Two year,60,104.7
3253-HKOKL,0.12275455976594517,Low Risk,One year,52,100.3
4776-XSKYQ,0.12265503483078878,Low Risk,One year,12,30.25
6469-MRVET,0.12251131304929289,Low Risk,One year,1,20.2
3209-ZPKFI,0.12241454613923487,Low Risk,Month-to-month,47,54.25
6804-GDMOI,0.12240517667464468,Low Risk,Two year,61,106.6
2796-UUZZO,0.122391086246023,Low Risk,Month-to-month,63,80.3
3199-NPKCN,0.12235851894683407,Low Risk,One year,67,111.25
7228-PAQPD,0.12219286551443101,Low Risk,One year,14,59.1
1850-AKQEP,0.1221423359776401,Low Risk,Month-to-month,8,20.35
7954-MLBUN,0.12190075643830843,Low Risk,Two year,31,99.45
1159-WFSGR,0.1217516200170929,Low Risk,Month-to-month,16,20.4
1530-ZTDOZ,0.12158378118755601,Low Risk,Month-to-month,49,40.65
6036-TTFYU,0.12146777573319324,Low Risk,Month-to-month,16,19.6
7107-UBYKY,0.12138357745794677,Low Risk,Month-to-month,35,25.75
2794-XIMMO,0.12128059334283114,Low Risk,One year,53,60.45
3181-MIZBN,0.12124182315560131,Low Risk,Month-to-month,16,19.75
4079-ULGFR,0.12117638625124665,Low Risk,Month-to-month,16,20.0
4713-ZBURT,0.12088271405141801,Low Risk,Two year,45,99.7
0396-UKGAI,0.12075796872183418,Low Risk,Month-to-month,23,55.3
9518-IMLHK,0.12069623299249248,Low Risk,Month-to-month,31,72.45
4881-GQJTW,0.12061695067730663,Low Risk,Month-to-month,14,19.6
2812-ENYMO,0.12059493841647033,Low Risk,One year,26,54.55
8350-NYMVI,0.12043224176912068,Low Risk,Month-to-month,39,41.1
8910-ICHIU,0.12037493122992751,Low Risk,One year,46,95.65
1229-RCALF,0.12030895860247381,Low Risk,One year,64,115.0
2722-VOJQL,0.12017169861868691,Low Risk,One year,64,105.65
6648-INWPS,0.1201708977604273,Low Risk,Month-to-month,16,20.15
2120-SMPEX,0.12010900130129244,Low Risk,Month-to-month,25,20.15
9086-YJYXS,0.11985300880480794,Low Risk,One year,34,77.2
6865-JZNKO,0.1198215419799343,Low Risk,Month-to-month,30,55.3
5732-IKGQH,0.11980686834560937,Low Risk,One year,52,104.45
0975-UYDTX,0.11976975784692255,Low Risk,One year,26,90.1
1125-SNVCK,0.11974715113710505,Low Risk,Month-to-month,49,43.8
9249-FXSCK,0.11952972163927801,Low Risk,One year,52,111.25
0815-MFZGM,0.11946439747139613,Low Risk,Two year,42,99.0
4020-KIUDI,0.11882879707883315,Low Risk,Month-to-month,6,19.85
9259-PACGQ,0.11881879108378848,Low Risk,Month-to-month,34,62.65
3160-TYXLT,0.11869811770584618,Low Risk,Month-to-month,53,46.3
5161-XEUVX,0.11865859035095486,Low Risk,Two year,37,94.3
7879-CGSFV,0.1186192168259077,Low Risk,One year,55,100.9
5014-WUQMG,0.11860473651855852,Low Risk,One year,47,96.1
1346-PJWTK,0.11859828256439381,Low Risk,Month-to-month,61,94.15
8735-NBLWT,0.11854348625825488,Low Risk,Month-to-month,9,20.4
0743-HRVFF,0.11852945643460093,Low Risk,One year,51,56.15
3537-RYBHH,0.11838646119618136,Low Risk,Month-to-month,47,67.45
5084-OOVCJ,0.11829557105582611,Low Risk,Month-to-month,17,55.35
9139-TWBAS,0.11820204695481774,Low Risk,One year,26,47.85
1179-INLAT,0.1181857513780713,Low Risk,One year,3,19.45
0289-IVARM,0.11811057406981784,Low Risk,Month-to-month,35,60.55
5566-SOEZD,0.11805559120900788,Low Risk,One year,27,80.65
0931-MHTEM,0.11804783072675622,Low Risk,One year,54,100.05
3863-QSTYI,0.1179945156953748,Low Risk,Month-to-month,59,64.65
1395-OFUWC,0.11792026984292778,Low Risk,Month-to-month,43,29.3
0750-EBAIU,0.11781257228710483,Low Risk,One year,52,91.25
2530-FMFXO,0.11772761107491926,Low Risk,Two year,56,103.2
1371-WEPDS,0.11758003432204367,Low Risk,One year,40,55.8
3070-BDOQC,0.11754954236732125,Low Risk,Two year,60,99.65
4054-CUMIA,0.1175180596799105,Low Risk,Month-to-month,18,20.25
1057-FOGLZ,0.11744929101112538,Low Risk,Month-to-month,18,19.65
8401-EMUWF,0.11731223337038255,Low Risk,Month-to-month,42,69.4
7964-ZRKKG,0.11715630598224414,Low Risk,One year,67,88.4
7184-LRUUR,0.11709964477538841,Low Risk,One year,22,65.25
6968-MHOMU,0.11702869632359957,Low Risk,One year,58,45.0
2294-SALNE,0.11689797080976275,Low Risk,One year,23,86.8
8582-KRHPJ,0.11687956754101615,Low Risk,Month-to-month,50,35.0
1360-XFJMR,0.11682186068148563,Low Risk,One year,67,109.7
4504-YOULA,0.11659323470869845,Low Risk,Month-to-month,35,59.45
2659-VXMWZ,0.11653756219268767,Low Risk,One year,67,111.3
3128-YOVTD,0.11647416320659233,Low Risk,Month-to-month,51,79.15
8780-RSYYU,0.11638789518210153,Low Risk,Month-to-month,25,19.2
6082-GLJIX,0.11630538361510691,Low Risk,Month-to-month,18,19.25
9651-GTSAQ,0.11623347833763567,Low Risk,One year,53,106.1
9388-ZEYVT,0.11589568500505366,Low Risk,One year,43,44.15
2560-PPCHE,0.11588058695735302,Low Risk,One year,65,105.05
2234-XADUH,0.11581475846403176,Low Risk,One year,72,103.2
9357-UJRUN,0.11567925836898058,Low Risk,One year,24,58.35
8204-TIFGJ,0.11566264917369866,Low Risk,Month-to-month,23,20.3
5678-VFNEQ,0.11561644184805182,Low Risk,One year,71,104.1
9770-KXGQU,0.11559427985397785,Low Risk,One year,53,98.6
7148-XZPHA,0.11551013674653283,Low Risk,Month-to-month,55,79.4
6933-VLYFX,0.11548330795116929,Low Risk,One year,31,59.95
8947-YRTDV,0.1153641454627761,Low Risk,One year,32,94.8
2223-KAGMX,0.11527894858560615,Low Risk,Month-to-month,15,19.4
2019-HDCZY,0.1152166433570992,Low Risk,Two year,63,102.6
2202-OUTMO,0.11511234525314978,Low Risk,Month-to-month,34,60.85
9107-UKCKY,0.11493691966514638,Low Risk,One year,61,79.8
1297-VQDRP,0.11492489613163297,Low Risk,One year,68,107.15
3486-KHMLI,0.11481726039584528,Low Risk,Month-to-month,21,24.7
8268-YDIXR,0.11474871032509623,Low Risk,One year,56,93.15
6198-PNNSZ,0.11472750658731126,Low Risk,One year,56,109.8
1428-IEDPR,0.11472731807742875,Low Risk,Two year,52,109.3
2898-MRKPI,0.11462719518663349,Low Risk,One year,68,101.05
4323-OHFOW,0.11459874533633768,Low Risk,One year,70,105.55
4765-OXPPD,0.11456785705894135,Low Risk,Month-to-month,9,65.0
5577-OTWWW,0.11438154747714278,Low Risk,Month-to-month,15,19.75
9378-FXTIZ,0.11425154674088411,Low Risk,One year,54,70.15
7542-CYDDM,0.11424728956028816,Low Risk,Month-to-month,18,20.05
7998-ZLXWN,0.11424084481246437,Low Risk,Month-to-month,15,20.45
9746-MDMBK,0.11389380962416254,Low Risk,One year,47,113.45
9592-ERDKV,0.11375624920974192,Low Risk,One year,37,79.25
2577-GVSIL,0.11372752384019029,Low Risk,One year,35,73.45
0824-VWDPO,0.11362356937650354,Low Risk,One year,45,96.75
4623-ZKHLY,0.11355720975162108,Low Risk,Month-to-month,22,20.45
9967-ATRFS,0.11346229907658378,Low Risk,Month-to-month,19,19.9
8573-CGOCC,0.11346171934752505,Low Risk,Month-to-month,16,19.75
8815-LMFLX,0.11336132816281776,Low Risk,Month-to-month,25,25.4
2696-ECXKC,0.11331544359409203,Low Risk,One year,55,100.9
6933-FHBZC,0.11322999190400074,Low Risk,One year,26,56.05
4139-JPIAM,0.11314731670188427,Low Risk,Month-to-month,51,44.45
8034-RYTVV,0.11294212243462656,Low Risk,One year,55,84.25
2466-NEJOJ,0.11264565212716666,Low Risk,Month-to-month,8,19.65
1121-QSIVB,0.11256155322880619,Low Risk,One year,44,77.55
2558-BUOZZ,0.11254465076961716,Low Risk,One year,47,94.8
6749-UTDVX,0.11248511309795063,Low Risk,Two year,72,103.65
4510-PYUSH,0.1124823651885749,Low Risk,Month-to-month,38,57.15
8845-LWKGE,0.11244712253612864,Low Risk,One year,30,64.5
3824-RHKVR,0.11242947190824908,Low Risk,Month-to-month,17,19.7
9152-AMKAK,0.1124266830331672,Low Risk,Two year,6,80.25
5968-XQIVE,0.1122806042991145,Low Risk,One year,72,89.7
5285-MVEHD,0.11210743193879397,Low Risk,One year,56,105.6
0303-UNCIP,0.11203370104903168,Low Risk,One year,41,65.0
5740-YHGTW,0.11199374628564214,Low Risk,Month-to-month,70,97.55
8849-GYOKR,0.11189407245407951,Low Risk,One year,54,106.55
6794-HKIAJ,0.11166295055293847,Low Risk,Month-to-month,62,90.7
1353-GHZOS,0.11160470371531069,Low Risk,One year,22,59.75
4654-GGUII,0.11156242761156103,Low Risk,One year,18,40.2
4622-YNKIJ,0.11153093015019454,Low Risk,Two year,33,88.95
4801-KFYKL,0.11152871129370386,Low Risk,Month-to-month,8,19.45
9853-JFZDU,0.11141090084252236,Low Risk,Month-to-month,35,56.85
1218-VKFPE,0.11139717724236858,Low Risk,Month-to-month,12,19.0
4833-QTJNO,0.11138302668803807,Low Risk,Month-to-month,67,83.85
7311-MQJCH,0.11124976930280915,Low Risk,One year,5,19.55
1045-LTCYT,0.11123971609014434,Low Risk,Month-to-month,8,21.05
2055-SIFSS,0.11122728578760083,Low Risk,Month-to-month,55,51.65
8769-KKTPH,0.11104108971747674,Low Risk,One year,63,99.65
4816-OKWNX,0.11080125254816249,Low Risk,One year,50,103.4
6661-EIPZC,0.1108009966803932,Low Risk,Month-to-month,48,29.5
9522-ZSINC,0.1107757306081678,Low Risk,One year,13,19.95
5376-PCKNB,0.1105260402847721,Low Risk,One year,72,104.45
1810-MVMAI,0.11035473846749141,Low Risk,Month-to-month,30,67.6
3898-BSJYF,0.11032384276591797,Low Risk,One year,10,73.55
5966-EMAZU,0.11000006858813334,Low Risk,One year,64,108.5
2930-UOTMB,0.10990591643327294,Low Risk,Month-to-month,31,65.25
0068-FIGTF,0.10982964486594483,Low Risk,One year,27,78.2
7641-TQFHN,0.10976914039552993,Low Risk,Two year,39,100.55
0297-RBCSG,0.10971794863773751,Low Risk,One year,19,65.35
0080-EMYVY,0.1096690079583136,Low Risk,One year,14,51.45
6035-BXTTY,0.10964141321546042,Low Risk,Month-to-month,32,54.65
6341-AEVKX,0.10944342612700643,Low Risk,One year,62,104.3
4455-BFSPD,0.10941316636350788,Low Risk,One year,61,101.15
4712-UYOOI,0.1094077746996505,Low Risk,Month-to-month,20,20.0
2243-FNMMI,0.10937411109789864,Low Risk,Month-to-month,20,19.4
4355-CVPVS,0.10916602204508097,Low Risk,One year,56,88.9
9076-AXYIK,0.10906293385009747,Low Risk,Two year,64,102.1
9575-IWCAZ,0.10888447954668559,Low Risk,One year,6,25.1
3387-PLKUI,0.10868535710649431,Low Risk,Month-to-month,13,18.8
7080-TNUWP,0.10825616289277397,Low Risk,One year,70,95.0
7632-MNYOY,0.10821026098408378,Low Risk,One year,66,110.9
4488-PSYCG,0.10781381516839007,Low Risk,Month-to-month,16,20.25
6319-QSUSR,0.1077658614333643,Low Risk,Month-to-month,11,19.7
4476-OSWTN,0.10775482991919672,Low Risk,One year,69,110.55
7956-XQWGU,0.10728469464988326,Low Risk,Month-to-month,27,19.4
4403-BWPAY,0.1071242513969802,Low Risk,One year,14,24.8
8467-WYNSR,0.10695842542846956,Low Risk,Month-to-month,22,55.1
7771-ZONAT,0.10694728016387758,Low Risk,Two year,22,56.75
8246-SHFGA,0.10691475709890133,Low Risk,Month-to-month,17,21.1
6861-OKBCE,0.10679950220796447,Low Risk,Month-to-month,11,20.1
8865-TNMNX,0.1063905155477329,Low Risk,One year,10,49.55
0285-INHLN,0.10612302407924626,Low Risk,Month-to-month,27,54.75
3642-GKTCT,0.10601055201623656,Low Risk,One year,61,115.1
7217-JYHOQ,0.10597039679611013,Low Risk,Month-to-month,24,70.3
6103-LIANB,0.10595443356033855,Low Risk,Two year,59,99.5
8375-KVTHK,0.10595028736301837,Low Risk,One year,68,100.3
3594-UVONA,0.10591249250590681,Low Risk,One year,35,85.95
8465-SBRXP,0.10580134496736592,Low Risk,Two year,38,94.9
7666-WKRON,0.10577763142319697,Low Risk,Two year,39,80.45
2450-ZKEED,0.10569936898139339,Low Risk,One year,11,53.8
6476-EPYZR,0.1056883905976345,Low Risk,Month-to-month,12,20.5
7459-IMVYU,0.10567118143922845,Low Risk,Month-to-month,38,69.95
2150-UWTFY,0.10532383126909506,Low Risk,Month-to-month,22,61.15
8905-IAZPF,0.10519400560867533,Low Risk,One year,69,95.65
5307-UVGNB,0.10516737806737635,Low Risk,Month-to-month,53,48.7
6655-LHBYW,0.10494155622537904,Low Risk,One year,50,114.35
3941-XTSKM,0.10490290220797495,Low Risk,One year,42,45.1
7047-YXDMZ,0.10479726013147413,Low Risk,Month-to-month,21,20.0
9498-FIMXL,0.10471212813488011,Low Risk,One year,8,19.2
4000-VGMQP,0.10461570543599245,Low Risk,One year,38,78.95
4922-CVPDX,0.10443465041302986,Low Risk,Two year,26,73.5
4501-UYKBC,0.1043089634558764,Low Risk,One year,46,69.1
9128-CPXKI,0.10419082362833415,Low Risk,Two year,59,95.8
2129-ALKBS,0.10391799533344283,Low Risk,Month-to-month,40,26.2
7872-RDDLZ,0.10387295669582326,Low Risk,Month-to-month,67,54.9
9972-NKTFD,0.10379826628197562,Low Risk,Month-to-month,28,54.65
0489-WMEMG,0.10364194627116564,Low Risk,One year,23,49.45
3190-FZATL,0.10352753299188132,Low Risk,Month-to-month,14,19.95
4868-AADLV,0.10345059127656209,Low Risk,One year,66,116.25
0516-UXRMT,0.10320597557004091,Low Risk,One year,62,92.05
0665-XHDJU,0.10316100022029683,Low Risk,Two year,72,99.4
6289-CPNLD,0.1031255094126761,Low Risk,One year,33,73.9
6728-DKUCO,0.10308142040362485,Low Risk,One year,72,104.15
5013-SBUIH,0.1030283627049567,Low Risk,Two year,50,109.65
8849-PRIQJ,0.1026939014311864,Low Risk,One year,67,109.4
5651-CRHKQ,0.10262980676925555,Low Risk,One year,41,86.2
0440-UEDAI,0.10251536906130933,Low Risk,One year,53,94.45
5693-PIPCS,0.10226429618206354,Low Risk,Two year,41,99.65
4186-ZBUEW,0.10218715865386023,Low Risk,One year,36,70.7
9143-CANJF,0.10216036636173391,Low Risk,Month-to-month,24,55.15
5229-DTFYB,0.10206403867242043,Low Risk,Two year,41,98.8
8634-CILSZ,0.10198836637638824,Low Risk,One year,69,104.7
6568-POCUI,0.10196986489808361,Low Risk,Two year,45,95.2
7336-RLLRH,0.10196914880445387,Low Risk,One year,27,80.85
1697-BCSHV,0.10189668799683292,Low Risk,Month-to-month,58,66.8
4795-WRNVT,0.10171183611610546,Low Risk,Month-to-month,40,65.1
4104-PVRPS,0.1017107959935825,Low Risk,Month-to-month,24,53.6
9411-TPQQV,0.10152477872591385,Low Risk,One year,40,54.55
5701-GUXDC,0.10147358274067012,Low Risk,One year,26,35.4
5160-UXJED,0.10146278598298376,Low Risk,One year,17,44.6
7820-ZYGNY,0.10136652882232002,Low Risk,One year,63,90.45
2931-VUVJN,0.10114523427714128,Low Risk,One year,59,94.05
1017-FBQMM,0.10094155192117782,Low Risk,One year,62,106.05
3786-WOVKF,0.10085485957988619,Low Risk,One year,72,106.85
5440-VHLUL,0.10083899647046407,Low Risk,One year,69,105.2
9754-CLVZW,0.10080920870462237,Low Risk,Month-to-month,26,38.85
9513-DXHDA,0.10055447785907766,Low Risk,One year,27,81.7
5193-QLVZB,0.100542620340452,Low Risk,Two year,63,104.75
2931-XIQBR,0.10042865896910451,Low Risk,One year,50,103.05
0895-UADGO,0.10030207463639419,Low Risk,Two year,8,44.55
1492-QGCLU,0.10025941702645887,Low Risk,Month-to-month,53,85.7
5384-ZTTWP,0.10020579629524914,Low Risk,Month-to-month,15,19.8
1877-HKBQX,0.10009742456235758,Low Risk,One year,11,54.6
0136-IFMYD,0.10006180022642754,Low Risk,Two year,69,109.95
2038-YSEZE,0.09980470415573045,Low Risk,Month-to-month,29,67.45
2277-BKJKN,0.09967207022066649,Low Risk,Two year,71,99.2
5168-MQQCA,0.09965270324785182,Low Risk,One year,72,108.5
0377-JBKKT,0.09964925272136409,Low Risk,Month-to-month,22,57.95
8387-UGUSU,0.09963861921102765,Low Risk,Month-to-month,15,20.05
0547-HURJB,0.09959507944494074,Low Risk,Month-to-month,12,21.05
7105-BENQF,0.09946226841313818,Low Risk,One year,15,64.85
7572-KPVKK,0.09944002745955681,Low Risk,Two year,62,104.05
3099-OONVS,0.09922048710405328,Low Risk,Month-to-month,25,54.3
1488-SYSFC,0.09920173895779662,Low Risk,Month-to-month,31,20.65
5446-DKWYW,0.09911216991388981,Low Risk,One year,61,65.2
2805-EDJPQ,0.09895508339090994,Low Risk,One year,56,99.75
8133-ANHHJ,0.09895463412335477,Low Risk,One year,49,103.0
7614-QVWQL,0.0989060459114483,Low Risk,One year,49,51.8
1400-WIVLL,0.09876587416097334,Low Risk,Two year,57,107.95
0208-BPQEJ,0.0986545507607944,Low Risk,Month-to-month,12,19.4
6333-YDVLT,0.09853457209711128,Low Risk,One year,65,110.0
4815-TUMEQ,0.09850678022958373,Low Risk,One year,10,19.3
5120-ZBLAI,0.09844904635556566,Low Risk,One year,50,75.7
2324-EFHVG,0.09840106201401173,Low Risk,Two year,64,104.4
1095-WGNGG,0.0983744696962845,Low Risk,Two year,61,101.05
5012-YSPJJ,0.0983259952050722,Low Risk,Month-to-month,31,54.35
2096-XOTMO,0.09829398188299286,Low Risk,Month-to-month,16,19.35
2519-TWKFS,0.09825145480957558,Low Risk,One year,25,55.1
7803-XOCCZ,0.09814185607449304,Low Risk,Month-to-month,52,84.05
8624-GIOUT,0.09810818453263388,Low Risk,Month-to-month,49,59.75
7159-NOKYQ,0.09808670625330249,Low Risk,Two year,67,93.15
0723-FDLAY,0.09795676913818908,Low Risk,One year,44,85.25
9695-IDRZR,0.09794634161608906,Low Risk,Two year,34,116.15
0458-HEUZG,0.09781122082958908,Low Risk,Two year,13,35.4
8035-BUYVG,0.09774308436244931,Low Risk,One year,40,42.35
8220-OCUFY,0.0976589085028466,Low Risk,One year,21,60.25
8631-XVRZL,0.09763312290511819,Low Risk,One year,9,20.15
1696-MZVAU,0.09760137455978203,Low Risk,One year,39,25.25
5537-UXXVS,0.09740917830229119,Low Risk,Month-to-month,20,19.25
4318-RAJVY,0.09739239117646055,Low Risk,One year,10,19.8
1347-KTTTA,0.09725425413203767,Low Risk,One year,64,102.45
9052-DHNKM,0.09718416929783946,Low Risk,One year,26,61.55
9467-ROOLM,0.09701553852690156,Low Risk,Month-to-month,25,19.05
9480-BQJEI,0.09697078654017237,Low Risk,One year,62,92.3
0036-IHMOT,0.09685543453623371,Low Risk,One year,55,103.7
2834-JKOOW,0.09681281457467951,Low Risk,One year,15,45.9
7446-KQISO,0.0966880644651434,Low Risk,Two year,45,109.75
1866-ZSLJM,0.09634924152363013,Low Risk,Month-to-month,21,20.5
0487-VVUVK,0.09632594765214708,Low Risk,Month-to-month,25,19.15
0117-LFRMW,0.09632100900061209,Low Risk,Month-to-month,37,40.2
3680-CTHUH,0.09628015271495331,Low Risk,One year,60,116.6
4063-EIKNQ,0.09623300292071912,Low Risk,Month-to-month,11,20.95
3280-MRDOF,0.09607868938868419,Low Risk,Two year,30,69.1
0842-IWYCP,0.0959111072067818,Low Risk,Month-to-month,46,44.95
5447-VYTKW,0.09584602672673032,Low Risk,Month-to-month,27,53.45
8894-JVDCV,0.09582846329913357,Low Risk,One year,62,115.05
1730-VFMWO,0.09573188584623349,Low Risk,Month-to-month,34,50.2
1264-FUHCX,0.09561669735853574,Low Risk,One year,49,56.3
0384-LPITE,0.09556111669828177,Low Risk,One year,40,62.05
1114-CENIM,0.09546613794603331,Low Risk,Month-to-month,54,55.0
8200-KLNYW,0.09546178306156597,Low Risk,One year,21,80.9
3648-GZPHF,0.09535396762144457,Low Risk,One year,32,36.25
3137-NYQQI,0.09531253569939342,Low Risk,One year,17,64.8
3716-LRGXK,0.09522578963974625,Low Risk,Two year,60,101.15
1898-JSNDC,0.09522233239683629,Low Risk,One year,39,58.6
9114-VEPUF,0.09521189499091537,Low Risk,One year,62,96.1
4531-AUZNK,0.09506530207993587,Low Risk,One year,51,95.15
2724-FJDYW,0.09498065082534943,Low Risk,One year,39,54.85
5815-HGGHV,0.09491932842581527,Low Risk,One year,20,64.15
9114-AAFQH,0.09484829818865438,Low Risk,One year,48,65.65
1708-PBBOA,0.09460249628722885,Low Risk,One year,42,54.75
0725-CXOTM,0.09455357925815325,Low Risk,One year,36,89.65
6419-ZTTLE,0.09392145404717794,Low Risk,One year,23,20.75
3621-CHYVB,0.09369049421906525,Low Risk,Month-to-month,57,49.9
6870-ECSHE,0.09368949664083587,Low Risk,One year,2,20.45
8008-ESFLK,0.09368916816001219,Low Risk,One year,53,110.5
2307-FYNNL,0.09360782100743309,Low Risk,Two year,65,109.05
6968-URWQU,0.09349410430115812,Low Risk,One year,43,56.35
6837-HAEVO,0.09329883242058218,Low Risk,Two year,69,105.0
7470-DYNOE,0.09325394274643808,Low Risk,One year,53,61.1
8548-AWOFC,0.0932462430937696,Low Risk,Month-to-month,66,63.85
3282-ZISZV,0.09314890688649914,Low Risk,One year,32,83.7
9473-CBZOP,0.09302446088787934,Low Risk,One year,28,59.0
5173-ZXXXL,0.09296516819107874,Low Risk,One year,2,19.95
5092-STPKP,0.09288944875338737,Low Risk,Month-to-month,24,56.35
5056-FIMPT,0.09287629439294404,Low Risk,One year,43,106.0
8984-EYLLL,0.09260722406749848,Low Risk,Two year,64,105.25
1004-NOZNR,0.09257850919594894,Low Risk,One year,56,94.8
8550-XSXUQ,0.09252920954311802,Low Risk,One year,48,70.55
4423-JWZJN,0.09246668551590027,Low Risk,One year,64,90.25
3104-OWCGK,0.09244032395071083,Low Risk,One year,60,90.95
8822-KNBHV,0.09240648979878276,Low Risk,One year,48,83.45
9200-NLNPD,0.09222390672837448,Low Risk,One year,56,54.05
2495-TTHBQ,0.09201461678448346,Low Risk,One year,4,20.4
7407-SUJIZ,0.0918622170833333,Low Risk,Month-to-month,25,20.6
4742-DRORA,0.09183547038059146,Low Risk,One year,60,95.4
8756-RDDLT,0.09181931647309421,Low Risk,Month-to-month,68,44.95
0689-DSXGL,0.09157588871949235,Low Risk,Month-to-month,52,85.8
2926-JEJJC,0.09138987190514296,Low Risk,One year,8,20.2
4393-OBCRR,0.09136442523289402,Low Risk,One year,3,20.25
6386-SZZKH,0.09121012465528124,Low Risk,Two year,49,107.95
9134-WYRVP,0.09116491838936956,Low Risk,One year,51,86.35
6837-BJYDQ,0.09096868609804482,Low Risk,One year,3,19.6
3729-OWRVL,0.09086232163921383,Low Risk,Two year,65,110.35
6603-QWSPR,0.0908098407128745,Low Risk,Two year,46,104.4
0484-JPBRU,0.09076669301835283,Low Risk,Month-to-month,41,25.25
1265-XTECC,0.09068667552000573,Low Risk,One year,68,96.55
9928-BZVLZ,0.0906263135630926,Low Risk,Two year,12,49.85
7102-JJVTX,0.09060424487389092,Low Risk,One year,9,48.6
5032-USPKF,0.09056310231773607,Low Risk,One year,38,84.1
9475-NNDGC,0.09055945292375193,Low Risk,One year,71,113.15
0917-EZOLA,0.0905463055743063,Low Risk,Two year,72,104.15
4139-SUGLD,0.09045822446548862,Low Risk,Month-to-month,31,35.4
4525-VZCZG,0.09039565498640147,Low Risk,One year,54,105.85
7010-ZMVBF,0.0903352894334546,Low Risk,Month-to-month,18,20.45
9750-BOOHV,0.09019561210501266,Low Risk,One year,32,30.15
7901-IIDQV,0.09006184493024563,Low Risk,One year,24,54.6
2150-WLKUW,0.08993475291138468,Low Risk,One year,40,63.9
7931-PXHFC,0.08992369010679059,Low Risk,One year,38,62.3
3571-DPYUH,0.08971602490107042,Low Risk,One year,58,94.7
5397-TUPSH,0.0897143158006464,Low Risk,One year,65,70.95
0557-ASKVU,0.08954997997507261,Low Risk,One year,18,54.4
2316-ESMLS,0.08951917235917803,Low Risk,One year,12,33.15
1099-BTKWT,0.08950622256980467,Low Risk,One year,68,54.4
5777-ZPQNC,0.0892901264605229,Low Risk,One year,12,20.15
4003-OCTMP,0.08921298660585461,Low Risk,One year,31,64.0
6924-TDGMT,0.08883864346094579,Low Risk,One year,11,20.55
9677-AVKED,0.08877070965717605,Low Risk,One year,53,84.6
4119-ZYPZY,0.0886943397422575,Low Risk,Two year,71,106.8
2887-JPYLU,0.08865612771905836,Low Risk,Month-to-month,41,45.2
4826-DXMUP,0.088655121293568,Low Risk,One year,35,72.1
5872-OEQNH,0.08856006987422058,Low Risk,One year,60,44.45
9313-QOLTZ,0.08855470902452439,Low Risk,Month-to-month,26,20.9
8809-RIHDD,0.0885187937125024,Low Risk,Two year,72,103.4
8561-NMTBD,0.08836590774191101,Low Risk,One year,67,112.35
2530-ENDWQ,0.08830236190853999,Low Risk,Two year,71,93.7
1183-CANVH,0.08820189837858168,Low Risk,One year,23,60.0
5327-CNLUQ,0.08819386497223938,Low Risk,Two year,48,96.9
6131-IUNXN,0.0881867341400654,Low Risk,Month-to-month,19,20.2
4116-IQRFR,0.08815739341266102,Low Risk,One year,4,24.1
8405-IGQFX,0.08815112640489342,Low Risk,One year,63,90.05
6260-XLACS,0.08809469301846228,Low Risk,One year,4,19.7
8221-EQDGL,0.08799502673728905,Low Risk,Month-to-month,35,61.0
9931-KGHOA,0.0879252961398392,Low Risk,Month-to-month,46,55.0
5808-TOTXO,0.08777133826249217,Low Risk,One year,3,20.55
7049-GKVZY,0.08769875129361687,Low Risk,One year,17,79.85
8909-BOLNL,0.08768577376202506,Low Risk,One year,3,21.2
6598-RFFVI,0.08767274943576729,Low Risk,One year,2,19.3
0956-SYCWG,0.08766712930489412,Low Risk,One year,13,19.65
5619-XZZKR,0.08758939331269915,Low Risk,One year,4,19.95
3733-UOCWF,0.08737590914107538,Low Risk,One year,61,85.55
5294-IMHHT,0.08736951215732199,Low Risk,One year,53,97.75
1729-VLAZJ,0.08733405969221933,Low Risk,One year,10,40.25
2746-DIJLO,0.08731590263756676,Low Risk,One year,41,56.3
3823-KYNQY,0.08729463382656082,Low Risk,One year,12,24.95
5777-KJIRB,0.08727775657240502,Low Risk,One year,40,50.25
0193-ESZXP,0.08708962931767847,Low Risk,One year,58,105.5
5546-QUERU,0.087089003205673,Low Risk,One year,13,19.95
2292-XQWSV,0.0870464217677948,Low Risk,One year,40,60.3
8213-TAZPM,0.08681073353324671,Low Risk,One year,69,108.75
2877-VDUER,0.08665209755901426,Low Risk,One year,35,40.9
5260-UMPWX,0.08636320302786449,Low Risk,Month-to-month,26,20.25
6718-BDGHG,0.08632458214707193,Low Risk,One year,43,64.85
0308-GIQJT,0.08600764247537995,Low Risk,One year,71,105.75
2164-SOQXL,0.08588619385889038,Low Risk,Month-to-month,20,20.05
5223-UZAVK,0.08581036241168119,Low Risk,One year,64,100.3
0667-NSRGI,0.0857223375669233,Low Risk,One year,48,69.55
1038-RQOST,0.08570504020098461,Low Risk,Month-to-month,19,20.6
9894-QMIMJ,0.08567468105826188,Low Risk,One year,23,55.8
3205-MXZRA,0.08564772799216798,Low Risk,One year,26,59.45
1621-YNCJH,0.08560352206703835,Low Risk,Two year,36,106.05
6502-KUGLL,0.08549864640277616,Low Risk,Month-to-month,14,59.45
1679-JRFBR,0.0854181821373771,Low Risk,One year,70,108.15
0607-MVMGC,0.08540520414215805,Low Risk,One year,45,78.75
4759-PXTAN,0.08534799204471365,Low Risk,One year,59,80.1
5681-LLOEI,0.08529786874755003,Low Risk,One year,43,91.25
0519-DRGTI,0.08529392134649182,Low Risk,Month-to-month,20,20.35
5382-TEMLV,0.0852924850140063,Low Risk,Month-to-month,45,50.9
0533-UCAAU,0.08527912243811635,Low Risk,One year,57,71.1
4389-UEFCZ,0.08505008709093063,Low Risk,Two year,72,105.5
4223-BKEOR,0.08482976210188453,Low Risk,One year,21,64.85
4366-CTOUZ,0.08480192954558491,Low Risk,Two year,50,100.2
4829-ZLJTK,0.08468966765208279,Low Risk,Two year,72,112.4
6465-GSRCL,0.08466142353113493,Low Risk,One year,67,106.6
0795-GMVQO,0.08452917290580095,Low Risk,One year,67,109.9
1096-ADRUX,0.0844734351375459,Low Risk,One year,66,74.25
5789-LDFXO,0.08444372282850297,Low Risk,One year,24,24.6
0356-OBMAC,0.0841991222241177,Low Risk,Two year,56,99.9
5372-FBKBN,0.08418502072932842,Low Risk,Month-to-month,21,20.75
2862-JVEOY,0.08403658800189462,Low Risk,One year,6,19.15
9848-JQJTX,0.08403641958354664,Low Risk,Two year,72,100.9
6480-YAGIY,0.08388282850656639,Low Risk,One year,45,112.2
0744-GKNGE,0.08388002349736932,Low Risk,Month-to-month,64,86.8
7089-RKVSZ,0.08362895407222055,Low Risk,One year,8,24.4
0536-BGFMZ,0.08361973473936876,Low Risk,Month-to-month,28,20.5
8231-BSWXX,0.08359398113907973,Low Risk,One year,71,79.05
2363-BJLSL,0.08347673849208463,Low Risk,Month-to-month,62,80.4
6838-YAUVY,0.08346498605837177,Low Risk,Two year,54,95.1
2690-DVRVK,0.08340216320977781,Low Risk,One year,5,20.55
7657-DYEPJ,0.08337883595180884,Low Risk,One year,38,70.15
5829-NVSQN,0.08332240556372981,Low Risk,One year,23,68.75
7758-UJWYS,0.08315304742279311,Low Risk,Two year,34,40.55
7233-IOQNP,0.08314361517221104,Low Risk,Month-to-month,43,34.0
9362-MWODR,0.0831168815004744,Low Risk,Month-to-month,40,64.1
7055-VKGDA,0.0830867397975018,Low Risk,One year,54,105.4
2165-VOEGB,0.08303257145833992,Low Risk,One year,46,105.2
9555-SAHUZ,0.08284837433663444,Low Risk,Month-to-month,38,54.5
2911-IJORQ,0.08280937056104112,Low Risk,One year,37,90.6
9350-ZXYJC,0.08277820042298896,Low Risk,Two year,4,25.3
7997-EASSD,0.0827700053745218,Low Risk,One year,63,81.2
7156-MXBJE,0.08271619780930518,Low Risk,One year,43,85.1
5961-VUSRV,0.08269443357640738,Low Risk,One year,12,19.35
2391-IPLOP,0.0826667921365168,Low Risk,One year,50,69.65
8681-ICONS,0.08260123907100073,Low Risk,Month-to-month,29,20.65
4091-TVOCN,0.08253437097611867,Low Risk,One year,48,78.75
5195-KPUNQ,0.082487514355182,Low Risk,One year,53,96.75
1536-YHDOE,0.08238849421891978,Low Risk,One year,17,62.1
1498-DQNRX,0.08237608322601177,Low Risk,Month-to-month,29,19.85
0020-JDNXP,0.08221593738092511,Low Risk,One year,34,61.25
9845-PEEKO,0.08221270696595358,Low Risk,Two year,59,79.2
1097-FSPVW,0.08217873759253604,Low Risk,Month-to-month,42,54.55
6994-FGRHH,0.08209602562200963,Low Risk,One year,70,106.15
6297-NOOPG,0.08209385192236177,Low Risk,Two year,70,110.5
7629-WFGLW,0.08203074508429181,Low Risk,One year,56,95.65
4576-CSAJH,0.0819513295989093,Low Risk,One year,22,55.15
6992-TKNYO,0.08195070630780397,Low Risk,One year,38,69.0
2578-JQPHZ,0.08192074723413571,Low Risk,Two year,44,100.1
2250-IVBWA,0.08190059425664704,Low Risk,Month-to-month,64,81.05
3327-YBAKM,0.08182758780397219,Low Risk,One year,64,96.9
7816-VGHTO,0.08181528803240071,Low Risk,Two year,6,40.55
2673-ZALNP,0.08171970448587225,Low Risk,One year,7,19.9
9351-LZYGF,0.08169824760647296,Low Risk,Month-to-month,42,66.4
4626-OZDTJ,0.08158326009449281,Low Risk,One year,51,78.65
8075-GXIUB,0.08153321045142517,Low Risk,One year,9,19.85
9896-UYMIE,0.08147603188366818,Low Risk,One year,66,114.3
9308-ANMVE,0.08140850140046682,Low Risk,Month-to-month,47,55.3
2484-DGXPZ,0.08135547541282874,Low Risk,Month-to-month,31,19.55
5944-UGLLK,0.08128323949278927,Low Risk,One year,53,54.9
7435-ZNUYY,0.08126360861009681,Low Risk,One year,6,20.6
3530-VWVGU,0.0811650017965574,Low Risk,Month-to-month,22,19.9
3865-YIOTT,0.08107727085401492,Low Risk,One year,72,106.1
7353-YOWFP,0.0810596131012976,Low Risk,One year,7,20.25
1171-TYKUR,0.08099455050761317,Low Risk,Month-to-month,47,25.4
2533-QVMSK,0.08097904611909447,Low Risk,Two year,61,94.1
6766-HFKLA,0.08093026007933,Low Risk,Two year,56,103.2
2550-QHZGP,0.08089189262676799,Low Risk,One year,7,19.5
6727-IOTLZ,0.08077561881027816,Low Risk,Two year,14,81.95
5089-IFSDP,0.08074389919234848,Low Risk,Two year,58,109.45
2667-WYLWJ,0.08073796205935381,Low Risk,One year,8,19.75
9229-RQABD,0.08073158692865941,Low Risk,One year,18,23.75
2682-KEVRP,0.0806583121870794,Low Risk,One year,22,20.05
2522-WLNSF,0.08062168970296477,Low Risk,One year,34,64.2
8659-HDIYE,0.08057908336064232,Low Risk,Month-to-month,64,74.65
7432-FFVAR,0.0805419997266765,Low Risk,One year,46,90.95
2144-ESWKO,0.08041436665163866,Low Risk,One year,43,35.2
0835-JKADZ,0.08036791468200082,Low Risk,Two year,71,111.25
3096-WPXBT,0.08006755807699108,Low Risk,One year,61,100.7
2483-XSSMZ,0.08004812544525425,Low Risk,One year,39,47.85
9330-VOFSZ,0.0800165202751415,Low Risk,Two year,60,110.8
9031-ZVQPT,0.07996220453472211,Low Risk,Two year,72,108.2
8152-VETUR,0.07971513932843562,Low Risk,Two year,72,97.7
3739-YBWAB,0.07962799878802747,Low Risk,One year,36,35.35
1247-QBVSH,0.07962147470740379,Low Risk,Month-to-month,43,50.2
4328-VUFWD,0.07961385567471517,Low Risk,One year,39,59.3
2419-FSORS,0.07959183282599494,Low Risk,Two year,72,108.4
0201-MIBOL,0.07955756860667473,Low Risk,Two year,66,102.4
6305-YLBMM,0.07955369591797827,Low Risk,One year,69,104.05
9796-MVYXX,0.07946948120851183,Low Risk,Two year,14,39.7
4159-NAAIX,0.07944528822198216,Low Risk,Two year,63,97.45
9142-XMYJH,0.07942550129770837,Low Risk,Month-to-month,29,19.35
6506-EYCNH,0.07932998956633683,Low Risk,Month-to-month,28,19.55
7036-TYDEC,0.07910894044969433,Low Risk,Two year,69,104.0
9730-DRTMJ,0.07907283049482575,Low Risk,One year,32,72.8
1226-JZNKR,0.07906536698141421,Low Risk,One year,8,19.8
2809-ILCYT,0.07888849462591585,Low Risk,One year,25,26.8
9391-LMANN,0.07884273014043203,Low Risk,One year,53,95.95
3229-USWAR,0.07877876872366948,Low Risk,One year,34,79.95
5236-PERKL,0.07876078404447037,Low Risk,Two year,57,112.95
6682-QJDGB,0.07872435494121752,Low Risk,Month-to-month,40,55.25
5269-NRGDP,0.07869766932034974,Low Risk,One year,42,73.15
2266-SJNAT,0.07863460185735806,Low Risk,One year,72,109.15
7654-YWJUF,0.07858001859025783,Low Risk,One year,43,84.25
5514-YQENT,0.07857094133575458,Low Risk,Two year,41,111.15
7032-LMBHI,0.07852121622226656,Low Risk,One year,37,64.65
6941-KXRRV,0.07851409851494169,Low Risk,One year,48,58.95
0218-QNVAS,0.07848753681863438,Low Risk,One year,71,100.55
5294-CDGWY,0.07848213675054526,Low Risk,One year,51,59.3
3552-CTCYF,0.07834641359649676,Low Risk,Two year,63,104.8
7492-TAFJD,0.07825583506885234,Low Risk,Two year,7,38.55
0623-EJQEG,0.07812761622796653,Low Risk,One year,65,93.55
2639-UGMAZ,0.07809685048603511,Low Risk,One year,71,56.45
4683-WYDOU,0.07798788691960384,Low Risk,Two year,62,107.6
5360-LJCNJ,0.07794842258563468,Low Risk,Two year,71,105.15
7566-DSRLQ,0.07792516949893458,Low Risk,Two year,72,110.15
6620-HVDUJ,0.0779099126043198,Low Risk,Month-to-month,24,60.45
2371-KFUOG,0.07772830277503508,Low Risk,One year,58,99.15
0980-FEXWF,0.07772789229655393,Low Risk,One year,26,50.35
7746-QYVCO,0.07770249390367831,Low Risk,One year,16,55.85
0661-KBKPA,0.07763687043338734,Low Risk,One year,53,78.75
0134-XWXCE,0.07762678647563821,Low Risk,One year,44,74.85
8898-KASCD,0.07746862473356986,Low Risk,One year,39,35.55
3441-CGZJH,0.07739513510952309,Low Risk,One year,43,60.4
5203-XEHAX,0.07734071299380511,Low Risk,One year,34,64.35
0864-FVJNJ,0.07725289465311923,Low Risk,One year,64,113.35
6440-DKQGE,0.07701812778736387,Low Risk,One year,30,64.5
3374-TTZTK,0.07697397009459175,Low Risk,Two year,52,106.3
2387-KDZQY,0.07695621426711073,Low Risk,One year,17,20.1
4682-BLBUC,0.07677501143344438,Low Risk,One year,44,70.95
8089-UZWLX,0.07673657376365942,Low Risk,Two year,71,104.05
2967-MXRAV,0.07664936810089243,Low Risk,One year,1,18.8
8224-UAXBZ,0.07663978367652546,Low Risk,One year,58,45.35
4822-LPTYJ,0.07662244369854526,Low Risk,Two year,72,103.75
1301-LOPVR,0.07658568472859192,Low Risk,One year,29,55.35
8189-DUKMV,0.07654193676498293,Low Risk,One year,4,20.5
7691-XVTZH,0.0763884440860558,Low Risk,Two year,68,89.95
1131-SUEKT,0.07631618318315284,Low Risk,One year,61,98.45
4378-BZYFP,0.07624252346887032,Low Risk,One year,17,20.5
1832-PEUTS,0.07620947063405345,Low Risk,Two year,62,89.1
6242-SGYTS,0.07591058226344452,Low Risk,One year,62,94.95
3082-WQRVY,0.07589270005390975,Low Risk,One year,14,19.65
3315-IKYZQ,0.0758481990211992,Low Risk,One year,28,50.8
0536-ACXIP,0.07581382590347335,Low Risk,Two year,72,109.55
6937-GCDGQ,0.07579361525080675,Low Risk,One year,19,48.95
5414-OFQCB,0.07568863825109819,Low Risk,Two year,57,90.45
3354-OADJP,0.07564222606000685,Low Risk,One year,8,54.25
8406-LNMHF,0.0755338119142775,Low Risk,One year,59,82.95
0496-AHOOK,0.07548028642335235,Low Risk,One year,24,74.4
4018-KJYUY,0.07541072001066165,Low Risk,Month-to-month,22,20.15
8402-EIVQS,0.07531496240864281,Low Risk,One year,67,100.9
8727-XDPUD,0.07528602800392649,Low Risk,Two year,37,35.8
3197-NNYNB,0.07522463805919657,Low Risk,Two year,65,105.1
5562-BETPV,0.07514556533279916,Low Risk,One year,1,19.65
7940-UQQUG,0.07505888152300592,Low Risk,One year,64,104.4
3092-IGHWF,0.07503977861367157,Low Risk,One year,67,87.4
7021-XSNYE,0.07503232474957394,Low Risk,Two year,7,49.65
8434-PNQZX,0.07481496739857618,Low Risk,Two year,42,78.45
5286-YHCVC,0.07476936379684875,Low Risk,Two year,72,104.8
5027-YOCXN,0.0747461202758901,Low Risk,One year,51,110.05
4282-MSACW,0.07472409324189654,Low Risk,One year,68,117.2
4134-BSXLX,0.07472381287938709,Low Risk,Month-to-month,28,60.9
5018-LXQQG,0.07465836001411902,Low Risk,Month-to-month,30,66.3
4419-UJMUS,0.07458854361267203,Low Risk,Two year,69,99.35
4827-LTQRJ,0.07452884712489423,Low Risk,One year,66,110.6
6586-PSJOX,0.07432259319577876,Low Risk,One year,15,55.2
5546-BYZSM,0.07425610483433784,Low Risk,Month-to-month,41,20.45
8461-EFQYM,0.07423339549182074,Low Risk,One year,38,24.25
6295-OSINB,0.07417018554594691,Low Risk,Two year,72,109.65
3758-CKOQL,0.07413793726735954,Low Risk,One year,59,107.0
6967-PEJLL,0.07410693564053748,Low Risk,One year,37,40.2
7541-YLXCL,0.07406973104917061,Low Risk,One year,36,65.4
5278-PNYOX,0.07391017859891988,Low Risk,Two year,49,100.65
8076-FEZKJ,0.07388411587390625,Low Risk,One year,10,19.5
8109-YUOHE,0.07386215812845402,Low Risk,One year,17,56.1
2239-CFOUJ,0.07384123987748184,Low Risk,One year,1,20.4
1431-CYWMH,0.07372654765630382,Low Risk,Month-to-month,22,19.05
2272-WUSPA,0.07371993976823729,Low Risk,Two year,72,110.75
1557-EMYVT,0.07368136248474065,Low Risk,Two year,43,115.05
9432-RUVSL,0.07360853052519953,Low Risk,Two year,48,102.5
6427-FEFIG,0.07342049882480066,Low Risk,Two year,24,78.6
0967-BMLBD,0.07331285515038141,Low Risk,One year,11,20.0
9405-GPBBG,0.07330647590026838,Low Risk,Two year,64,110.5
3696-XRIEN,0.07328978316806985,Low Risk,One year,50,82.5
6341-JVQGF,0.07323353935631964,Low Risk,One year,31,81.15
8610-ZIKJJ,0.0732252599883549,Low Risk,One year,2,20.3
4808-YNLEU,0.07314154736073289,Low Risk,One year,35,62.15
1760-CAZHT,0.07308898641259942,Low Risk,Month-to-month,25,20.8
8079-XRJRS,0.07307737666479455,Low Risk,One year,65,89.75
0112-QWPNC,0.07299864362899557,Low Risk,One year,49,84.35
1282-IHQAC,0.0729295284664242,Low Risk,One year,70,44.05
5724-BIDBU,0.07291174202527223,Low Risk,One year,49,55.35
4129-LYCOI,0.07288369246090391,Low Risk,Two year,67,104.0
5915-DGNVC,0.07271337200987928,Low Risk,One year,49,71.8
9488-FYQAU,0.07269350053752338,Low Risk,Two year,63,109.25
6147-CBCRA,0.07266291107805542,Low Risk,Month-to-month,33,20.05
3034-ZBEQN,0.07264934059852349,Low Risk,One year,48,34.7
8752-GHJFU,0.07263702840120896,Low Risk,One year,71,92.0
5062-CJJKH,0.0726300467028207,Low Risk,One year,25,53.65
4464-JCOLN,0.07256153753951665,Low Risk,One year,2,19.85
5440-FLBQG,0.07243115652906515,Low Risk,Two year,69,108.4
7665-VIGUD,0.07243030957062403,Low Risk,One year,10,20.35
8595-SIZNC,0.07237339775459894,Low Risk,One year,22,25.6
1952-DVVSW,0.07235977113485458,Low Risk,One year,10,20.1
6075-QMNRR,0.072326054200096,Low Risk,Month-to-month,52,49.75
8084-OIVBS,0.07224674452285261,Low Risk,One year,11,20.0
1338-CECEE,0.07224211697016507,Low Risk,One year,41,68.5
8107-RZLNV,0.07219352030175306,Low Risk,Two year,72,106.3
1060-ENTOF,0.0721529570681795,Low Risk,One year,67,105.4
2171-UDMFD,0.07200527852727823,Low Risk,Month-to-month,32,19.45
4697-LUPSU,0.07196962354710654,Low Risk,One year,2,20.2
5442-BXVND,0.07196238258740253,Low Risk,Month-to-month,33,24.25
8199-ZLLSA,0.07193365392152556,Low Risk,One year,67,118.35
5049-MUBWG,0.07192538921291003,Low Risk,One year,26,75.0
9170-GYZJC,0.07191489543230355,Low Risk,Month-to-month,41,79.9
8741-LQOBK,0.07189102230163694,Low Risk,Month-to-month,46,35.05
9938-ZREHM,0.0718845822482069,Low Risk,One year,37,72.1
9860-LISIZ,0.07187344324107667,Low Risk,Month-to-month,34,20.35
7649-PHJVR,0.07167508299917291,Low Risk,One year,11,19.5
6196-HBOBZ,0.07164229520896373,Low Risk,Two year,65,99.35
7762-URZQH,0.07162795350903607,Low Risk,Two year,66,106.05
3374-PZLXD,0.07155547961711059,Low Risk,Month-to-month,34,19.7
4598-ZADCK,0.07155204566706289,Low Risk,One year,53,53.6
1577-HKTFG,0.0715041625796218,Low Risk,Month-to-month,30,19.65
9987-LUTYD,0.07150170393799146,Low Risk,One year,13,55.15
9046-JBFWA,0.07148942416010198,Low Risk,Month-to-month,27,19.15
4730-AWNAU,0.07134472544688694,Low Risk,One year,36,60.7
2408-PSJVE,0.07132689423461824,Low Risk,Month-to-month,44,61.9
5602-BVFMK,0.07124251472449986,Low Risk,One year,12,19.3
7445-WMRBW,0.07117840838767305,Low Risk,One year,48,73.85
3096-YXENJ,0.0710186723428975,Low Risk,Two year,65,107.65
0628-CNQRM,0.0709444965432557,Low Risk,One year,22,67.5
1964-SVLEA,0.07092534390721615,Low Risk,One year,20,19.7
9386-LDCZR,0.07091258275859215,Low Risk,One year,43,90.65
4933-IKULF,0.07088049132812434,Low Risk,One year,17,20.65
9822-BIIGN,0.07084915272193827,Low Risk,Month-to-month,53,71.85
9715-WZCLW,0.07080546573315309,Low Risk,Two year,71,97.2
8332-OSJDW,0.07073648976948776,Low Risk,One year,12,26.4
2469-DTSGX,0.07068024078674605,Low Risk,Two year,72,111.65
2636-SJDOU,0.07065945126695267,Low Risk,One year,64,84.3
4072-IPYLT,0.07065888769000417,Low Risk,Month-to-month,36,51.05
1429-UYJSV,0.07057776106546199,Low Risk,One year,12,19.7
4806-DXQCE,0.07041850962472346,Low Risk,Two year,70,113.65
8208-EUMTE,0.07041050478670612,Low Risk,Two year,16,54.85
7136-IHZJA,0.07038052489687084,Low Risk,Month-to-month,40,71.35
0357-NVCRI,0.07037676425436075,Low Risk,Month-to-month,25,20.05
6265-SXWBU,0.07027661517668692,Low Risk,One year,69,95.75
0323-XWWTN,0.07013819370284535,Low Risk,Two year,3,26.4
0983-TATYJ,0.07000667683271554,Low Risk,One year,33,51.45
3556-BVQGL,0.06994817999669814,Low Risk,One year,20,20.0
7134-HBPBS,0.06972820304335688,Low Risk,Two year,72,108.1
3915-ODIYG,0.06963724663291629,Low Risk,One year,60,71.75
3969-JQABI,0.06962912472926802,Low Risk,Month-to-month,58,65.25
8883-GRDWQ,0.06959578827477793,Low Risk,One year,20,54.0
8383-SGHJU,0.06954022833205163,Low Risk,One year,33,59.4
4137-JOPHL,0.06951485626854367,Low Risk,Two year,50,89.7
1136-XGEQU,0.06943513942951765,Low Risk,One year,50,84.15
1064-FBXNK,0.06939097091591737,Low Risk,One year,1,19.85
6551-ZCOTS,0.06929769743463868,Low Risk,One year,33,24.9
9691-HKOVS,0.06929588498747952,Low Risk,One year,55,90.15
7191-ADRGF,0.06925800188169969,Low Risk,Two year,44,54.3
5524-KHNJP,0.06923591613480394,Low Risk,One year,33,74.75
8573-JGCZW,0.06922120921952231,Low Risk,One year,17,19.65
8570-KLJYJ,0.06913623828149003,Low Risk,One year,36,54.45
1334-PDUKM,0.0689457055224479,Low Risk,One year,68,86.45
4203-QGNZA,0.0689234835815504,Low Risk,Month-to-month,28,20.25
9617-UDPEU,0.06878456268512309,Low Risk,One year,22,19.25
1430-SFQSA,0.06877633096915152,Low Risk,One year,29,35.6
5445-PZWGX,0.06876303956556244,Low Risk,One year,62,102.0
3043-SUDUA,0.06868534744747715,Low Risk,Month-to-month,32,19.9
5236-XMZJY,0.06853627135256546,Low Risk,Month-to-month,42,59.65
3115-JPJDD,0.0684979430935742,Low Risk,One year,59,81.25
3800-LYTRK,0.06846836468445734,Low Risk,One year,14,55.7
6993-YCOBK,0.06846025371928649,Low Risk,Two year,60,110.6
6266-QHOJZ,0.06821575927662356,Low Risk,One year,65,89.85
7925-PNRGI,0.06809191208726058,Low Risk,Month-to-month,45,81.3
7707-PYBBH,0.06802198669335686,Low Risk,Month-to-month,40,61.9
6509-TSGWN,0.06800492772498917,Low Risk,Month-to-month,37,26.45
6746-WAUWT,0.06782104243737319,Low Risk,One year,19,19.7
0221-NAUXK,0.06778954536290895,Low Risk,One year,10,19.95
1930-BZLHI,0.0677551588854165,Low Risk,One year,21,20.35
2651-ZCBXV,0.0677224097097695,Low Risk,Two year,54,108.0
3423-HHXAO,0.06770566513710878,Low Risk,One year,14,19.5
6878-GGDWG,0.06767414839268114,Low Risk,Month-to-month,32,19.4
5039-LZRQT,0.0676602860517397,Low Risk,One year,13,20.2
4425-OWHWB,0.06764830702233142,Low Risk,One year,20,19.35
5663-QBGIS,0.06756612820557603,Low Risk,Two year,72,98.35
2338-BQEZT,0.06754102210191007,Low Risk,Month-to-month,55,50.55
2788-CJQAQ,0.06751825309503125,Low Risk,One year,13,19.45
2680-XKKNJ,0.06751105908947198,Low Risk,One year,8,58.2
7208-PSIHR,0.06739032552517407,Low Risk,Two year,70,104.3
7508-KBIMB,0.06733943825277632,Low Risk,One year,24,56.25
9000-PLFUZ,0.06731582922081544,Low Risk,Two year,60,49.45
8646-JCOMS,0.06714844065082337,Low Risk,One year,66,90.55
2834-JRTUA,0.06699384109646371,Low Risk,Two year,71,108.05
9442-JTWDL,0.06693405698171828,Low Risk,One year,11,20.05
0186-CAERR,0.06682001300954021,Low Risk,One year,71,116.3
5917-HBSDW,0.06679857882249987,Low Risk,Month-to-month,37,19.35
3597-YASZG,0.06676276129231712,Low Risk,Two year,70,104.45
0716-BQNDX,0.06663206796505106,Low Risk,Two year,57,93.75
5857-XRECV,0.06658868100036987,Low Risk,One year,2,20.5
5753-QQWPW,0.06646250412945781,Low Risk,One year,28,59.9
2499-AJYUA,0.06643959895368379,Low Risk,Two year,72,110.8
5748-RNCJT,0.06642875542354972,Low Risk,Two year,69,106.5
6174-NRBTZ,0.06641272917800975,Low Risk,One year,46,30.75
8041-TMEID,0.06633004982671936,Low Risk,Two year,63,108.5
1442-OKRJE,0.0663002667266865,Low Risk,One year,66,103.15
9933-QRGTX,0.06610116909143517,Low Risk,Two year,60,97.2
8707-HOEDG,0.0659463149749445,Low Risk,Two year,70,110.2
5153-LXKDT,0.0659100284928386,Low Risk,Two year,68,110.2
8752-IMQOS,0.06583452747139207,Low Risk,One year,5,20.1
1527-SXDPN,0.06577737739413225,Low Risk,Two year,52,96.25
7762-ONLJY,0.0657439219612723,Low Risk,One year,6,19.7
1345-ZUKID,0.06564063507175144,Low Risk,One year,14,19.35
9586-JGQKH,0.06553982767495177,Low Risk,Two year,64,105.4
8065-QBYTO,0.06535022795572624,Low Risk,One year,71,99.65
9553-DLCLU,0.06509885269806517,Low Risk,Two year,13,88.95
4291-YZODP,0.06494771814241526,Low Risk,One year,7,20.05
8680-CGLTP,0.06493411204462037,Low Risk,One year,29,58.75
4526-RMTLL,0.0648849843365439,Low Risk,Two year,8,76.15
0895-LNKRC,0.06483667489732077,Low Risk,One year,6,19.45
1015-JPFYW,0.06458202241851665,Low Risk,One year,7,19.45
1452-XRSJV,0.06447542241318742,Low Risk,Month-to-month,39,51.05
4451-RWASJ,0.0643810705277847,Low Risk,One year,15,19.5
3239-TPHPZ,0.06412535275739549,Low Risk,Two year,12,20.05
6408-OTUBZ,0.06406046571495998,Low Risk,One year,66,104.55
5393-HJZSM,0.06403488398586323,Low Risk,Month-to-month,32,76.3
1162-ECVII,0.06403213426115564,Low Risk,Two year,72,109.75
6510-UPNKS,0.0640273531511182,Low Risk,One year,23,24.8
5975-BAICR,0.0640028270312952,Low Risk,One year,36,63.7
5578-NKCXI,0.06400010408797807,Low Risk,One year,58,99.25
8016-ZMGMO,0.063885713843762,Low Risk,One year,66,70.85
3146-JTQHR,0.06385357908253794,Low Risk,One year,10,19.6
8879-ZKJOF,0.06382281737255086,Low Risk,One year,41,79.85
3372-CDXFJ,0.06381257700427422,Low Risk,One year,13,24.5
8559-CIZFV,0.06369348933028374,Low Risk,One year,21,77.5
5993-BQHEA,0.06364476459592591,Low Risk,One year,12,20.05
5186-PEIZU,0.06363294782263763,Low Risk,Month-to-month,35,19.25
5671-RQRLP,0.06363138315002177,Low Risk,Two year,70,75.65
4385-ZKVNW,0.06349517146433331,Low Risk,Month-to-month,44,54.9
0307-BCOPK,0.06342330488606789,Low Risk,One year,16,19.05
6250-CGGUN,0.06338613762458205,Low Risk,One year,54,84.4
1702-CCFNJ,0.0632713285926645,Low Risk,Month-to-month,52,61.35
9313-CDOGY,0.06314141250367515,Low Risk,Month-to-month,38,19.6
1137-DGOWI,0.06312743102846383,Low Risk,One year,30,70.25
0635-WKOLD,0.06311794987465251,Low Risk,One year,40,70.75
5090-EMGTC,0.0630795348715382,Low Risk,Two year,59,100.05
6416-JNVRK,0.06306575099848472,Low Risk,One year,46,55.65
2830-LEWOA,0.0630405001673822,Low Risk,One year,61,103.9
3721-CNZHX,0.06298783093424204,Low Risk,One year,15,19.8
5954-BDFSG,0.062952489885153,Low Risk,Two year,72,107.5
2197-OMWGI,0.06292656701219432,Low Risk,Two year,68,53.0
3259-KNMRR,0.06288902175704322,Low Risk,Two year,57,79.75
2592-HODOV,0.06282623637113484,Low Risk,One year,13,19.3
6508-NJYRO,0.0627931007135862,Low Risk,One year,15,18.8
6308-CQRBU,0.06274985524743273,Low Risk,Two year,71,109.25
8261-GWDBQ,0.0626237744813072,Low Risk,Two year,60,116.05
4057-FKCZK,0.062598104747656,Low Risk,Two year,58,82.5
6616-AALSR,0.06250754990941769,Low Risk,Two year,65,104.3
9309-BZGNT,0.06243791260521088,Low Risk,One year,69,29.8
2330-PQGDQ,0.06242565981449693,Low Risk,One year,51,84.2
2351-RRBUE,0.062345819853177754,Low Risk,One year,7,20.65
0392-BZIUW,0.062344306954018575,Low Risk,Two year,72,105.0
2434-EEVDB,0.06221911094167744,Low Risk,Two year,64,94.6
8071-SBTRN,0.06216069592167113,Low Risk,Two year,70,111.15
5468-BPMMO,0.06209262625699758,Low Risk,Month-to-month,46,19.6
9558-IHEZX,0.0620108311376466,Low Risk,Two year,71,106.75
0661-KQHNK,0.06196870911170856,Low Risk,One year,6,19.0
3243-ZHOHY,0.06186805228266685,Low Risk,One year,16,20.1
3518-FSTWG,0.06168518534230921,Low Risk,Two year,72,109.55
0960-HUWBM,0.06157448587929721,Low Risk,Two year,65,104.1
1763-KUAAW,0.061569779610470714,Low Risk,One year,18,20.35
7663-CUXZB,0.06154435526217065,Low Risk,Two year,59,113.75
8097-VBQTZ,0.06154211391597381,Low Risk,Month-to-month,54,69.9
6435-VWCCY,0.06150952333354274,Low Risk,Two year,65,92.7
1150-FTQGN,0.061480736369836225,Low Risk,One year,60,94.15
9917-KWRBE,0.06147189670443255,Low Risk,One year,41,78.35
5504-WSIUR,0.06144541836154708,Low Risk,One year,70,90.25
1042-HFUCW,0.06139295512017776,Low Risk,One year,25,54.75
0661-WCQNQ,0.06131800780181081,Low Risk,One year,22,56.25
2364-UFROM,0.06127627349620597,Low Risk,One year,30,70.4
3178-CIFOT,0.06127407398575662,Low Risk,One year,23,19.65
0946-FKYTX,0.061231803590860924,Low Risk,One year,52,30.1
5304-EFJLP,0.06121901853219392,Low Risk,Two year,72,111.65
1623-NLDOT,0.06117639261179369,Low Risk,One year,42,33.55
3750-YHRYO,0.06111949385601373,Low Risk,One year,7,20.65
4404-HIBDJ,0.06100492140905375,Low Risk,One year,25,74.3
6434-TTGJP,0.06093625665803377,Low Risk,Two year,10,53.7
9906-NHHVC,0.06093206789642781,Low Risk,Two year,65,53.5
2889-FPWRM,0.06089934981523823,Low Risk,One year,72,117.8
9861-PDSZP,0.06082112724626951,Low Risk,Two year,72,108.05
4522-XRWWI,0.060806266438584666,Low Risk,One year,42,80.45
7609-NRNCA,0.060782232815789296,Low Risk,One year,17,19.55
5297-MDOIR,0.0607439507161859,Low Risk,One year,63,81.15
3397-AVTKU,0.06073512623805512,Low Risk,Two year,43,60.0
0756-MPZRL,0.06062146839262395,Low Risk,One year,46,33.7
6500-JVEGC,0.06053695346936059,Low Risk,One year,68,101.35
4837-QUSFT,0.06052961169749566,Low Risk,One year,65,100.15
3090-HAWSU,0.06044433784965281,Low Risk,Two year,61,111.6
7519-JTWQH,0.06034372988187486,Low Risk,Two year,69,110.5
2073-QBVBI,0.06030970389760053,Low Risk,One year,41,35.45
9046-DQMTP,0.06020609522394119,Low Risk,Month-to-month,35,20.75
7841-FCRQD,0.0601841787226243,Low Risk,One year,33,53.75
1545-JFUML,0.06012476368819512,Low Risk,Two year,71,99.0
3192-NQECA,0.060097405569816936,Low Risk,Two year,68,110.0
2773-OVBPK,0.0600942498612655,Low Risk,Two year,67,111.3
7182-OVLBJ,0.06004673343526907,Low Risk,Two year,62,101.15
5505-OVWQW,0.05992391895477009,Low Risk,One year,17,20.15
1544-JJMYL,0.05988229787928537,Low Risk,One year,27,69.35
8777-MBMTS,0.05986986367271063,Low Risk,Two year,65,105.85
1696-HXOWK,0.0598683649612487,Low Risk,One year,71,95.65
0866-QLSIR,0.05986181585089919,Low Risk,One year,34,64.4
1131-ALZWV,0.05981807865093863,Low Risk,One year,24,24.6
9483-GCPWE,0.059808931229011694,Low Risk,One year,9,20.1
2988-QRAJY,0.05978399763569887,Low Risk,Two year,69,110.05
1680-VDCWW,0.059765621592971205,Low Risk,One year,12,19.8
2710-WYVXG,0.059752326546912864,Low Risk,Two year,3,71.1
7801-CEDNV,0.0597463018321862,Low Risk,One year,27,48.7
0813-TAXXS,0.05973852430222243,Low Risk,Two year,55,77.8
3259-FDWOY,0.0596814946962114,Low Risk,Two year,71,106.0
6765-MBQNU,0.05961068935555898,Low Risk,One year,26,26.0
9766-HGEDE,0.05945530676367962,Low Risk,One year,17,19.35
4906-ZHGPK,0.059379627299444473,Low Risk,One year,54,70.7
4537-CIBHB,0.05918554140063684,Low Risk,One year,9,20.25
0829-DDVLK,0.05913494343451297,Low Risk,One year,15,20.1
7317-GGVPB,0.05908321298845164,Low Risk,Two year,71,108.6
9715-SBVSU,0.05905552303562259,Low Risk,Two year,14,61.4
9847-HNVGP,0.05902181871706636,Low Risk,One year,17,19.95
6867-ACCZI,0.05881477830074565,Low Risk,Two year,24,52.5
3340-QBBFM,0.05874058952742853,Low Risk,One year,36,54.1
1936-CZAKF,0.05866847339316626,Low Risk,Two year,49,49.65
6635-MYYYZ,0.05866129577278423,Low Risk,One year,30,85.35
0022-TCJCI,0.05865500554159473,Low Risk,One year,45,62.7
0052-DCKON,0.058569678449363574,Low Risk,One year,66,115.8
9758-MFWGD,0.05848810215817911,Low Risk,One year,48,29.9
1915-OAKWD,0.058414331885408455,Low Risk,One year,16,19.3
4311-QTTAI,0.05837079987614518,Low Risk,One year,16,19.35
8996-ZROXE,0.05831277916543872,Low Risk,One year,57,53.5
8792-AOROI,0.05819235328137884,Low Risk,Two year,8,65.5
1133-KXCGE,0.05817515630182394,Low Risk,One year,18,20.1
5982-PSMKW,0.05806831252038359,Low Risk,Two year,23,91.1
6114-TCFID,0.0580572288333473,Low Risk,One year,29,39.5
6893-ODYYE,0.05797385874005933,Low Risk,One year,50,90.1
8819-ZBYNA,0.0579615292923522,Low Risk,Two year,58,109.1
9220-ZNKJI,0.05796073669532388,Low Risk,Two year,55,88.8
2061-VVFST,0.05791133465229949,Low Risk,Month-to-month,37,19.5
9412-ARGBX,0.05789191059333157,Low Risk,Two year,48,95.5
5386-THSLQ,0.057870425003223876,Low Risk,One year,66,45.55
9711-FJTBX,0.05785912832416661,Low Risk,One year,56,85.85
9866-OCCKE,0.057790758576651856,Low Risk,Two year,72,109.75
5795-KTGUD,0.05766514263199132,Low Risk,Two year,68,110.8
8969-PRHFK,0.05763936559530933,Low Risk,One year,18,19.65
9207-ZPANB,0.05753308344912029,Low Risk,One year,37,67.45
3612-YUNGG,0.05743712512550362,Low Risk,Two year,64,109.2
6598-KELSS,0.057424160276580996,Low Risk,One year,50,43.05
0106-UGRDO,0.0573741026017578,Low Risk,Two year,69,116.0
4445-KWOKW,0.057305181142571375,Low Risk,One year,42,60.15
2361-FJWNO,0.057288219732402626,Low Risk,One year,40,36.0
8313-AFGBW,0.05728469421109697,Low Risk,Two year,47,73.6
4043-MKDTV,0.05727735528177424,Low Risk,Two year,71,105.25
6481-OGDOO,0.0572681288142704,Low Risk,One year,67,90.6
3551-GAEGL,0.05719538147189616,Low Risk,One year,34,30.4
6171-ZTVYB,0.05717447756645402,Low Risk,Month-to-month,43,66.25
7369-TRPFD,0.057028881300016175,Low Risk,One year,19,18.8
8499-BRXTD,0.05702587694338702,Low Risk,One year,18,20.1
0201-OAMXR,0.05692960047674001,Low Risk,One year,70,115.55
0266-CLZKZ,0.056927926441723994,Low Risk,Two year,67,105.65
4049-ZPALD,0.056924696227487116,Low Risk,Two year,64,99.0
7817-OMJNA,0.056905283507314226,Low Risk,One year,14,20.4
4654-DLAMQ,0.056875428684828824,Low Risk,One year,64,97.0
4199-QHJNM,0.05680050581151447,Low Risk,Two year,67,102.9
5499-ECUTN,0.056776982120069625,Low Risk,One year,47,66.05
6034-ZRYCV,0.05677336726618339,Low Risk,Two year,72,54.2
4611-ANLQC,0.05666130493030761,Low Risk,One year,60,50.05
0742-LAFQK,0.05664994601900399,Low Risk,Two year,72,99.15
9891-NQDBD,0.05664805055722864,Low Risk,One year,28,25.55
2546-KZAAT,0.05613756628555815,Low Risk,One year,52,75.4
6663-JOCQO,0.05612332817354841,Low Risk,One year,31,75.25
6752-APNJL,0.05608075299530297,Low Risk,Month-to-month,42,54.5
2054-PJOCK,0.0559925219414813,Low Risk,One year,60,80.55
3724-BSCVH,0.05598682981519096,Low Risk,One year,10,20.45
7839-NUIAA,0.05594840642016748,Low Risk,Month-to-month,61,59.8
0203-HHYIJ,0.055917661130769326,Low Risk,One year,25,25.3
7677-SJJJK,0.055908661966133456,Low Risk,One year,8,19.9
7244-QWYHG,0.05577293425736499,Low Risk,One year,50,44.45
4508-OEBEY,0.05575477090693226,Low Risk,One year,31,75.5
4670-TABXH,0.055742598116189104,Low Risk,Two year,72,109.75
4359-INNWN,0.05566177805290186,Low Risk,One year,17,20.05
6257-DTAYD,0.05565527853356233,Low Risk,Two year,71,104.15
2085-JVGAD,0.05562972700431304,Low Risk,Month-to-month,37,20.35
5998-DZLYR,0.05554346009472234,Low Risk,Two year,61,94.35
2634-HCZGT,0.0555141646802805,Low Risk,One year,53,60.05
2320-TZRRH,0.05547760691820912,Low Risk,One year,20,19.5
2683-JXWQQ,0.05545402643425728,Low Risk,Month-to-month,61,33.6
9931-DCEZH,0.05532285698636585,Low Risk,One year,28,54.4
6016-LVTJQ,0.055284727201558824,Low Risk,Month-to-month,34,20.65
4664-NJCMS,0.055239784892145725,Low Risk,Two year,33,59.55
8690-UPCZI,0.05523248175649287,Low Risk,One year,29,69.05
2907-ILJBN,0.05518115093983191,Low Risk,One year,11,20.6
8498-XXGWA,0.05517238687828849,Low Risk,Month-to-month,65,55.15
0164-APGRB,0.0551478660730616,Low Risk,Two year,72,114.9
0454-OKRCT,0.055070403135593415,Low Risk,Two year,33,80.6
6371-NZYEG,0.055028537862393645,Low Risk,Two year,16,64.25
5995-WWKKG,0.05501432999488342,Low Risk,One year,37,19.8
4616-EWBNJ,0.054965673468625936,Low Risk,One year,16,20.1
3324-OIRTO,0.054863315012035806,Low Risk,One year,71,104.65
0565-JUPYD,0.054837501306488005,Low Risk,One year,63,104.5
8746-BFOAJ,0.05482595960826325,Low Risk,One year,21,20.5
8777-PVYGU,0.054738992447248044,Low Risk,One year,52,64.3
4616-ULAOA,0.05468975891249352,Low Risk,Two year,65,110.8
7753-USQYQ,0.05464717008260399,Low Risk,One year,55,64.2
1291-CUOCY,0.05462470476359582,Low Risk,Two year,72,110.6
1474-JUWSM,0.054525508051458164,Low Risk,One year,58,68.4
0428-AXXLJ,0.05432946656057067,Low Risk,One year,25,19.5
0930-EHUZA,0.054304192621738544,Low Risk,One year,36,76.35
8707-RMEZH,0.0542591845855119,Low Risk,One year,69,87.3
1444-VVSGW,0.05418974247152246,Low Risk,One year,70,115.65
9955-QOPOY,0.05413208878540118,Low Risk,One year,69,60.8
0234-TEVTT,0.05411642078021582,Low Risk,One year,48,45.0
5756-OZRIO,0.054099498754177605,Low Risk,One year,61,64.05
2200-DSAAL,0.05402177201901584,Low Risk,Two year,68,80.65
4803-LBYPN,0.053995660464515274,Low Risk,Month-to-month,34,20.8
0074-HDKDG,0.053981190843373744,Low Risk,One year,25,61.6
1866-NXPSP,0.05397033678217734,Low Risk,One year,36,75.55
3351-NQLDI,0.05393964447363424,Low Risk,One year,67,94.35
8348-JLBUG,0.053809706077171164,Low Risk,One year,64,80.3
2453-SAFNS,0.05380205800629957,Low Risk,One year,54,72.1
3410-YOQBQ,0.053691493785496404,Low Risk,Two year,31,79.2
2829-HYVZP,0.05367097882616082,Low Risk,One year,29,19.8
8788-DOXSU,0.053668999251722305,Low Risk,One year,59,61.35
8309-PPCED,0.05360910846849152,Low Risk,Two year,72,110.45
8853-TZDGH,0.05358477774849104,Low Risk,Two year,72,111.6
7279-NMVJC,0.05354482665841002,Low Risk,One year,17,19.9
6048-UWKAL,0.053539986105281996,Low Risk,Two year,69,105.4
9534-NSXEM,0.05346522579697775,Low Risk,One year,26,20.65
8823-RLPWL,0.0533490161388256,Low Risk,Two year,72,110.65
8565-HBFNN,0.05323237396141234,Low Risk,One year,69,107.2
8559-WNQZS,0.05322721286111044,Low Risk,Two year,1,20.45
2205-LPVGL,0.05318976419430605,Low Risk,One year,58,89.85
9621-OUPYD,0.053058512069781495,Low Risk,One year,25,20.2
9402-ROUMJ,0.053030056342553845,Low Risk,One year,67,100.25
0269-XFESX,0.05295886305242798,Low Risk,One year,23,24.35
7923-IYJWY,0.05293983429383655,Low Risk,Two year,67,116.1
7813-TKCVO,0.05291655219145929,Low Risk,One year,20,20.35
9199-PWQVC,0.05288754575864083,Low Risk,One year,63,79.7
1222-KJNZD,0.05280269299477768,Low Risk,Month-to-month,40,20.4
6869-FGJJC,0.05274967485724657,Low Risk,One year,68,79.6
7325-ENZFI,0.052624795025060796,Low Risk,One year,39,40.3
9577-WJVCQ,0.052579245681627175,Low Risk,Month-to-month,68,54.45
5214-NLTIT,0.052552738293015155,Low Risk,Two year,72,90.8
8879-XUAHX,0.052548966785549635,Low Risk,Two year,71,116.25
0042-JVWOJ,0.05254611249656378,Low Risk,One year,26,19.6
8226-BXGES,0.0525236599393388,Low Risk,One year,64,89.45
1402-PTHGN,0.052413371706803595,Low Risk,One year,18,61.5
3363-DTIVD,0.0522668362624321,Low Risk,Two year,71,105.55
6734-FQAJX,0.05222333474567839,Low Risk,Two year,67,105.05
5844-QVTAT,0.05218989207182584,Low Risk,One year,33,58.45
6481-LXPWL,0.05207586573871624,Low Risk,One year,56,36.1
1178-PZGAB,0.05206909623029423,Low Risk,One year,19,20.25
8984-HPEMB,0.052011948282346294,Low Risk,Two year,71,118.65
1022-RKXDR,0.05197487250674112,Low Risk,One year,41,24.85
8099-MZPUJ,0.051813409732676535,Low Risk,Two year,48,111.8
8263-QMNTJ,0.051803247904146824,Low Risk,Two year,72,115.55
2773-MADBQ,0.051751192535839395,Low Risk,Two year,36,53.1
5575-GNVDE,0.05174505349342663,Low Risk,One year,34,56.95
7971-HLVXI,0.051725476596244116,Low Risk,Two year,72,84.5
6050-FFXES,0.05168146089609408,Low Risk,Two year,69,105.35
0907-HQNTS,0.051584278049886786,Low Risk,Two year,70,113.0
4323-ELYYB,0.051569232119469344,Low Risk,One year,13,20.0
3131-NWVFJ,0.0515588189098403,Low Risk,One year,14,19.55
5762-TJXGK,0.051510917935010725,Low Risk,Two year,52,58.75
4092-OFQZS,0.051494557307716626,Low Risk,One year,20,20.65
4032-RMHCI,0.05136617839873622,Low Risk,One year,41,35.4
9589-ABEPT,0.05135562153503004,Low Risk,Two year,69,92.45
0056-EPFBG,0.05132490528984734,Low Risk,Two year,20,39.4
7838-LAZFO,0.05131447657802438,Low Risk,One year,45,78.8
2933-XEUJM,0.051306789828131485,Low Risk,Two year,46,79.2
5110-CHOPY,0.05126669208122855,Low Risk,Two year,60,53.6
5312-TSZVC,0.05123070311096998,Low Risk,One year,15,19.65
3452-FLHYD,0.05107988655532761,Low Risk,One year,25,20.95
2580-ASVVY,0.051037464095873376,Low Risk,Two year,37,45.4
4717-GHADL,0.05100139764360466,Low Risk,Two year,50,79.6
8022-BECSI,0.050986144095154236,Low Risk,One year,22,19.6
9867-XOBQA,0.05097698422414654,Low Risk,Two year,21,53.15
0727-BNRLG,0.05097640503063514,Low Risk,Two year,69,97.65
4909-JOUPP,0.05095594452761763,Low Risk,Two year,72,109.7
7718-UPSKJ,0.050942749606563385,Low Risk,One year,69,106.4
0748-RDGGM,0.05088250836442826,Low Risk,One year,70,109.5
7696-AMHOD,0.05083059590920937,Low Risk,One year,49,78.0
8328-SKJNO,0.05073362343697116,Low Risk,One year,23,40.65
1552-TKMXS,0.05071362557808003,Low Risk,Month-to-month,42,20.35
1904-WAJAA,0.050668616157878266,Low Risk,Two year,24,64.35
9236-NDUCW,0.0506607278468821,Low Risk,Two year,21,35.1
7691-KGKGP,0.05063859589852179,Low Risk,Month-to-month,53,65.0
1303-SRDOK,0.05055573945280079,Low Risk,Two year,55,69.05
3523-BRGUW,0.0504108547168112,Low Risk,One year,26,19.3
9705-ZJBCG,0.050363833056838544,Low Risk,One year,13,54.15
1094-BKOSX,0.05036072152883403,Low Risk,One year,45,51.0
4578-PHJYZ,0.05033429466299363,Low Risk,One year,52,68.75
9845-QOMAD,0.050291722803493345,Low Risk,One year,14,19.75
5847-MXBEO,0.05013848845240263,Low Risk,One year,22,20.3
2868-LLSKM,0.05009468292658543,Low Risk,One year,68,83.65
3224-DFQNQ,0.050087078500876354,Low Risk,One year,66,89.0
9924-JPRMC,0.0499530942837216,Low Risk,Two year,72,118.2
8106-GWQOK,0.04994480868750445,Low Risk,Two year,38,60.0
0862-PRCBS,0.04993213837897053,Low Risk,Two year,68,103.75
9541-PWTWO,0.04972668301507403,Low Risk,Two year,52,80.95
5245-VDBUR,0.04961585390735062,Low Risk,One year,52,35.45
5135-GRQJV,0.04948977121256929,Low Risk,Two year,72,114.5
7576-ASEJU,0.049303341408367146,Low Risk,One year,41,74.7
5271-YNWVR,0.04928248200972629,Low Risk,Two year,68,113.15
3026-ATZYV,0.04924780111709435,Low Risk,One year,37,75.1
1790-NESIO,0.049240521130279505,Low Risk,Two year,13,20.4
0572-ZJKLT,0.04911716041191094,Low Risk,Two year,46,99.65
7605-BDWDC,0.04908895421156214,Low Risk,Two year,31,49.85
6543-JXSOO,0.04908612639931474,Low Risk,One year,23,57.75
9184-GALIL,0.04906544147544087,Low Risk,Month-to-month,38,20.45
2039-JONDJ,0.04901262543138673,Low Risk,One year,27,55.45
7554-NEWDD,0.04898460069219015,Low Risk,Two year,10,25.7
1891-QRQSA,0.048939377852689925,Low Risk,Two year,64,111.6
1272-ILHFG,0.04886805262542614,Low Risk,One year,15,19.65
7995-ZHHNZ,0.04886433399769173,Low Risk,One year,42,56.1
0422-OHQHQ,0.04879698436787514,Low Risk,One year,15,20.55
3549-ZTMNH,0.048669134095612965,Low Risk,Two year,12,24.0
3705-RHRFR,0.04862622107101442,Low Risk,Two year,69,99.15
3283-WCWXT,0.04859401468769993,Low Risk,Two year,6,25.4
2056-EVGZL,0.04858250593364334,Low Risk,One year,68,105.75
1661-CZBAU,0.048563221673901244,Low Risk,One year,48,70.95
8869-LIHMK,0.048491955999677774,Low Risk,Two year,64,115.1
1682-VCOIO,0.04842749389845223,Low Risk,One year,23,20.45
1038-ZAGBI,0.048404175618556436,Low Risk,One year,12,19.8
1036-GUDCL,0.04839503318145185,Low Risk,Month-to-month,60,79.05
4884-TVUQF,0.048294999416202467,Low Risk,Two year,57,101.3
9027-TMATR,0.04827431482574866,Low Risk,Two year,43,78.8
4115-BNPJY,0.04821555632835622,Low Risk,Two year,29,75.55
3082-YVEKW,0.04821084153303107,Low Risk,Two year,23,77.15
1839-UMACK,0.0481509264925872,Low Risk,One year,42,25.05
7951-VRDVK,0.04812837436006393,Low Risk,One year,36,85.85
0020-INWCK,0.048073767250618175,Low Risk,Two year,71,95.75
4973-RLZVI,0.04800757179741706,Low Risk,One year,30,74.65
7338-ERIVA,0.04797275630288907,Low Risk,One year,39,45.05
8400-WZICQ,0.04783129120812726,Low Risk,Month-to-month,55,55.7
4086-ATNFV,0.047821276768901376,Low Risk,One year,34,60.8
3022-BEXHZ,0.04781720978980707,Low Risk,Two year,67,111.2
7168-HDQHG,0.04774720367775118,Low Risk,Month-to-month,36,19.2
6797-LNAQX,0.04768676756182657,Low Risk,Two year,70,98.3
5327-XOKKY,0.04767687567944956,Low Risk,Two year,72,73.45
8630-QSGXK,0.04752596578617401,Low Risk,Two year,51,75.2
7196-LIWRH,0.047502762573717716,Low Risk,Two year,6,19.55
2706-QZIHY,0.04747883774465229,Low Risk,Two year,15,25.2
5862-BRIXZ,0.04745355269103485,Low Risk,Two year,46,60.75
0121-SNYRK,0.04743862514087198,Low Risk,One year,50,35.4
3259-QMXUN,0.04735888581114126,Low Risk,Two year,58,86.1
9330-DHBFL,0.04730840093324949,Low Risk,One year,23,66.25
5020-ZSTTY,0.047141807118054734,Low Risk,One year,54,82.45
8612-GXIDD,0.04705982731734926,Low Risk,Two year,12,25.4
5061-PBXFW,0.04705069584684675,Low Risk,Month-to-month,32,61.4
1163-VIPRI,0.04703608910037712,Low Risk,Two year,65,109.3
8571-ZCMCX,0.04703513804428691,Low Risk,Two year,47,60.0
7996-BPXHY,0.04699376085866204,Low Risk,Two year,13,25.0
3778-FOAQW,0.04695043561769175,Low Risk,One year,24,20.15
2245-ADZFJ,0.0468843039144069,Low Risk,Two year,31,80.55
4369-NYSCF,0.04679034273437284,Low Risk,One year,56,75.75
6682-VCIXC,0.04665718948527043,Low Risk,One year,43,51.25
7868-TMWMZ,0.046597766035120974,Low Risk,Two year,60,110.0
1090-PYKCI,0.0464609034066368,Low Risk,One year,69,105.1
4853-RULSV,0.04643009960959946,Low Risk,Two year,70,104.0
5199-FPUSP,0.04642651973644756,Low Risk,One year,33,34.05
3125-RAHBV,0.04642608751494832,Low Risk,One year,22,20.3
2798-NYLMZ,0.0464131589819565,Low Risk,Two year,71,108.55
5791-KAJFD,0.04638506408206524,Low Risk,One year,56,68.75
8166-ZZTFS,0.04637096535563842,Low Risk,Two year,66,80.55
6670-MFRPK,0.04619829550757818,Low Risk,Two year,69,79.2
7319-ZNRTR,0.04618684142122299,Low Risk,One year,25,19.6
5474-LAMUQ,0.04606746788646214,Low Risk,One year,24,20.1
9619-GSATL,0.04605974904546079,Low Risk,One year,43,55.45
1401-FTHFQ,0.0460129851050397,Low Risk,One year,23,20.0
0530-IJVDB,0.04594966748017847,Low Risk,Two year,70,114.6
3482-ABPKK,0.045936838552182654,Low Risk,One year,28,54.3
2511-MORQY,0.045888757944321276,Low Risk,One year,50,54.9
0401-WDBXM,0.04588774536071407,Low Risk,Two year,72,105.55
1069-QJOEE,0.045854603288103424,Low Risk,One year,25,19.9
2188-SXWVT,0.04580683527262104,Low Risk,One year,34,55.0
8738-JOKAR,0.04574265003186043,Low Risk,One year,42,67.7
9209-NWPGU,0.04571743003130821,Low Risk,One year,44,65.4
7876-AEHIG,0.045716902813836044,Low Risk,One year,51,60.15
9746-YKGXB,0.04569556029231799,Low Risk,One year,52,44.25
7527-QNRUS,0.04565613911596605,Low Risk,Two year,17,25.15
9867-JCZSP,0.045625981823104116,Low Risk,One year,17,20.75
7672-VFMXZ,0.04544290019596325,Low Risk,Month-to-month,57,55.7
5003-OKNNK,0.045397322526210995,Low Risk,One year,15,20.35
5451-YHYPW,0.045372283360725726,Low Risk,Two year,72,115.75
4627-MIHJH,0.04537076902347258,Low Risk,Two year,69,110.25
4707-YNOQA,0.04535730023955278,Low Risk,One year,34,25.6
3134-DSHVC,0.045280055200766486,Low Risk,Two year,63,98.0
7055-JCGNI,0.04526864122427621,Low Risk,Two year,70,111.95
3546-GHEAE,0.04523100168752648,Low Risk,Two year,7,19.45
6016-NXBNJ,0.04522852210092767,Low Risk,One year,35,19.15
3985-HOYPM,0.04522727934430418,Low Risk,One year,26,19.4
3474-BAFSJ,0.04521566203872219,Low Risk,Two year,57,57.5
1439-LCGVL,0.045127562339488655,Low Risk,One year,26,19.2
1455-HFBXA,0.04510788591963816,Low Risk,Two year,52,91.6
1998-VHJHK,0.04500077165453429,Low Risk,One year,27,19.15
3301-VKTGC,0.044994455799278764,Low Risk,One year,68,85.5
5726-CVNYA,0.044978781791669725,Low Risk,Two year,8,19.85
8591-TKMZH,0.044966544834612994,Low Risk,Two year,59,111.1
2878-RMWXY,0.044947389283616246,Low Risk,Two year,72,102.65
6211-WWLTF,0.044913253095527406,Low Risk,Two year,63,99.7
6904-JLBGY,0.04486258349588611,Low Risk,Two year,72,117.35
9347-AERRL,0.0448563465222837,Low Risk,One year,23,19.3
9746-UGFAC,0.04479394391797676,Low Risk,One year,22,20.85
9174-IHETN,0.044713546657742395,Low Risk,Two year,50,70.35
8029-XYPWT,0.04470241153279615,Low Risk,Two year,71,115.05
7100-FQPRV,0.044653315473953056,Low Risk,One year,43,71.9
1779-PWPMG,0.04463949957668551,Low Risk,Two year,72,114.65
2282-YGNOR,0.04458696201168085,Low Risk,One year,29,58.0
0023-UYUPN,0.044580754425577684,Low Risk,One year,50,25.2
4957-TIALW,0.04457576881858719,Low Risk,One year,15,65.6
7781-EWARA,0.04449971228191484,Low Risk,One year,70,60.35
2388-LAESQ,0.044424836794831515,Low Risk,Two year,72,114.85
7244-KXYZN,0.04434314924516606,Low Risk,One year,24,20.45
3727-OWVYD,0.044316038014110215,Low Risk,One year,35,61.2
8628-MFKAX,0.04429212521696124,Low Risk,Two year,72,116.75
1271-UODNO,0.04425505156554884,Low Risk,Two year,39,53.85
1325-USMEC,0.044230115842493506,Low Risk,Two year,70,99.35
8085-MSNLK,0.044216765270267216,Low Risk,Two year,62,113.95
8763-KIAFH,0.04416942251116072,Low Risk,One year,27,20.55
9070-BCKQP,0.044168388132170826,Low Risk,Two year,72,110.15
2017-CCBLH,0.044145065827852464,Low Risk,Two year,8,20.0
1821-BUCWY,0.04407214965697594,Low Risk,Two year,30,55.65
2790-XUYMV,0.04399021608200922,Low Risk,One year,71,85.45
8388-DMKAE,0.04387972525041267,Low Risk,Two year,8,20.25
9150-KPBJQ,0.04387055118450607,Low Risk,Two year,6,19.65
7765-LWVVH,0.04384754555431566,Low Risk,Two year,72,95.1
4686-GEFRM,0.04380048360098289,Low Risk,Two year,70,98.7
8901-UPRHR,0.04379580339660368,Low Risk,Two year,72,109.2
3422-WJOYD,0.04375425550742994,Low Risk,One year,28,54.35
1320-GVNHT,0.04375036185813048,Low Risk,Two year,72,108.4
6527-PZFPV,0.043745144470916875,Low Risk,One year,24,20.8
3249-VHRIP,0.04361629490620394,Low Risk,Two year,62,43.6
6061-PQHMK,0.043550623458375626,Low Risk,One year,25,19.9
5887-IKKYO,0.043509572201611925,Low Risk,Two year,58,94.35
3407-JMJQQ,0.04349907853521308,Low Risk,Two year,71,109.0
4115-UMJFQ,0.04349807724850755,Low Risk,One year,69,35.75
4135-FRWKJ,0.0434968320075376,Low Risk,One year,55,76.25
8007-YYPWD,0.04343261372205214,Low Risk,Two year,15,25.05
2348-KCJLT,0.0434267169943737,Low Risk,One year,44,61.5
4174-LPGTI,0.043345623658934955,Low Risk,One year,41,66.5
1897-RCFUM,0.043342659505843824,Low Risk,One year,39,24.2
2323-ARSVR,0.043311176487059816,Low Risk,Two year,67,111.05
3244-CQPHU,0.04327983681914583,Low Risk,Two year,72,110.1
7137-NAXML,0.0432681537644329,Low Risk,One year,23,20.15
9030-QGZNL,0.04324910305633584,Low Risk,Two year,8,20.85
5855-EIBDE,0.04320585943484618,Low Risk,Two year,49,106.65
3594-BDSOA,0.04320185843627295,Low Risk,One year,24,20.4
8821-KVZKQ,0.04308559312339827,Low Risk,One year,70,58.4
4942-VZZOM,0.04307016938198809,Low Risk,One year,64,66.15
6584-VQMYT,0.04299418074982726,Low Risk,One year,27,56.2
1561-BWHIN,0.04297293292663686,Low Risk,One year,19,19.8
6176-YJWAS,0.04297257281175089,Low Risk,Two year,72,97.95
5214-CHIWJ,0.042892741306676044,Low Risk,One year,27,20.3
0840-DCNZE,0.04289200591724147,Low Risk,One year,47,86.95
8748-HFWBO,0.042869309907653884,Low Risk,One year,19,19.9
2030-BTZRO,0.042862762530703535,Low Risk,Two year,6,20.4
6194-HBGQN,0.04284809241618306,Low Risk,One year,51,81.15
1734-ZMNTZ,0.04282504145074165,Low Risk,Two year,11,25.0
6479-OAUSD,0.042677167389736495,Low Risk,One year,25,19.9
7520-HQWJU,0.04266042924493764,Low Risk,Month-to-month,66,67.45
1043-UXOVO,0.04262219257030225,Low Risk,Two year,71,113.15
9127-FHJBZ,0.04261340710377644,Low Risk,Two year,72,114.0
9351-HXDMR,0.04250640614073185,Low Risk,Two year,72,110.9
0670-ANMUU,0.042468169017766344,Low Risk,One year,71,97.65
6478-HRRCZ,0.042321336503046876,Low Risk,One year,32,70.5
1150-WFARN,0.042305983293011294,Low Risk,Two year,67,108.75
9648-BCHKM,0.042303310228023305,Low Risk,Two year,18,24.65
1480-BKXGA,0.042291474965566796,Low Risk,Two year,72,116.05
6999-CHVCF,0.04229078594475487,Low Risk,Two year,68,102.1
6614-FHDBO,0.04227338174882361,Low Risk,Two year,72,109.2
7321-ZNSLA,0.042177787037952996,Low Risk,Two year,13,40.55
9289-LBQVU,0.042062605562877185,Low Risk,One year,64,70.15
6993-YGFJV,0.04205897581829167,Low Risk,Two year,69,112.55
7619-PLRLP,0.041999283444775444,Low Risk,One year,53,74.1
1099-GODLO,0.041993003539205584,Low Risk,Two year,1,20.35
8883-ANODQ,0.04198238421960433,Low Risk,Two year,68,84.4
4513-CXYIX,0.041972184535170945,Low Risk,Two year,71,80.7
8015-IHCGW,0.04193866370193478,Low Risk,Two year,72,115.5
0197-PNKNK,0.04188212956948016,Low Risk,One year,69,84.45
9702-AIUJO,0.0417966121234106,Low Risk,One year,50,44.8
5183-KLYEM,0.04170758352482828,Low Risk,Two year,72,112.75
7994-XIRTR,0.041706288159761504,Low Risk,One year,54,65.25
2368-GAKKQ,0.04162667772712804,Low Risk,Two year,70,113.65
1139-WUOAH,0.04158485479437783,Low Risk,Two year,57,53.35
1051-EQPZR,0.04151610041756696,Low Risk,Month-to-month,44,19.6
0619-OLYUR,0.0414915093108626,Low Risk,Two year,72,111.9
6559-ILWKJ,0.04147329265730798,Low Risk,Two year,71,49.35
8873-TMKGR,0.04147055434726379,Low Risk,One year,29,19.1
4795-UXVCJ,0.041459641808962784,Low Risk,One year,26,19.8
3705-PSNGL,0.041416352845079406,Low Risk,One year,45,20.4
4716-MRVEN,0.04140977580877399,Low Risk,One year,29,20.0
1929-ZCBHE,0.041348166530864504,Low Risk,One year,47,40.3
6726-NNFWD,0.04132591060345579,Low Risk,Two year,71,89.45
6252-DFGTK,0.0412987622175297,Low Risk,One year,37,68.1
5917-RYRMG,0.0412943542884681,Low Risk,One year,32,19.8
5641-DMBFJ,0.04124856574162513,Low Risk,Two year,58,84.3
5306-BVTKJ,0.04122411967339863,Low Risk,One year,48,55.8
4709-LKHYG,0.04118442014430589,Low Risk,One year,29,20.0
9640-ZSLDC,0.04111652978798497,Low Risk,One year,53,60.6
8668-KNZTI,0.04109224332586392,Low Risk,One year,52,53.75
1872-EBWSC,0.04106072879900627,Low Risk,One year,29,20.35
3055-VTCGS,0.040994437435990745,Low Risk,One year,63,58.55
0487-CRLZF,0.040965777101543234,Low Risk,Two year,49,74.45
0253-ZTEOB,0.040957916342711655,Low Risk,Two year,48,79.65
0516-VRYBW,0.04088387628301996,Low Risk,One year,18,20.15
1834-ABKHQ,0.04085461403613099,Low Risk,One year,52,50.95
4106-HADHQ,0.04064858868943481,Low Risk,One year,39,80.0
1407-DIGZV,0.0406485398164666,Low Risk,Two year,3,19.1
4815-YOSUK,0.04059733511307415,Low Risk,One year,72,104.9
2927-CVULT,0.040564796512609504,Low Risk,Two year,53,104.05
2380-DAMQP,0.040535282739332434,Low Risk,Two year,72,115.15
8884-MRNSU,0.04046795755519293,Low Risk,One year,17,19.9
5469-NUJUR,0.04043484487592822,Low Risk,Two year,19,19.95
6823-SIDFQ,0.04042406769574328,Low Risk,One year,28,18.25
8779-YIQQA,0.04035936305742147,Low Risk,One year,21,19.8
6047-SUHPR,0.04021745649159604,Low Risk,One year,39,59.8
3658-QQJYD,0.04015221387022317,Low Risk,One year,62,74.3
6100-FJZDG,0.040079072772715864,Low Risk,One year,26,20.05
3506-OVLKD,0.04006328027327869,Low Risk,One year,35,26.2
7037-MTYVW,0.040051481114425684,Low Risk,Two year,38,85.4
1599-MMYRQ,0.040042296839439856,Low Risk,One year,62,81.45
3580-HYCSP,0.040031075215007976,Low Risk,Two year,72,110.3
2325-ZUSFD,0.0400094932556683,Low Risk,One year,57,70.1
8608-OZTLB,0.0399254602547923,Low Risk,One year,38,74.05
0254-FNMCI,0.03992373984297573,Low Risk,Two year,72,109.9
7255-SSFBC,0.039866205588102825,Low Risk,Two year,72,112.25
9108-EQPNQ,0.03982188638554138,Low Risk,Two year,10,26.1
0019-EFAEP,0.0398154589932533,Low Risk,Two year,72,101.3
9885-MFVSU,0.03974688700222874,Low Risk,Two year,35,46.35
6061-GWWAV,0.039715975953734564,Low Risk,One year,41,70.2
9239-GZHZE,0.03970732792467025,Low Risk,Two year,72,113.65
4859-ZSRDZ,0.03963711067537291,Low Risk,Two year,58,55.5
7026-YMSBE,0.03960881517102805,Low Risk,One year,30,19.7
9531-NSBMR,0.039564419406347945,Low Risk,One year,36,19.25
1741-WTPON,0.03953869448327136,Low Risk,Two year,56,115.85
7176-WRTNX,0.03952624023433319,Low Risk,Two year,70,114.95
3669-WHAFY,0.03951328161175103,Low Risk,Two year,71,115.15
0872-CASZJ,0.039488671427329834,Low Risk,One year,59,69.1
5495-GPSRW,0.03942169955976729,Low Risk,Two year,20,19.7
5825-XJOCM,0.03941015449027505,Low Risk,One year,48,64.4
3982-JGSFD,0.03940804081673005,Low Risk,One year,36,20.35
1752-OZXFY,0.03938836484779787,Low Risk,One year,60,59.8
4685-TFLLS,0.039310869879142604,Low Risk,One year,18,19.8
2190-PHBHR,0.03931018579540682,Low Risk,Two year,72,94.45
3926-YZVVX,0.03921765298110348,Low Risk,One year,41,50.05
3585-YNADK,0.03919710826845265,Low Risk,One year,57,74.6
4500-HKANN,0.03919495129324017,Low Risk,Two year,23,59.7
8292-FRFZQ,0.03915421255055633,Low Risk,One year,39,41.15
0254-KCJGT,0.03914412444610731,Low Risk,One year,52,81.4
3547-LQRIK,0.039098966169779543,Low Risk,One year,47,26.9
2676-SSLTO,0.03909512020285419,Low Risk,Two year,49,66.15
0859-YGKFW,0.039073398188590514,Low Risk,One year,18,20.05
0810-DHDBD,0.03905225912704517,Low Risk,One year,52,74.0
2995-YWTCD,0.03903396918414285,Low Risk,Two year,19,24.9
6698-OXETB,0.03899301001292129,Low Risk,Two year,11,20.4
3766-EJLFL,0.03898915811216483,Low Risk,Two year,68,109.05
4632-PAOYU,0.038968393967196015,Low Risk,One year,22,19.95
9801-NOSHQ,0.038952525926089644,Low Risk,One year,23,19.8
2749-CTKAJ,0.038779895451156295,Low Risk,One year,22,20.15
9560-BBZXK,0.038747023629154886,Low Risk,Two year,36,31.05
4163-NCJAK,0.038740036206344565,Low Risk,One year,46,24.45
2335-GSODA,0.03872562975654196,Low Risk,Two year,23,40.1
5256-SKJGO,0.03871396441653121,Low Risk,Two year,64,54.6
7029-IJEJK,0.03854757392385934,Low Risk,One year,54,44.1
9637-CDTKZ,0.03848555747795904,Low Risk,Two year,72,114.1
5876-QMYLD,0.038444254869036625,Low Risk,One year,23,20.05
3617-XLSGQ,0.03836389756002968,Low Risk,Two year,66,109.25
6518-KZXCB,0.03835012648124154,Low Risk,Two year,22,25.25
2150-OEGBV,0.038206523380926616,Low Risk,One year,27,20.1
4950-HKQTE,0.038200948284288896,Low Risk,Two year,22,26.25
6244-BESBM,0.03818356378072601,Low Risk,Two year,69,95.2
5197-YPYBZ,0.03817194769269338,Low Risk,Two year,12,25.25
3850-OKINF,0.038138181320424624,Low Risk,One year,71,66.2
3214-IYUUQ,0.03809816929075566,Low Risk,One year,61,93.7
3057-VJJQE,0.03807759715221533,Low Risk,Two year,35,55.25
7636-PEPNS,0.03806376086262242,Low Risk,One year,58,44.1
4750-UKWJK,0.03805124374393709,Low Risk,One year,37,19.6
6082-OQFBA,0.038036660450365814,Low Risk,One year,23,19.65
5038-ETMLM,0.038033952998651456,Low Risk,Two year,72,113.65
6447-EGDIV,0.03800158064587148,Low Risk,One year,31,20.95
2121-JAFOM,0.03791957548519499,Low Risk,Two year,72,115.55
9938-TKDGL,0.03788569894041927,Low Risk,Two year,68,99.55
6754-WKSHP,0.037858409499812125,Low Risk,One year,30,25.35
0754-EEBDC,0.037855630852635776,Low Risk,Two year,4,19.9
0679-TDGAK,0.037838591665633504,Low Risk,One year,50,75.5
6339-TBELP,0.03783311630666541,Low Risk,Two year,71,86.4
2466-FCCPT,0.03776308224877725,Low Risk,One year,20,19.7
8510-BBWMU,0.037683201893245165,Low Risk,One year,41,19.75
7005-CYUIL,0.0375034896166434,Low Risk,Two year,71,99.4
3181-VTHOE,0.037494421662157607,Low Risk,One year,70,51.05
0657-DOGUM,0.03740726786121518,Low Risk,One year,48,60.6
2138-VFAPZ,0.0373922836202318,Low Risk,Two year,14,19.7
8194-PEEBY,0.03738814532412109,Low Risk,One year,24,19.9
7795-CFOCW,0.03738406111478682,Low Risk,One year,45,42.3
6103-QCKFX,0.03738335495908836,Low Risk,Month-to-month,44,56.25
5232-NXPAY,0.03731085262702913,Low Risk,Two year,47,74.45
4854-SSLTN,0.03730177610051444,Low Risk,Two year,2,59.5
9830-ECLEN,0.037292208463639696,Low Risk,One year,58,50.0
5914-GXMDA,0.037289899874365214,Low Risk,One year,32,19.3
3717-FDJFU,0.037202529038180304,Low Risk,Two year,5,20.45
5519-TEEUH,0.03720047242804934,Low Risk,One year,33,20.15
5063-IUOKK,0.03719498304469283,Low Risk,Two year,13,19.75
9742-XOKTS,0.037168399071935726,Low Risk,One year,67,89.55
3298-QEICA,0.03711063970352321,Low Risk,Two year,23,34.6
5871-DGTXZ,0.03710167296406509,Low Risk,One year,32,19.8
8745-PVESG,0.03708836886066377,Low Risk,One year,57,41.1
8670-MEFCP,0.03706542510599552,Low Risk,Two year,36,92.9
4584-LBNMK,0.037061293327714934,Low Risk,One year,45,24.7
5014-GSOUQ,0.0370147324980034,Low Risk,Two year,13,19.95
1576-PFZIW,0.036992787045875525,Low Risk,Two year,70,105.35
4111-BNXIF,0.036987399173954584,Low Risk,Two year,67,59.55
9194-GFVOI,0.036985820280236004,Low Risk,Two year,42,84.35
4530-NDRKU,0.036937157036975234,Low Risk,One year,42,19.05
1154-HYWWO,0.036864802959755305,Low Risk,One year,38,70.6
7375-WMVMT,0.03684684076526144,Low Risk,Two year,71,95.5
6188-UXBBR,0.0368310255873355,Low Risk,One year,38,20.25
5172-RKOCB,0.03682794031607802,Low Risk,Two year,72,108.95
1093-YSWCA,0.03682756404402862,Low Risk,Two year,11,19.55
8277-RVRSV,0.03676296410618087,Low Risk,One year,33,24.15
7446-SFAOA,0.03676119488840076,Low Risk,One year,37,19.85
3186-AJIEK,0.036712507957156276,Low Risk,Two year,66,105.65
2027-DNKIV,0.03661255741769707,Low Risk,One year,37,58.75
3963-RYFNS,0.03652317543822107,Low Risk,Two year,72,116.45
3508-CFVZL,0.036520254480107046,Low Risk,Two year,71,111.3
6650-BWFRT,0.03647430316550038,Low Risk,Two year,72,117.15
0942-KOWSM,0.03643460849897635,Low Risk,Two year,30,80.8
9298-WGMRW,0.03636286168029367,Low Risk,Two year,72,115.5
1834-WULEG,0.036323237426868306,Low Risk,One year,24,20.25
8975-SKGRX,0.036237942839807115,Low Risk,Two year,71,116.1
7472-EQOAV,0.0362321803023597,Low Risk,One year,71,86.7
7690-KPNCU,0.03619049444252025,Low Risk,One year,64,73.05
2587-YNLES,0.03609872553179094,Low Risk,Two year,6,20.1
7632-YUTXB,0.03609572632795702,Low Risk,One year,25,20.05
4778-IZARL,0.03599039931260348,Low Risk,Two year,63,110.1
7581-EBBOU,0.03596437991637484,Low Risk,One year,60,70.15
9625-QNLUX,0.035956795016825915,Low Risk,Two year,68,103.25
8717-VCTXJ,0.035950692137517594,Low Risk,One year,42,19.55
1841-YSJGV,0.03594353479262826,Low Risk,Two year,72,109.95
9788-HNGUT,0.03591173022608008,Low Risk,Two year,72,116.95
9959-WOFKT,0.03589222815478673,Low Risk,Two year,71,106.7
8165-CBKXO,0.03587996694757232,Low Risk,Two year,66,56.75
6848-YLDFR,0.03579420276120109,Low Risk,One year,58,75.2
4452-ROHMO,0.0357708834375347,Low Risk,Two year,15,19.6
6223-DHJGV,0.03572350339617821,Low Risk,One year,42,20.65
7269-JISCY,0.035678983020296345,Low Risk,One year,55,45.05
3308-JSGML,0.03558182118792706,Low Risk,Two year,59,64.05
0219-QAERP,0.03556538527305811,Low Risk,One year,30,19.8
5204-HMGYF,0.03547625344028228,Low Risk,One year,49,87.2
4702-HDRKD,0.0353992231896855,Low Risk,One year,67,49.35
5914-XRFQB,0.035369091652882205,Low Risk,Two year,72,115.8
6368-TZZDT,0.03536173815206459,Low Risk,Two year,4,19.5
1982-FEBTD,0.03532107585373955,Low Risk,Two year,23,25.6
1354-YZFNB,0.035318739855726033,Low Risk,Two year,4,19.55
9777-IQHWP,0.03531004965606209,Low Risk,Two year,64,93.4
5170-PTRKA,0.03525405631761253,Low Risk,One year,49,35.8
1245-HARPS,0.03522403044074408,Low Risk,Two year,14,20.4
6122-EFVKN,0.035215298583948215,Low Risk,Two year,24,35.75
8314-HTWVE,0.03519024265866002,Low Risk,Two year,7,19.85
8606-CIQUL,0.035174655079292426,Low Risk,Two year,72,115.75
7710-JSYOA,0.0351318709872269,Low Risk,Two year,69,93.3
2321-OMBXY,0.0351125937034114,Low Risk,One year,38,80.3
8908-SLFCJ,0.035073002652323125,Low Risk,Two year,21,20.85
5965-GGPRW,0.03504758295197654,Low Risk,Two year,72,105.25
3378-AJRAO,0.0349907720580427,Low Risk,One year,44,24.85
6064-PUPMC,0.034976047920893746,Low Risk,One year,23,57.2
1725-IQNIY,0.03497433689951542,Low Risk,Two year,54,109.75
5820-PTRYM,0.03496522649262883,Low Risk,One year,56,68.45
1298-PHBTI,0.03492486673714996,Low Risk,Two year,71,84.8
3230-JCNZS,0.03489561011172997,Low Risk,Two year,71,99.0
9500-IWPXQ,0.034894136655061296,Low Risk,One year,61,79.4
9018-PCIOK,0.034848495854098674,Low Risk,Two year,55,64.75
6522-OIQSX,0.03480162410716119,Low Risk,Two year,69,54.95
7305-ZWMAJ,0.03479482469365244,Low Risk,One year,30,20.7
3258-SYSWS,0.03478959204958946,Low Risk,Two year,72,113.8
3605-JISKB,0.034785290604566844,Low Risk,One year,55,60.0
2005-DWQZJ,0.03476639429114154,Low Risk,Two year,8,19.05
8966-OIQHG,0.034559913096527665,Low Risk,One year,22,20.75
4636-OLWOE,0.03449102967178319,Low Risk,One year,54,61.0
2229-DPMBI,0.03438747203933502,Low Risk,Two year,8,19.5
6919-ELBGL,0.03434870275190203,Low Risk,Two year,72,114.95
6072-NUQCB,0.03427543646787086,Low Risk,One year,22,20.25
1092-WPIVQ,0.03427226363404993,Low Risk,Two year,18,25.1
7277-KAMWT,0.03419734447373148,Low Risk,Two year,13,20.0
6352-GIGGQ,0.034175205910549816,Low Risk,One year,67,88.8
3078-ZKNTS,0.03414717994444683,Low Risk,Two year,13,19.75
0868-VJRDR,0.034104311421569375,Low Risk,Two year,64,104.05
1937-OTUKY,0.03408194373693865,Low Risk,Two year,72,98.2
1535-VTJOQ,0.034075741485996985,Low Risk,Two year,24,25.15
8819-WFGGJ,0.03401214478402775,Low Risk,Two year,68,54.1
3891-NLXJB,0.03397565435395237,Low Risk,Two year,37,40.55
3442-ZHHCC,0.033948482062496586,Low Risk,One year,68,76.9
3870-SPZSI,0.03392394714788115,Low Risk,Two year,70,113.05
2606-PKWJB,0.03389792250054401,Low Risk,One year,40,40.25
7639-LIAYI,0.03386851393733063,Low Risk,Two year,52,79.75
8512-WIWYV,0.03386282972853084,Low Risk,One year,32,20.35
3812-LRZIR,0.03385659680504779,Low Risk,Two year,27,24.5
9227-UAQFT,0.03383338082342959,Low Risk,Two year,16,19.75
3525-DVKFN,0.033744076038287094,Low Risk,Two year,17,19.4
9720-JJJOR,0.03374395004749856,Low Risk,One year,41,60.3
8259-DZLIZ,0.033719939642492376,Low Risk,One year,64,53.85
4355-HBJHH,0.03370370124998426,Low Risk,Two year,67,79.7
0104-PPXDV,0.033674743736946705,Low Risk,One year,58,50.3
7109-CQYUZ,0.033672908439303664,Low Risk,Two year,52,89.25
0804-YGEQV,0.03366055662765248,Low Risk,One year,43,24.45
6229-UOLQL,0.03366030430608841,Low Risk,One year,56,52.0
9509-MPYOD,0.03365730335688257,Low Risk,One year,35,20.75
2277-AXSDC,0.033586181091117724,Low Risk,One year,32,19.75
3486-NPGST,0.03357716843292595,Low Risk,One year,36,19.55
5647-URDKA,0.033527456805970295,Low Risk,Two year,8,19.7
7110-BDTWG,0.03352592229867903,Low Risk,Two year,71,47.05
2703-AMTUL,0.03351788597865777,Low Risk,One year,36,53.65
9297-FVVDH,0.03349300367019408,Low Risk,Two year,57,84.5
2878-DHMIN,0.03348136135026921,Low Risk,One year,35,19.9
3882-IYOIJ,0.03338793826941605,Low Risk,Two year,60,115.25
1293-HHSHJ,0.03337132779089646,Low Risk,One year,35,21.1
8515-OCTJS,0.03333814039178824,Low Risk,Two year,25,24.75
9053-JZFKV,0.03333187033015624,Low Risk,Two year,67,116.2
9178-JHUVJ,0.033304698583962816,Low Risk,Two year,24,24.1
5073-RZGBK,0.033288153958521735,Low Risk,One year,50,80.05
3266-FTKHB,0.033262695514626586,Low Risk,Two year,17,19.15
7730-CLDSV,0.03323376219390397,Low Risk,Two year,72,98.65
6754-LZUKA,0.033229296925547734,Low Risk,Two year,61,80.9
7602-MVRMB,0.03321527181734663,Low Risk,Two year,72,110.45
0013-SMEOE,0.03321338025738451,Low Risk,Two year,71,109.7
5127-BZENZ,0.03321263652052443,Low Risk,One year,56,65.2
5313-FPXWG,0.03319864595384807,Low Risk,One year,51,24.6
9570-KYEUA,0.033188397520621665,Low Risk,Two year,64,99.25
0224-NIJLP,0.03316157393272192,Low Risk,Two year,8,20.15
3352-RICWQ,0.03311434096770175,Low Risk,Two year,9,19.75
0835-DUUIQ,0.033105116025027324,Low Risk,One year,24,21.05
9782-LGXMC,0.03307972581014273,Low Risk,Month-to-month,49,61.75
5627-TVBPP,0.03300953718253106,Low Risk,One year,35,20.1
2819-GWENI,0.032950441987706906,Low Risk,One year,28,19.9
6810-VCAEX,0.032940176928542245,Low Risk,One year,47,39.65
5918-VUKWP,0.03293729544081936,Low Risk,One year,32,20.55
9802-CAQUT,0.032903729125975,Low Risk,Two year,72,109.55
1431-AIDJQ,0.032846855736231126,Low Risk,Two year,33,82.1
3458-IDMFK,0.032818578102972736,Low Risk,Two year,25,20.75
5512-IDZEI,0.0328059640954345,Low Risk,One year,46,24.9
3129-AAQOU,0.03280258289586633,Low Risk,Two year,19,25.6
4378-MYPGO,0.03279715939171356,Low Risk,Two year,68,105.25
9680-NIAUV,0.03278353691429408,Low Risk,Two year,72,109.7
5989-AXPUC,0.032699549696535,Low Risk,Two year,68,118.6
6261-RCVNS,0.03267814187180779,Low Risk,One year,42,73.9
6461-PPAXN,0.03264587792616537,Low Risk,One year,35,54.95
5149-QYTTU,0.03263673253635054,Low Risk,One year,71,95.15
5057-RKGLH,0.03263315407509103,Low Risk,Two year,9,20.35
2650-GYRYL,0.03260878630845585,Low Risk,One year,33,19.45
7570-WELNY,0.032595133120331216,Low Risk,Two year,68,84.7
2055-BFOCC,0.0325815888189212,Low Risk,One year,63,84.0
7030-FZTFM,0.03257639946744368,Low Risk,Two year,72,110.9
6445-TNRXS,0.032570381680129164,Low Risk,Two year,68,114.7
9424-CMPOG,0.03256208230769471,Low Risk,Two year,9,19.6
7017-VFHAY,0.03246604184044213,Low Risk,Two year,61,115.1
5906-CVLHP,0.03244460476712922,Low Risk,One year,45,54.15
7833-PKIHD,0.03243866181548435,Low Risk,One year,51,76.4
8606-OEGQZ,0.03242418225995173,Low Risk,Two year,18,25.3
2999-AANRQ,0.03235583264880951,Low Risk,Two year,21,71.05
6556-DBKZF,0.03235255380891055,Low Risk,Two year,71,76.05
3721-WKIIL,0.0323366303540938,Low Risk,Two year,27,19.6
8760-ZRHKE,0.0322610970786071,Low Risk,One year,71,69.2
3396-DKDEL,0.03223006487251022,Low Risk,Two year,70,115.15
4648-YPBTM,0.032226632046887145,Low Risk,Two year,53,73.9
9063-ZGTUY,0.03222051478188346,Low Risk,Month-to-month,61,19.4
4962-CHQPW,0.03219049111042878,Low Risk,One year,29,19.85
0320-DWVTU,0.03217070136097377,Low Risk,Two year,53,99.5
8311-UEUAB,0.032158146107586626,Low Risk,Two year,67,75.5
1936-UAFEH,0.03215593349742134,Low Risk,Two year,68,110.25
8024-XNAFQ,0.03213518704409668,Low Risk,Two year,72,107.4
6990-YNRIO,0.03211065501101686,Low Risk,Two year,65,108.65
6693-DJWTY,0.03201035906490919,Low Risk,One year,35,55.6
7469-LKBCI,0.03190596495869353,Low Risk,Two year,16,18.95
0014-BMAQU,0.03189187081943791,Low Risk,Two year,63,84.65
3887-PBQAO,0.03184715467502324,Low Risk,One year,45,25.9
5375-XLDOF,0.031825404711302935,Low Risk,Two year,69,114.35
7247-XOZPB,0.03179845608312852,Low Risk,One year,53,77.4
1494-EJZDW,0.03177018912853805,Low Risk,Two year,10,20.15
1776-SPBWV,0.03173818325317813,Low Risk,One year,34,20.1
7190-XHTWJ,0.03170927897646726,Low Risk,One year,38,19.3
6827-IEAUQ,0.03169507270513748,Low Risk,One year,27,66.15
4304-TSPVK,0.0316934203726569,Low Risk,Two year,68,114.9
9824-QCJPK,0.03165142842585108,Low Risk,One year,36,20.0
1555-DJEQW,0.03158653777990658,Low Risk,Two year,70,114.2
5849-ASHZJ,0.03156100449740363,Low Risk,One year,27,20.05
3520-FJGCV,0.03154102675384179,Low Risk,Two year,72,112.6
0164-XAIRP,0.031528209095905854,Low Risk,Two year,24,19.55
7471-MQPOS,0.031495998370415244,Low Risk,One year,71,72.9
0979-MOZQI,0.03148474964922627,Low Risk,Two year,62,39.0
0757-WCUUZ,0.031427539080991954,Low Risk,Two year,54,63.35
1194-BHJYC,0.031411565949414286,Low Risk,Two year,61,62.15
0191-EQUUH,0.03137224972335154,Low Risk,Two year,25,35.05
9581-GVBXT,0.031355120527283155,Low Risk,One year,59,34.8
8958-JPTRR,0.031345918402993604,Low Risk,One year,56,24.3
1328-EUZHC,0.03126329128084462,Low Risk,Two year,18,20.1
9880-TDQAC,0.031233686113602256,Low Risk,Two year,72,60.0
0378-CJKPV,0.031220577605258624,Low Risk,Two year,72,112.1
7945-HLKEA,0.031159765194179487,Low Risk,One year,60,64.75
9717-IOAAF,0.031152474343217464,Low Risk,Two year,27,25.85
5380-XPJNZ,0.031133511038959255,Low Risk,One year,38,20.05
7173-TETGO,0.031120754582508504,Low Risk,Two year,72,78.5
9225-BZLNZ,0.03111783427990792,Low Risk,Two year,72,85.25
4597-ELFTS,0.031110596607407986,Low Risk,One year,56,24.9
8148-WOCMK,0.031080714457509137,Low Risk,Two year,8,19.6
1206-EHBDD,0.031019420599342616,Low Risk,Two year,56,80.3
6609-MXJHJ,0.03097726616576414,Low Risk,Two year,30,25.1
7929-SKFGK,0.0308837655931019,Low Risk,Two year,70,114.3
3865-ZFZIB,0.03084119425584352,Low Risk,Two year,19,19.65
6549-BTYPG,0.030653263035290847,Low Risk,Two year,60,60.8
4994-OBRSZ,0.030550777203316577,Low Risk,Two year,14,76.1
4981-FLTMF,0.030547091994511718,Low Risk,Month-to-month,57,65.2
8869-TORSS,0.030542109658093352,Low Risk,One year,48,60.35
5696-EXCYS,0.030534548664874206,Low Risk,Two year,17,19.45
4056-QHXHZ,0.03053056078707875,Low Risk,Two year,72,107.45
0486-LGCCH,0.030524123922621268,Low Risk,Two year,11,19.65
7138-GIRSH,0.03051587275414832,Low Risk,Two year,50,69.5
3795-CAWEX,0.030513924811959282,Low Risk,Two year,70,116.55
6374-NTQLP,0.03047018284571428,Low Risk,Two year,72,104.1
0902-RFHOF,0.030463877397650645,Low Risk,One year,38,20.1
5148-HKFIR,0.030460134598234014,Low Risk,Two year,20,19.7
6859-QNXIQ,0.030452704676968343,Low Risk,Two year,72,113.1
7337-CINUD,0.03045147681968866,Low Risk,Two year,8,19.5
4304-XUMGI,0.030450822011734328,Low Risk,Two year,50,75.15
4376-KFVRS,0.03044268719777779,Low Risk,Two year,72,114.05
3892-NXAZG,0.03044268719777779,Low Risk,Two year,72,114.05
4999-IEZLT,0.030361046004008924,Low Risk,One year,66,29.45
6901-GOGZG,0.030337661737620522,Low Risk,Two year,60,84.95
0266-GMEAO,0.0302570997635941,Low Risk,Two year,72,114.3
6195-MELTI,0.030222404545877903,Low Risk,One year,57,54.65
9995-HOTOH,0.030204720808252213,Low Risk,Two year,63,59.0
8782-NUUOL,0.03017326112557196,Low Risk,One year,60,79.0
3389-KTRXV,0.030157517444590578,Low Risk,Two year,23,23.85
3726-TBHQT,0.03012555133106572,Low Risk,Two year,71,114.0
4227-OJHAL,0.030041335381828398,Low Risk,One year,68,73.0
0083-PIVIK,0.030029994814494098,Low Risk,One year,64,81.25
8915-NNTRC,0.029989137239730554,Low Risk,Two year,72,107.7
3021-VLNRJ,0.029954775807199706,Low Risk,One year,50,70.8
6814-ZPWFQ,0.029954163230089877,Low Risk,One year,51,25.0
8097-OMULG,0.029943199930726302,Low Risk,One year,59,76.75
0248-PGHBZ,0.029931559394764204,Low Risk,Two year,67,92.45
1023-BQXZE,0.029926494575167925,Low Risk,Two year,57,74.35
4835-YSJMR,0.029877565303905146,Low Risk,Two year,39,49.8
8454-AATJP,0.029862193573284446,Low Risk,Two year,72,115.05
5781-BKHOP,0.02978942179623385,Low Risk,Two year,72,100.65
3392-EHMNK,0.02975799704896007,Low Risk,Two year,67,94.1
9251-WNSOD,0.029738724834713452,Low Risk,One year,67,75.1
1755-FZQEC,0.029656519077876926,Low Risk,One year,39,19.9
0916-KNFAJ,0.029651182191973748,Low Risk,Two year,61,69.9
0559-CKHUS,0.02955717106134567,Low Risk,Two year,29,19.55
6691-CCIHA,0.029544699390034363,Low Risk,Two year,62,84.95
5442-PPTJY,0.029533930214119954,Low Risk,Two year,12,19.7
8639-NHQEI,0.029458529560167656,Low Risk,Two year,72,95.9
6322-HRPFA,0.02943092312721524,Low Risk,Month-to-month,49,59.6
9224-VTYID,0.02939163596754787,Low Risk,Two year,47,90.5
6950-TWMYB,0.02937539024821985,Low Risk,Two year,54,79.95
0675-NCDYU,0.029337831080349548,Low Risk,Two year,72,116.4
6064-ZATLR,0.02933153022174333,Low Risk,Two year,27,52.85
0854-UYHZD,0.02931174134523832,Low Risk,Two year,13,19.55
8884-FEEWR,0.029303607135062908,Low Risk,One year,35,20.6
6546-OPBBH,0.029254816328789034,Low Risk,One year,51,23.95
2808-CHTDM,0.0292488140586409,Low Risk,Two year,23,25.1
4891-NLUBA,0.02921319459160858,Low Risk,Two year,61,61.45
8480-PPONV,0.029181213284529592,Low Risk,Two year,62,115.55
2904-GGUAZ,0.02917012745607096,Low Risk,Two year,72,84.05
3174-AKMAS,0.02916930006189934,Low Risk,Two year,46,64.2
8670-ERCJH,0.029164825579982116,Low Risk,Two year,72,113.4
2333-KWEWW,0.029148830228786185,Low Risk,Two year,18,20.05
4565-EVZMJ,0.029142302181261362,Low Risk,One year,47,58.9
4526-EXKKN,0.029130459633527613,Low Risk,Two year,40,24.6
2332-TODQS,0.029113425687445176,Low Risk,One year,48,25.05
7779-ORAEL,0.029094690293260034,Low Risk,Two year,45,75.15
5840-NVDCG,0.02909085148084255,Low Risk,Two year,16,68.25
5906-DVAPM,0.02905277664810014,Low Risk,One year,55,75.0
0017-IUDMW,0.02905185317777824,Low Risk,Two year,72,116.8
8327-WKMIE,0.02903951161958729,Low Risk,One year,37,20.15
4114-QMKVN,0.029025104804058986,Low Risk,One year,56,68.75
4703-MQYKT,0.028978619600328034,Low Risk,Two year,21,19.6
7663-YJHSN,0.028967138201201708,Low Risk,Two year,72,103.95
7473-ZBDSN,0.028921128088963566,Low Risk,Two year,14,18.8
7359-WWYJV,0.028876881078625308,Low Risk,Two year,72,114.45
2192-CKRLV,0.02885930080973567,Low Risk,Two year,72,49.2
2632-IVXVF,0.02885003849162184,Low Risk,Two year,68,111.75
4615-PIVVU,0.02874481587059709,Low Risk,Two year,42,66.5
6339-RZCBJ,0.028740723263671282,Low Risk,Two year,48,78.9
9150-HEPMB,0.02871212610567444,Low Risk,One year,56,52.7
2223-GDSHL,0.028650791934738247,Low Risk,Two year,71,116.05
1352-HNSAW,0.028644866800224014,Low Risk,Two year,72,115.6
4893-GYUJU,0.028618297216428782,Low Risk,One year,50,19.35
3896-ZVNET,0.02861260129026633,Low Risk,Two year,24,24.7
5574-NXZIU,0.02860995914248412,Low Risk,Two year,63,109.2
1032-MAELW,0.02860602628140536,Low Risk,One year,68,78.45
7951-QKZPL,0.02857836546925054,Low Risk,Two year,33,24.5
6007-TCTST,0.02850482424125463,Low Risk,Two year,72,115.8
5055-BRMNE,0.028417978476122232,Low Risk,Two year,67,106.7
7452-FOLON,0.02840248197240416,Low Risk,One year,39,25.45
1843-TLSGD,0.028392960722185175,Low Risk,Two year,13,20.85
3460-TJBWI,0.02837564054325304,Low Risk,Two year,24,24.2
6161-ERDGD,0.028373737898974315,Low Risk,One year,71,85.45
1371-OJCEK,0.028356023072715602,Low Risk,One year,48,24.35
5716-EZXZN,0.028351216416090473,Low Risk,Two year,65,99.05
7328-OWMOM,0.028338115742245894,Low Risk,One year,31,20.1
8659-IOOPU,0.02833468674381607,Low Risk,Two year,71,100.45
9926-PJHDQ,0.02822621730021443,Low Risk,Two year,72,76.8
2324-AALNO,0.02821735162682955,Low Risk,One year,48,24.55
6013-BHCAW,0.028199833460417545,Low Risk,Two year,61,81.0
7596-IIWYC,0.028175955054250204,Low Risk,Two year,27,20.25
3911-RSNHI,0.02817418943788798,Low Risk,Two year,71,61.4
8143-ETQTI,0.02815272750869061,Low Risk,Two year,23,19.65
6203-HBZPA,0.028149559661223553,Low Risk,Two year,52,63.9
5696-CEIQJ,0.02814541493951894,Low Risk,Two year,67,103.15
9530-GRMJG,0.028112758732204854,Low Risk,Two year,70,84.1
6437-UDQJM,0.02809630955665146,Low Risk,Two year,72,84.1
5129-HHMZC,0.028092869800599485,Low Risk,Two year,43,86.45
1265-HVPZB,0.028079984709183325,Low Risk,One year,59,66.4
8466-PZBLH,0.02806131643258937,Low Risk,Two year,67,104.6
4560-WQAQW,0.028041113856677083,Low Risk,One year,59,68.7
1403-LKLIK,0.027977570482922678,Low Risk,One year,33,20.1
6872-HXFNF,0.027959040503803958,Low Risk,One year,64,58.35
5158-RIVOP,0.027938175034527907,Low Risk,Two year,11,20.9
1525-LNLOJ,0.027937130846857734,Low Risk,Two year,66,63.3
8513-OLYGY,0.027937066271069132,Low Risk,Two year,72,115.8
8871-JLMHM,0.02786285268350633,Low Risk,Two year,68,90.2
4883-KCPZJ,0.027811340661100192,Low Risk,Two year,22,25.25
1488-PBLJN,0.02778043687782232,Low Risk,Two year,72,116.85
3908-MKIMJ,0.02771949829812644,Low Risk,Two year,68,41.95
2361-UPSND,0.027682273290949317,Low Risk,One year,46,70.6
6736-DHUQI,0.027613048205004553,Low Risk,One year,67,84.8
7061-OVMIM,0.02761168623883964,Low Risk,One year,30,19.55
3401-URHDA,0.027531116036035055,Low Risk,One year,51,59.9
9919-FZDED,0.027523887322539423,Low Risk,Two year,72,84.1
2088-IEBAU,0.027523225042003885,Low Risk,Two year,68,88.15
5893-PYOLZ,0.027465565085606988,Low Risk,Two year,56,81.8
4980-URKXC,0.02744143741822247,Low Risk,One year,36,20.85
5583-EJXRD,0.02742240537178479,Low Risk,Two year,44,54.05
6898-RBTLU,0.027390410329003495,Low Risk,Two year,49,79.3
3258-ZKPAI,0.02738172057352702,Low Risk,Two year,72,116.6
0057-QBUQH,0.02729913652471505,Low Risk,Two year,43,25.1
3810-DVDQQ,0.027273998310658517,Low Risk,Two year,72,117.6
4737-HOBAX,0.027263395068785768,Low Risk,Two year,63,79.8
1089-XZWHH,0.027237299944939116,Low Risk,Two year,24,19.7
2541-YGPKE,0.02719699460014925,Low Risk,One year,42,63.7
5924-SNGKP,0.027183147382590447,Low Risk,One year,41,20.25
0906-QVPMS,0.027176044953017897,Low Risk,Two year,72,115.15
4573-JKNAE,0.027106423704888066,Low Risk,Two year,12,19.35
2351-BKRZW,0.027080398014777442,Low Risk,Two year,43,75.2
2266-FUBDZ,0.027077030113556243,Low Risk,Two year,15,19.35
6563-VRERX,0.02707328776859,Low Risk,One year,33,20.6
9945-PSVIP,0.02703897828646834,Low Risk,Two year,25,18.7
3653-NCRDJ,0.02697602100747321,Low Risk,One year,43,19.2
7670-ZBPOQ,0.026949060066876748,Low Risk,One year,58,61.05
2996-XAUVF,0.026930672465427817,Low Risk,Two year,70,40.05
1265-BCFEO,0.026906033743296812,Low Risk,Two year,71,80.45
1552-CZCLL,0.026849329330744017,Low Risk,Month-to-month,55,20.0
2789-CZANW,0.026801183481749022,Low Risk,Two year,64,110.3
0334-ZFJSR,0.026793235847682177,Low Risk,One year,55,66.05
4322-RCYMT,0.026776477987365873,Low Risk,One year,68,75.8
5656-MJEFC,0.026776195848381323,Low Risk,Two year,42,48.15
4163-HFTUK,0.026758833222523905,Low Risk,One year,51,19.1
4039-PIMHX,0.0267116614522115,Low Risk,Two year,49,49.8
4877-TSOFF,0.026608005246457338,Low Risk,One year,55,75.75
0945-TSONX,0.026561916528262966,Low Risk,Two year,47,85.3
1699-TLDLZ,0.026544943799708228,Low Risk,Two year,16,19.7
8008-OTEZX,0.026542716498685455,Low Risk,One year,35,19.65
5318-YKDPV,0.026516813840046127,Low Risk,Two year,43,79.15
7569-NMZYQ,0.026514844812964695,Low Risk,Two year,72,118.75
3841-NFECX,0.026499310709319594,Low Risk,Two year,71,96.35
3935-TBRZZ,0.026458554499323918,Low Risk,One year,44,25.7
9127-QRZMH,0.02641456958311472,Low Risk,One year,44,59.85
4254-QPEDE,0.026382782952299125,Low Risk,Two year,52,66.25
0513-RBGPE,0.02637640161483236,Low Risk,Two year,37,62.8
6166-YIPFO,0.0263631354927266,Low Risk,Two year,72,64.7
3655-SNQYZ,0.026344811863386962,Low Risk,Two year,69,113.25
0064-SUDOG,0.026292561727281942,Low Risk,Two year,12,20.3
0536-ESJEP,0.026275501718409415,Low Risk,Two year,54,74.55
3230-IUALN,0.02625630957382405,Low Risk,Two year,45,81.0
9670-BPNXF,0.02625186514852217,Low Risk,One year,45,62.55
9102-OXKFY,0.026247730238344872,Low Risk,Two year,59,54.15
8331-ZXFOE,0.026240567585108086,Low Risk,One year,58,71.1
6772-WFQRD,0.026221207404233754,Low Risk,One year,40,20.4
4381-MHQDC,0.026163881938202616,Low Risk,Two year,47,65.0
8098-TDCBU,0.02615719151318097,Low Risk,Two year,42,25.25
1063-DHQJF,0.026138021787313264,Low Risk,Two year,69,92.15
9066-QRSDU,0.026122200238292773,Low Risk,One year,69,26.3
2405-LBMUW,0.02610334171008659,Low Risk,One year,61,50.7
7322-OCWHC,0.026103299727775343,Low Risk,Two year,72,93.05
0731-EBJQB,0.0260250482801059,Low Risk,One year,52,20.4
2137-DQMEV,0.026012426906287016,Low Risk,One year,68,44.8
8510-TMWYB,0.026005880873731756,Low Risk,Two year,54,59.8
4872-VXRIL,0.025899028814848585,Low Risk,One year,56,64.65
1960-UOTYM,0.025867774935969586,Low Risk,Two year,52,79.2
2890-WFBHU,0.02584914054510218,Low Risk,One year,59,79.85
4538-WNTMJ,0.025812540625296677,Low Risk,One year,46,24.95
8932-CZHRQ,0.025757215598983443,Low Risk,One year,68,76.75
2091-GPPIQ,0.025754186457319916,Low Risk,Two year,72,78.95
0298-XACET,0.025696827583521972,Low Risk,Two year,52,50.2
2516-XSJKX,0.025631696830669216,Low Risk,Two year,41,78.45
5197-LQXXH,0.025629040899776776,Low Risk,Two year,71,83.3
5792-JALQC,0.02562036758549281,Low Risk,Two year,52,59.85
1395-WSWXR,0.025605458909257913,Low Risk,Two year,24,20.75
9548-LERKT,0.025523150290103883,Low Risk,Two year,24,19.75
7025-WCBNE,0.025501045783749583,Low Risk,Two year,47,59.6
6696-YDAYZ,0.025497033699823465,Low Risk,Two year,16,20.5
6048-NJXHX,0.025490625379600014,Low Risk,Two year,41,19.75
3933-DQPWX,0.025451581666414334,Low Risk,Two year,50,39.7
8144-DGHXP,0.025413860065108776,Low Risk,Two year,54,80.6
0739-UUAJR,0.0253852824538456,Low Risk,Two year,72,53.8
5317-FLPJF,0.025379848099290326,Low Risk,Two year,66,61.35
8809-XKHMD,0.025333584400915106,Low Risk,Two year,72,100.55
1934-MKPXS,0.025333279143712938,Low Risk,One year,33,20.1
6828-HMKWP,0.02528542310856777,Low Risk,Two year,12,21.05
4213-HKBJO,0.025258545552746595,Low Risk,Two year,33,25.7
0181-RITDD,0.025148686329861752,Low Risk,Two year,62,108.15
0565-IYCGT,0.025137282282692,Low Risk,One year,69,78.6
2892-GESUL,0.025119811888291727,Low Risk,Two year,18,19.35
5788-YPOEG,0.025113236748697986,Low Risk,Two year,34,84.75
4547-FZJWE,0.02505033710848891,Low Risk,One year,55,59.45
2863-IMQDR,0.025041737294124896,Low Risk,Two year,61,89.65
2812-REYAT,0.02499543177976376,Low Risk,One year,49,20.05
6121-TNHBO,0.02495184632874541,Low Risk,One year,63,83.0
1866-DIOQZ,0.024884142075286532,Low Risk,One year,71,66.8
3280-NMUVX,0.02484109479646467,Low Risk,One year,34,19.6
2664-XJZNO,0.024783085006342773,Low Risk,Two year,72,104.9
2252-NKNSI,0.024769213971278386,Low Risk,Two year,52,85.15
6119-SPUDB,0.02474642358052574,Low Risk,Two year,46,38.25
5387-ASZNZ,0.02469198937951709,Low Risk,One year,66,63.85
5451-MHQOF,0.024642822089523335,Low Risk,One year,56,24.45
8390-FESFV,0.02464261028631974,Low Risk,Two year,62,84.5
5126-RCXYW,0.024612753861097028,Low Risk,Two year,54,46.0
1813-JYWTO,0.024609385037351366,Low Risk,Two year,72,80.45
0071-NDAFP,0.02460731268675829,Low Risk,Two year,25,25.5
1642-HMARX,0.02453303782518984,Low Risk,Two year,68,91.7
9258-CNWAC,0.02447436361900051,Low Risk,Two year,71,113.65
2057-BOYKM,0.024420211515110927,Low Risk,Two year,72,96.6
2126-GSEGL,0.024412025959935604,Low Risk,Two year,70,84.8
7973-DZRKH,0.024392356375780213,Low Risk,Two year,66,90.95
8169-SAEJD,0.02434513763693803,Low Risk,Two year,69,56.55
6463-HHXJR,0.024342985669241844,Low Risk,Two year,71,100.5
8672-OAUPW,0.024342209726762355,Low Risk,One year,51,47.85
9447-YPTBX,0.024329362302844562,Low Risk,One year,50,19.85
8067-NIOYM,0.024323301141635598,Low Risk,Two year,24,21.1
1635-HDGFT,0.024319076839987876,Low Risk,Two year,19,20.5
7799-LGRDP,0.024315567832863857,Low Risk,Two year,43,25.7
0230-UBYPQ,0.024287309347937647,Low Risk,One year,63,36.1
0784-GTUUK,0.024271473108533493,Low Risk,One year,62,23.75
5622-UEJFI,0.02424228579793354,Low Risk,Two year,35,25.4
7297-DVYGA,0.024229684194060574,Low Risk,One year,51,19.85
7815-PDTHL,0.024200388192913178,Low Risk,Two year,35,20.2
0687-ZVTHB,0.024154742794996305,Low Risk,One year,65,72.45
9385-NXKDA,0.02414357178187474,Low Risk,Two year,72,82.65
8404-VIOMB,0.02412837243655593,Low Risk,Two year,66,62.5
4676-WLUHT,0.0241212388445615,Low Risk,Two year,54,46.2
4393-GEADV,0.02409093408798527,Low Risk,Two year,70,114.75
6681-ZSEXG,0.02408720522802788,Low Risk,Two year,56,59.5
1970-KKFWL,0.024062625155503618,Low Risk,Two year,35,23.3
0436-TWFFZ,0.024057656979340696,Low Risk,Two year,67,85.25
1837-YQUCE,0.024047926993864654,Low Risk,Two year,70,58.35
8398-TBIYD,0.024033413868886442,Low Risk,Two year,72,84.7
2404-JIBFC,0.02402118669656593,Low Risk,Two year,55,85.1
2192-OZITF,0.024016672463805528,Low Risk,Two year,45,73.55
3654-ARMGP,0.023998388985038685,Low Risk,Two year,61,88.65
2805-AUFQN,0.023952486651882657,Low Risk,Two year,25,19.8
9795-NREXC,0.0239442813086256,Low Risk,Two year,64,85.0
1686-STUHN,0.023909424658146064,Low Risk,One year,42,19.8
3251-YMVWZ,0.02385911130569131,Low Risk,One year,53,24.05
8999-EXMNO,0.023855981626325667,Low Risk,Two year,19,20.15
4568-KNYWR,0.023775710147886684,Low Risk,Two year,52,63.25
8590-OHDIW,0.02373678180004403,Low Risk,One year,38,20.3
3489-VSFRD,0.023729861686228024,Low Risk,One year,56,60.25
0617-AQNWT,0.02367087159963664,Low Risk,Two year,64,47.85
0301-KOBTQ,0.023648589334051253,Low Risk,Two year,32,20.05
2122-SZZZD,0.02360538981655821,Low Risk,One year,44,19.5
6199-IPCAO,0.023571129724542596,Low Risk,Two year,29,26.1
1333-PBMXB,0.02354846746254328,Low Risk,One year,54,24.75
8859-AXJZP,0.023521258423924715,Low Risk,Two year,39,23.8
8221-HVAYI,0.023520002110637157,Low Risk,Two year,35,69.15
5859-HZYLF,0.023450032775963206,Low Risk,Two year,26,19.15
6094-ZIVKX,0.02344000372047004,Low Risk,One year,68,54.45
4804-NCPET,0.023339105754648565,Low Risk,Two year,19,20.2
7508-DQAKK,0.023261546664866052,Low Risk,Two year,64,86.4
0743-HNPFG,0.02325661053375493,Low Risk,One year,51,69.75
7665-NKLAV,0.023216548882883888,Low Risk,Two year,36,40.65
8999-YPYBV,0.023163066463014026,Low Risk,Two year,45,84.35
0993-OSGPT,0.02308963165575563,Low Risk,One year,68,60.65
4342-HFXWS,0.023064739912490823,Low Risk,One year,48,69.7
6631-HMANX,0.02306259754942821,Low Risk,Two year,72,85.45
6974-DAFLI,0.023040138371124515,Low Risk,One year,55,19.7
6418-HNFED,0.023039521223713097,Low Risk,Two year,51,83.25
1627-AFWVJ,0.023034251358907267,Low Risk,Two year,29,19.4
4890-VMUAV,0.022989303254212053,Low Risk,One year,63,71.5
4178-EGMON,0.022988628725781092,Low Risk,Two year,70,88.0
0214-JHPFW,0.02296893320982053,Low Risk,Two year,70,57.8
5321-NTRKC,0.0229379619853429,Low Risk,Two year,66,79.85
5322-TEUJK,0.022885240928411106,Low Risk,Two year,71,114.6
2123-VSCOT,0.02286392005823363,Low Risk,Two year,59,72.1
7977-HXJKU,0.02284710571251287,Low Risk,Two year,21,19.6
2550-AEVRU,0.022843521366618415,Low Risk,One year,57,53.45
2753-JMMCV,0.02280246317392056,Low Risk,Two year,65,74.2
3566-CAAYU,0.022797725831567493,Low Risk,Two year,64,49.85
5456-ITGIC,0.022793915025250952,Low Risk,Two year,72,64.45
0707-HOVVN,0.022776905496455876,Low Risk,Two year,70,75.5
1757-TCATG,0.02277647539137292,Low Risk,One year,35,20.05
7609-YBPXG,0.02277197152691995,Low Risk,Two year,54,87.1
3521-HTQTV,0.02271383472060825,Low Risk,Two year,34,26.1
2302-OUZXB,0.02270575275120174,Low Risk,Two year,72,82.15
3720-DBRWL,0.0227012950233469,Low Risk,Two year,51,83.85
5249-QYHEX,0.02269092083810074,Low Risk,Two year,40,24.8
1223-UNPKS,0.022688161668837043,Low Risk,Two year,20,20.05
4825-XJGDM,0.02265652381004833,Low Risk,One year,61,43.7
0827-ITJPH,0.02255837933114138,Low Risk,Two year,36,18.55
2274-XUATA,0.02255583814507909,Low Risk,Two year,72,63.1
4334-HOWRP,0.022514660062040896,Low Risk,Two year,72,64.95
9361-YNQWJ,0.022513955101344373,Low Risk,One year,64,24.4
8345-MVDYC,0.02250925023744379,Low Risk,Two year,45,81.65
8060-HIWJJ,0.022491085523586172,Low Risk,Two year,64,86.55
6603-YRDCJ,0.022482826989139865,Low Risk,Two year,33,61.05
8450-LUGUK,0.022475563206115656,Low Risk,Two year,37,24.1
0969-RGKCU,0.02245880826652654,Low Risk,One year,37,19.8
2040-LDIWQ,0.022437141343527096,Low Risk,Two year,65,84.2
6516-NKQBO,0.02243506903462867,Low Risk,Two year,38,81.0
0129-QMPDR,0.022387378159558546,Low Risk,One year,44,20.5
4837-PZTIC,0.022364686142737632,Low Risk,Two year,47,41.9
3133-PZNSR,0.022344782508263748,Low Risk,Two year,72,97.75
4487-ZYJZK,0.0223161262323764,Low Risk,One year,38,19.6
5177-RVZNU,0.0222902064138337,Low Risk,One year,37,20.3
6762-QVYJO,0.0222889397771442,Low Risk,Two year,58,59.75
3745-HRPHI,0.022262716550000207,Low Risk,Two year,66,54.65
2984-TBYKU,0.02224229458487954,Low Risk,Two year,72,104.9
9871-ELEYA,0.022239073098844278,Low Risk,Two year,34,67.65
0078-XZMHT,0.022238508617135697,Low Risk,Two year,72,85.15
3572-UUHRS,0.02223656127399896,Low Risk,One year,45,18.85
1452-UZOSF,0.02216478093843405,Low Risk,Two year,72,106.1
6120-RJKLU,0.02214325557187712,Low Risk,Two year,62,79.95
8050-DVOJX,0.022110790008832062,Low Risk,Two year,49,81.35
3831-YCPUO,0.022091922679038863,Low Risk,Two year,72,109.5
9798-OPFEM,0.022060460607303333,Low Risk,Two year,46,21.1
4667-QONEA,0.02203152561362175,Low Risk,One year,60,74.85
0114-IGABW,0.022000060253525824,Low Risk,Two year,71,58.25
5171-EPLKN,0.02198106982751557,Low Risk,Two year,27,19.85
5322-ZSMZY,0.021844971983768585,Low Risk,Two year,31,25.75
7501-IWUNG,0.021834305104875596,Low Risk,Two year,61,73.8
3978-YNKDD,0.021823466458068812,Low Risk,Two year,19,20.85
8148-NLEGT,0.021814255858739105,Low Risk,Two year,42,22.95
2040-XBAVJ,0.021790750942386004,Low Risk,Two year,72,114.45
4121-AGSIN,0.02178071396453747,Low Risk,One year,58,24.5
6519-ZHPXP,0.021780250574244382,Low Risk,Two year,72,108.3
3557-HTYWR,0.02176119955124957,Low Risk,Two year,47,74.05
2725-IWWBA,0.02174496796292772,Low Risk,One year,46,56.9
8207-DMRVL,0.021737045560621976,Low Risk,Two year,72,114.55
4293-ETKAP,0.02171602045871246,Low Risk,Two year,65,79.4
2346-CZYIL,0.02171155201438415,Low Risk,Two year,27,20.35
5161-UBZXI,0.021681742106203782,Low Risk,Two year,69,106.35
2430-RRYUW,0.02163031415718556,Low Risk,One year,66,54.8
1053-MXTTK,0.021592935646272602,Low Risk,Two year,72,108.65
1088-CNNKB,0.021589475220310215,Low Risk,One year,63,80.0
0017-DINOC,0.02157027497531025,Low Risk,Two year,54,45.2
4849-PYRLQ,0.02156360986294947,Low Risk,Two year,56,73.25
9739-JLPQJ,0.02155819958338433,Low Risk,Two year,72,117.5
4549-ZDQYY,0.021533119262950103,Low Risk,One year,52,57.95
0336-KXKFK,0.021518128882570087,Low Risk,Two year,72,61.2
0788-DXBFY,0.021489227295081455,Low Risk,One year,58,19.55
2612-PHGOX,0.021464885924216904,Low Risk,Two year,64,76.1
4024-CSNBY,0.0214447622042242,Low Risk,Two year,72,94.25
4774-HHGGS,0.021434628465545426,Low Risk,Two year,30,19.05
8316-BBQAY,0.02138185915265287,Low Risk,Two year,65,59.95
9950-MTGYX,0.021381047453284948,Low Risk,Two year,28,20.3
7622-FWGEW,0.0213733881396991,Low Risk,Two year,56,85.65
4295-YURET,0.021338165384275454,Low Risk,Two year,56,72.6
2239-CGBUZ,0.021218117570900783,Low Risk,One year,51,60.5
2167-FQSTQ,0.021217111557980863,Low Risk,Two year,72,92.4
9805-FILKB,0.02115446614919392,Low Risk,One year,46,20.2
3569-VLDHH,0.021149426735228644,Low Risk,One year,66,75.1
4335-UPJSI,0.021110647495072046,Low Risk,Two year,24,19.75
9674-EHPPG,0.021090659483765376,Low Risk,Two year,46,40.4
3649-JPUGY,0.021001455954924107,Low Risk,Two year,72,88.6
9888-ZCUMM,0.02096822511234698,Low Risk,Two year,64,60.05
5774-QPLTF,0.02096671645755768,Low Risk,One year,50,20.35
5986-WWXDV,0.02096427383846562,Low Risk,One year,39,19.35
0310-SUCIN,0.020958210807236116,Low Risk,One year,71,84.8
9253-VIFJQ,0.02093937347683429,Low Risk,One year,65,67.05
6963-EZQEE,0.020927917786546936,Low Risk,Two year,70,88.55
0771-CHWSK,0.020927569219213113,Low Risk,Two year,66,74.6
8645-KOMJQ,0.020866228191840284,Low Risk,Two year,69,81.95
0263-FJTQO,0.020817017271215647,Low Risk,Two year,50,70.5
0383-CLDDA,0.020800158958933276,Low Risk,Two year,69,85.35
8200-LGKSR,0.02076750793382138,Low Risk,Two year,71,83.2
0567-XRHCU,0.02074928310417207,Low Risk,Two year,69,43.95
0277-ORXQS,0.020743452722271013,Low Risk,Two year,66,50.55
3957-HHLMR,0.020712904042122535,Low Risk,One year,70,65.2
5696-JVVQY,0.02064746341367613,Low Risk,Two year,48,70.1
9610-WCESF,0.020638791029922544,Low Risk,Two year,67,43.9
5124-EOGYE,0.02062111648032408,Low Risk,Two year,31,20.45
0839-QNXME,0.020612401407186495,Low Risk,Two year,30,19.4
7552-KEYGT,0.020610942294700653,Low Risk,Two year,27,19.55
3108-PCCGG,0.020593391698603955,Low Risk,Two year,72,84.45
5231-FIQPA,0.02056652345059846,Low Risk,Two year,41,19.85
8173-RXAYP,0.020554447070600217,Low Risk,Two year,24,19.7
2987-BJXIK,0.02054187634606357,Low Risk,Two year,70,84.7
2498-XLDZR,0.020526996785149125,Low Risk,Two year,32,73.6
6242-FEGFD,0.020485147041061046,Low Risk,Two year,66,96.6
4518-FZBSX,0.020480951857649587,Low Risk,One year,42,20.25
2384-OVPSA,0.02043162578282564,Low Risk,Two year,38,20.2
7253-UVNDW,0.020412651916821848,Low Risk,Two year,46,54.35
4955-VCWBI,0.020375734076880675,Low Risk,One year,43,20.0
1534-OULXE,0.020359726953309,Low Risk,One year,61,49.7
7054-DMVAS,0.020292321182503115,Low Risk,Two year,54,65.3
3638-WEABW,0.020285830607967452,Low Risk,Two year,58,59.9
9732-OUYRN,0.020216720276330424,Low Risk,One year,49,19.0
6923-AQONU,0.020181214708383775,Low Risk,Two year,23,20.9
2428-HYUNX,0.020091090932088534,Low Risk,Two year,44,19.35
7564-GHCVB,0.020066693304013297,Low Risk,Two year,72,79.05
6719-FGEDO,0.020036364990090517,Low Risk,Two year,72,97.0
0853-TWRVK,0.020034735674368583,Low Risk,Two year,72,105.6
2977-CEBSX,0.019938473672252634,Low Risk,Two year,66,90.05
5397-NSKQG,0.019913905568941414,Low Risk,Two year,67,50.9
6586-MYGKD,0.019879611014904246,Low Risk,Two year,70,76.95
9359-UGBTK,0.019825658710151364,Low Risk,One year,67,72.35
3079-BCHLN,0.019762274610249368,Low Risk,One year,47,19.9
3166-PNEOF,0.01972429788894023,Low Risk,Two year,61,86.45
7284-ZZLOH,0.019717277457500966,Low Risk,Two year,45,53.3
7267-FRMJW,0.01970972419099991,Low Risk,Two year,25,20.1
8859-YSTWS,0.019656610881999426,Low Risk,One year,48,19.95
0378-XSZPU,0.01963349923850006,Low Risk,One year,58,60.3
8191-XWSZG,0.019621804970777503,Low Risk,One year,52,20.65
2990-OGYTD,0.019605135319253522,Low Risk,Two year,67,86.15
7153-CHRBV,0.01950268104480709,Low Risk,One year,57,59.3
8859-DZTGQ,0.019387389530696783,Low Risk,Two year,33,20.35
8430-TWCBX,0.01938454016727746,Low Risk,One year,49,20.7
3796-ENZGF,0.019288922484744536,Low Risk,Two year,63,67.25
7131-ZQZNK,0.01926620495232992,Low Risk,Two year,60,59.85
0354-VXMJC,0.01925294395013354,Low Risk,Two year,23,19.6
8174-LNWMW,0.019234841281492103,Low Risk,Two year,31,20.9
7233-PAHHL,0.019219710230427227,Low Risk,Two year,66,84.0
8626-PTQGE,0.019205166091459818,Low Risk,Two year,69,60.05
0674-GCDXG,0.019168618434076374,Low Risk,Two year,63,71.9
9602-WCXPI,0.019167022451577694,Low Risk,One year,50,20.15
6732-VAILE,0.01912633703794382,Low Risk,Two year,70,85.95
3957-SQXML,0.019088731202271114,Low Risk,Two year,34,24.95
9385-EHGDO,0.01908758705405007,Low Risk,Two year,35,19.85
0455-ENTCR,0.019078949358432472,Low Risk,Two year,66,85.25
5498-IBWPI,0.019076142063156314,Low Risk,One year,66,49.4
8592-PLTMQ,0.01905574313472069,Low Risk,One year,64,24.7
7216-KAOID,0.019048475820715734,Low Risk,One year,41,19.5
0654-PQKDW,0.019029254063036318,Low Risk,One year,62,70.75
0604-THJFP,0.01899018863567211,Low Risk,Two year,59,75.95
8181-YHCMF,0.018943000999704283,Low Risk,Two year,68,60.3
4967-WPNCF,0.018931620993699067,Low Risk,Two year,72,63.7
2589-AYCRP,0.018914225423804686,Low Risk,One year,50,19.75
5125-CNDSP,0.018910106074579852,Low Risk,One year,63,40.6
0412-UCCNP,0.018855450960479934,Low Risk,Two year,55,59.2
8661-BOYNW,0.018806781271199682,Low Risk,Two year,72,84.4
5751-USDBL,0.01878914244756938,Low Risk,Two year,46,81.0
2000-DHJUY,0.018684153501508753,Low Risk,Two year,70,92.2
9631-RXVJM,0.018683009942642975,Low Risk,Two year,35,19.25
0048-PIHNL,0.01866624616988091,Low Risk,One year,49,20.45
5394-MEITZ,0.018636274051370916,Low Risk,Two year,60,80.6
8232-CTLKO,0.01859835381290266,Low Risk,Two year,66,59.75
4609-KNNWG,0.018575423695961237,Low Risk,Two year,27,19.9
3544-FBCAS,0.018573160449005456,Low Risk,Two year,72,83.6
7503-MIOGA,0.018570913040212862,Low Risk,Two year,72,89.85
2845-KDHVX,0.01856131291630258,Low Risk,Two year,64,68.3
5003-XZWWO,0.0185184060051697,Low Risk,Two year,71,84.2
7471-WNSUF,0.01849380244520601,Low Risk,One year,60,24.15
3070-FNFZQ,0.018442991308470214,Low Risk,Two year,23,20.4
7205-BAIAD,0.018431018637954488,Low Risk,Two year,40,20.6
4825-FUREZ,0.018391034946622076,Low Risk,Two year,42,20.25
9392-XBGTD,0.018388560533310165,Low Risk,Two year,27,20.6
0459-SPZHJ,0.018348967206250216,Low Risk,Two year,63,83.5
6023-GSSXW,0.01831827178982821,Low Risk,Two year,69,61.45
6265-FRMTQ,0.018253659481828707,Low Risk,Two year,31,20.4
5996-EBTKM,0.018196408150917352,Low Risk,Two year,67,69.9
4884-LEVMQ,0.018194058000111937,Low Risk,Two year,39,20.45
3284-SVCRO,0.018190292210467567,Low Risk,Two year,45,25.5
1122-YJBCS,0.018157420181833143,Low Risk,One year,69,53.65
1972-XMUWV,0.01810657168071462,Low Risk,Two year,65,59.8
1498-NHTLT,0.018096841559289586,Low Risk,Two year,59,86.75
4079-WWQQQ,0.018084047619244866,Low Risk,Two year,72,65.55
8908-NMQTX,0.018061664858121048,Low Risk,Two year,72,65.6
9548-ZMVTX,0.017995817753251257,Low Risk,Two year,72,90.45
2511-ALLCS,0.017976992288393123,Low Risk,Two year,35,24.3
5266-PFRQK,0.01794132274100442,Low Risk,One year,52,20.85
6813-GZQCG,0.01792329722455262,Low Risk,Two year,45,24.65
7560-QRBXH,0.017867913846879822,Low Risk,One year,48,19.95
8565-WUXZU,0.017860284103431132,Low Risk,Two year,72,84.8
0602-DDUML,0.017836972351053564,Low Risk,Two year,57,69.75
7850-THJMU,0.017828800824896445,Low Risk,Two year,26,19.65
8125-QPFJD,0.017776140262712698,Low Risk,Two year,72,84.9
4751-ERMAN,0.017762768670463554,Low Risk,Two year,72,75.4
9451-WLYRI,0.017757484403011774,Low Risk,One year,53,19.05
5702-KVQRD,0.017744348994273518,Low Risk,Two year,71,82.55
8219-VYBVI,0.01770323970186419,Low Risk,Two year,39,25.0
8295-KMENE,0.017670807775933814,Low Risk,Two year,59,76.45
8766-PAFNE,0.01766321036789716,Low Risk,Two year,71,79.1
6701-DHKWQ,0.017659681889549028,Low Risk,Two year,61,51.35
9624-EGDEQ,0.017645760702515566,Low Risk,Two year,37,19.8
8917-FAEMR,0.017623910675853397,Low Risk,Two year,37,19.85
8902-ZEOVF,0.017529124707676674,Low Risk,One year,47,20.05
9470-YFUYI,0.01751728331832899,Low Risk,One year,71,71.0
6258-PVZWJ,0.01748006234138725,Low Risk,Two year,68,90.8
2400-XIWIO,0.017479320825309282,Low Risk,Two year,71,90.1
8966-KZXXA,0.017467101068288995,Low Risk,Two year,36,25.1
2256-YLYLP,0.017445265421926884,Low Risk,Two year,68,72.95
6922-NCEDI,0.017413131264613108,Low Risk,One year,56,21.2
5642-MHDQT,0.017400870719811258,Low Risk,One year,53,19.85
1897-OKVMW,0.017376732198223072,Low Risk,Two year,64,90.6
2595-KIWPV,0.017368224419051944,Low Risk,Two year,27,19.7
9479-HYNYL,0.01733334118588258,Low Risk,Two year,71,80.7
9418-RUKPH,0.017290117623331512,Low Risk,Two year,38,19.95
0625-AFOHS,0.017289628636487375,Low Risk,Two year,29,20.2
6504-VBLFL,0.017249732795294133,Low Risk,Two year,55,58.6
5542-NKVRU,0.017218959111870505,Low Risk,Two year,42,20.75
3712-PKXZA,0.017198543234496676,Low Risk,One year,61,20.55
8469-SNFFH,0.017194098373163758,Low Risk,One year,70,79.4
8577-QSOCG,0.01718329101189984,Low Risk,Two year,38,20.2
9958-MEKUC,0.017163484421828266,Low Risk,Two year,72,103.95
8292-ITGYJ,0.017151563802844088,Low Risk,Two year,45,24.65
1985-MBRYP,0.017134732483151397,Low Risk,Two year,43,19.65
8874-EJNSR,0.017128739882462725,Low Risk,Two year,39,25.2
4641-FROLU,0.01711996242050614,Low Risk,Two year,30,19.3
4896-CPRPF,0.017112189125442497,Low Risk,Two year,35,25.45
1269-FOYWN,0.017084357801773892,Low Risk,One year,44,20.0
9565-FLVCG,0.01707693326734537,Low Risk,Two year,65,69.55
5668-MEISB,0.01705649920791839,Low Risk,Two year,72,106.1
0361-HJRDX,0.01702931912095608,Low Risk,Two year,68,64.35
8204-YJCLA,0.017025702133295753,Low Risk,Two year,72,64.8
9541-ZPSEA,0.01702097228622288,Low Risk,Two year,68,80.35
8039-EQPIM,0.017013059409713274,Low Risk,Two year,69,60.25
6551-VLJMV,0.0169885390079386,Low Risk,Two year,34,20.05
2300-RQGOI,0.016981559283922636,Low Risk,Two year,38,20.05
7301-ABVAD,0.01697869652418428,Low Risk,Two year,72,86.6
1270-XKUCC,0.016951001445149078,Low Risk,Two year,30,19.7
5453-YBTWV,0.016949976835846384,Low Risk,Two year,70,101.1
7164-BPTUT,0.01694908596388622,Low Risk,Two year,57,89.55
2599-CIPQE,0.016924049572322877,Low Risk,Two year,71,109.3
6723-CEGQI,0.016922746555277268,Low Risk,Two year,65,45.25
0016-QLJIS,0.01688920720368521,Low Risk,Two year,65,90.45
0582-AVCLN,0.01687660635341048,Low Risk,Two year,38,20.3
8234-GSZYK,0.016868941657421452,Low Risk,Two year,43,26.45
4671-VJLCL,0.016859487772480516,Low Risk,Two year,63,79.85
9067-SQTNS,0.016832048742018414,Low Risk,One year,44,20.6
2176-LVPNX,0.01680919082681915,Low Risk,Two year,71,89.85
7963-SHNDT,0.016803718632737493,Low Risk,Two year,52,39.1
4312-GVYNH,0.016781353415251502,Low Risk,Two year,70,49.85
5310-NOOVA,0.01675467944503782,Low Risk,Two year,46,19.95
7711-YIJWC,0.016745260551021067,Low Risk,One year,61,84.9
9968-FFVVH,0.01672717865321925,Low Risk,One year,63,68.8
1187-WILMM,0.01672330875438049,Low Risk,Two year,63,89.4
5176-LMJXE,0.016669081229760782,Low Risk,Two year,47,20.55
1177-XZBJL,0.016668919630743878,Low Risk,One year,53,64.15
1172-VIYBP,0.016663628949502022,Low Risk,Two year,53,69.7
2662-NNTDK,0.0166524102915184,Low Risk,One year,65,24.8
0254-WWRKD,0.01664191142335247,Low Risk,One year,67,50.55
8414-OOEEL,0.01662057275980623,Low Risk,Two year,66,79.5
0343-QLUZP,0.016611549498536847,Low Risk,Two year,60,39.6
1506-YJTYT,0.016577951642172524,Low Risk,Two year,45,73.85
3704-IEAXF,0.0165276437713076,Low Risk,Two year,72,53.65
9620-QJREV,0.016445547011970388,Low Risk,One year,47,20.55
9339-FIIJL,0.016431659748862303,Low Risk,Two year,72,85.95
9710-NJERN,0.01640287875807683,Low Risk,Two year,39,20.15
9650-VBUOG,0.016398553890589397,Low Risk,Two year,38,25.05
7401-JIXNM,0.016389889278989957,Low Risk,Two year,54,91.3
5130-YPIRV,0.016385802759050418,Low Risk,Two year,62,72.0
7073-QETQY,0.016293564429106712,Low Risk,One year,66,20.35
7601-DHFWZ,0.01628356459084317,Low Risk,Two year,48,24.0
8050-XGRVL,0.016276035938250603,Low Risk,One year,62,54.75
6532-YLWSI,0.01627088737305737,Low Risk,One year,53,20.8
3719-TDVQB,0.016263043787799497,Low Risk,Two year,54,18.95
6741-QRLUP,0.01624023333429955,Low Risk,Two year,63,80.3
6729-FZWSY,0.016224112177470853,Low Risk,One year,67,19.45
6701-YVNQG,0.016190065793114546,Low Risk,Two year,72,88.7
2821-WARNZ,0.016179924054064338,Low Risk,One year,49,19.45
1830-GGFNM,0.016178443436732845,Low Risk,Two year,65,94.55
1265-ZFOSD,0.016149992286745983,Low Risk,Two year,64,81.3
5980-BDHPY,0.016119545914309794,Low Risk,Two year,72,87.1
9548-LIGTA,0.016080420272412084,Low Risk,Two year,61,81.05
8265-HKSOW,0.016067246904182427,Low Risk,Two year,72,107.45
3727-OVPRY,0.016015562850057792,Low Risk,One year,66,25.7
6234-RAAPL,0.016015077678008114,Low Risk,Two year,72,99.9
3373-DIUUN,0.01597534812059644,Low Risk,Two year,30,21.25
3146-MSEGF,0.015965379173978316,Low Risk,Two year,72,88.05
5075-JSDKI,0.015907221892972508,Low Risk,Two year,59,24.45
5480-XTFFL,0.015892901632418778,Low Risk,Two year,31,21.0
4735-BJKOU,0.01588298104375184,Low Risk,Two year,40,20.15
0230-WEQUW,0.015871995065429682,Low Risk,Two year,66,56.6
4635-EJYPD,0.015858562742962753,Low Risk,Two year,32,18.95
4933-BSAIP,0.015851081063728636,Low Risk,Two year,40,19.1
6925-BAYGL,0.015845633353224555,Low Risk,Two year,53,25.1
2521-NPUZR,0.01584547207532944,Low Risk,Two year,70,101.0
7771-CFQRQ,0.01580395370732579,Low Risk,Two year,47,63.8
6152-ONASV,0.01580364709812467,Low Risk,One year,68,58.25
0052-YNYOT,0.01578218865308085,Low Risk,One year,67,20.55
7321-KKSDU,0.015694440282878357,Low Risk,Two year,32,20.5
8249-THVEC,0.015661584033498516,Low Risk,One year,51,19.4
5684-FJVYR,0.01564391399179996,Low Risk,Two year,72,90.35
7945-PRBVF,0.015636266078911873,Low Risk,Two year,35,21.45
0909-SELIE,0.015588227318153944,Low Risk,Two year,61,80.8
5248-YGIJN,0.015578932121071027,Low Risk,Two year,72,90.25
0442-TDYUO,0.015562337444507692,Low Risk,Two year,48,20.05
2263-SFSQZ,0.015551829312809625,Low Risk,Two year,51,24.95
1043-YCUTE,0.015467386615599295,Low Risk,Two year,56,25.15
0621-TSSMU,0.015441750829401612,Low Risk,One year,56,19.95
3097-FQTVJ,0.015436706646548979,Low Risk,Two year,41,20.0
2208-NKVVH,0.01541764716009295,Low Risk,Two year,43,24.25
9661-JALZV,0.015400214121494135,Low Risk,Two year,58,24.7
6332-FBZRI,0.01539681308151773,Low Risk,One year,67,69.35
6080-LNESI,0.015388049553973883,Low Risk,Two year,51,24.75
3398-GCPMU,0.015381684765319837,Low Risk,Two year,72,89.55
5997-OPVFA,0.015357702046401616,Low Risk,Two year,72,89.05
9585-KKMFD,0.015355238483045403,Low Risk,Two year,41,20.0
2581-VKIRT,0.015351394891923305,Low Risk,One year,59,65.5
1074-WVEVG,0.015346253062135969,Low Risk,One year,59,20.35
0123-CRBRT,0.015334822580031828,Low Risk,Two year,61,88.1
5329-KRDTM,0.0153017158058416,Low Risk,Two year,72,77.35
3472-QPRCH,0.015299054721377802,Low Risk,Two year,40,25.25
9227-YBAXE,0.01529538755599861,Low Risk,Two year,65,82.5
1599-EAHXY,0.015279608976244493,Low Risk,One year,60,23.95
2211-RMNHO,0.015254811852768523,Low Risk,Two year,68,85.3
3769-MHZNV,0.015237611625619013,Low Risk,Two year,33,20.1
9297-EONCV,0.015232453195843215,Low Risk,Two year,72,91.35
1568-BEKZM,0.015191430321092837,Low Risk,Two year,70,90.05
8402-OOOHJ,0.015189475746129142,Low Risk,Two year,41,20.65
8042-RNLKO,0.015182111962962456,Low Risk,One year,66,25.45
5356-KZCKT,0.015176410196592691,Low Risk,Two year,58,24.45
8174-TBVCF,0.015153374535106448,Low Risk,Two year,70,94.8
6000-UKLWI,0.015061957488623745,Low Risk,Two year,41,20.15
5044-XDPYX,0.014994966491405448,Low Risk,Two year,51,25.5
0420-TXVSG,0.01497866279466406,Low Risk,Two year,66,66.1
1971-DTCZB,0.014958313107965627,Low Risk,Two year,72,90.95
5006-MXVRN,0.014942924955964278,Low Risk,Two year,39,20.7
4521-WFJAI,0.014922037594989815,Low Risk,Two year,56,25.95
9778-OGKQZ,0.014916203104028955,Low Risk,Two year,72,92.0
3219-JQRSL,0.014890151115075101,Low Risk,Two year,72,89.1
7781-HVGMK,0.014887493804055022,Low Risk,Two year,72,65.2
1227-UDMZR,0.01488415775516428,Low Risk,Two year,72,91.15
1335-MXCSE,0.014866193874522333,Low Risk,Two year,55,55.25
5995-LFTLE,0.014859251768156985,Low Risk,Two year,58,25.3
6169-PGNCD,0.014853234167938248,Low Risk,Two year,57,74.3
0362-RAOQO,0.014851198645777546,Low Risk,Two year,40,19.65
7274-CGTOD,0.014841151703329431,Low Risk,Two year,62,43.7
3740-RLMVT,0.014839443436291417,Low Risk,One year,67,60.95
6685-GBWJZ,0.014835768563745626,Low Risk,One year,63,70.8
1839-FBNFR,0.014832088477065361,Low Risk,Two year,39,19.85
0556-FJEGU,0.014819976069328616,Low Risk,Two year,58,70.1
6656-GULJQ,0.014798627784528883,Low Risk,Two year,72,83.55
2535-PBCGC,0.01478146925018652,Low Risk,Two year,70,64.55
6463-MVYRY,0.01476853926438965,Low Risk,Two year,57,69.85
0301-FIDRB,0.014749069672507702,Low Risk,Two year,72,63.8
5275-PMFUT,0.014725828452444568,Low Risk,Two year,72,64.8
2193-SFWQW,0.014682138133266447,Low Risk,Two year,72,111.95
6177-PEVRA,0.01464574825031377,Low Risk,Two year,48,55.5
2824-DXNKN,0.014641543210483995,Low Risk,Two year,72,71.45
9242-TKFSV,0.014616432385647535,Low Risk,Two year,72,65.1
6418-PIQSP,0.01457018127529115,Low Risk,Two year,62,81.0
9443-JUBUO,0.014562034978787419,Low Risk,Two year,72,65.25
4827-DPADN,0.014548241814904812,Low Risk,Two year,72,83.3
1116-FRYVH,0.014508787343204018,Low Risk,Two year,48,39.4
6096-EGVTU,0.014503576850503392,Low Risk,One year,64,24.9
5248-RPYWW,0.014499873390803506,Low Risk,Two year,72,90.15
1090-ESELR,0.01449588684649261,Low Risk,Two year,72,105.5
3813-DHBBB,0.014488964862962682,Low Risk,Two year,67,50.95
3785-KTYSH,0.01448077347631623,Low Risk,Two year,53,24.6
4654-ULTTN,0.01446900958088929,Low Risk,Two year,70,74.8
9055-MOJJJ,0.014463413379229875,Low Risk,One year,64,65.8
7103-ZGVNT,0.014442371295089457,Low Risk,One year,69,73.7
8100-PNJMH,0.01443017151970749,Low Risk,Two year,68,88.85
1221-GHZEP,0.014416287768823439,Low Risk,Two year,62,65.1
6953-PBDIN,0.014415120112403491,Low Risk,Two year,70,72.95
8046-DNVTL,0.014398316498889464,Low Risk,Two year,62,38.6
4652-ODEVH,0.014382954645204988,Low Risk,Two year,45,24.45
7349-ALMUX,0.014375057313238395,Low Risk,Two year,37,65.6
0608-JDVEC,0.014373726560212406,Low Risk,Two year,50,19.8
9588-YRFHY,0.014365320125407649,Low Risk,Two year,49,19.9
9068-VPWQQ,0.014361086203290845,Low Risk,Two year,61,75.35
1047-RNXZV,0.014333119219545224,Low Risk,Two year,43,19.55
1088-AUUZZ,0.014317278015443517,Low Risk,Two year,56,75.85
9503-XJUME,0.014313982265290903,Low Risk,One year,52,19.65
9348-ROUAI,0.014300949141873067,Low Risk,Two year,59,90.3
3938-YFPXD,0.014300893454180383,Low Risk,Two year,72,84.3
5680-LQOGP,0.014288853547666092,Low Risk,Two year,68,82.45
2226-ICFDO,0.014253194720792887,Low Risk,Two year,72,85.9
8413-YNHNV,0.014244859850040533,Low Risk,Two year,69,90.65
9170-ARBTB,0.014228234788230345,Low Risk,One year,52,19.6
2725-TTRIQ,0.014226322261616403,Low Risk,Two year,72,84.2
7524-VRLPL,0.014226110339151372,Low Risk,Two year,69,74.1
9489-DEDVP,0.014194364259425182,Low Risk,Two year,70,69.2
6916-HIJSE,0.014188817530598244,Low Risk,Two year,65,84.85
2729-VNVAP,0.014176465951877876,Low Risk,Two year,33,19.8
1087-GRUYI,0.014165811630880421,Low Risk,Two year,38,20.4
7601-GNDYK,0.01416565600811537,Low Risk,Two year,35,19.6
4006-HKYHO,0.014155768387976898,Low Risk,Two year,63,86.7
9110-HSGTV,0.014150139243472495,Low Risk,Two year,69,82.45
9675-ICXCT,0.014113551771793433,Low Risk,Two year,72,80.8
8218-FFJDS,0.01408720876383802,Low Risk,Two year,72,86.4
1699-UOTXU,0.014086586247987282,Low Risk,Two year,60,61.4
8184-WMOFI,0.014058171559982742,Low Risk,One year,62,71.4
9067-YGSCA,0.014029665199477803,Low Risk,One year,70,26.05
6369-MCAKO,0.01402805614250118,Low Risk,Two year,68,89.05
5845-BZZIB,0.013990594981149115,Low Risk,Two year,35,20.1
6292-TOSSS,0.01398992996282969,Low Risk,Two year,50,24.9
5320-BRKGK,0.013963654330938215,Low Risk,Two year,58,75.8
6248-TKCQV,0.01395716676311774,Low Risk,Two year,70,80.6
7633-MVPUY,0.013949058882762964,Low Risk,Two year,57,59.75
6870-ZWMNX,0.013930859605977617,Low Risk,Two year,70,76.1
6885-PKOAM,0.013828935596950035,Low Risk,Two year,71,85.75
6407-GSJNL,0.013814109086518886,Low Risk,Two year,51,24.95
5360-XGYAZ,0.013795026709523156,Low Risk,Two year,72,65.65
8780-YRMTT,0.013749838582494421,Low Risk,Two year,66,47.4
6980-CDGFC,0.013745573145928077,Low Risk,One year,67,20.85
4644-OBGFZ,0.013731584349577155,Low Risk,One year,55,19.5
6725-TPKJO,0.013706343682928453,Low Risk,Two year,44,20.05
2560-QTSBS,0.013686615672672703,Low Risk,One year,72,23.3
9593-CVZKR,0.013683276666791746,Low Risk,Two year,56,24.45
2225-ZRGSG,0.01367146469981292,Low Risk,Two year,70,93.9
8626-XHBIE,0.013663422825454423,Low Risk,Two year,56,24.8
9668-PUGNU,0.013648280636669318,Low Risk,Two year,71,24.5
0936-NQLJU,0.01363745227003114,Low Risk,Two year,41,20.65
0206-OYVOC,0.01359428800973926,Low Risk,Two year,46,19.25
5816-JMLGY,0.013570957152500196,Low Risk,Two year,70,80.4
0318-ZOPWS,0.013560652620362181,Low Risk,Two year,49,20.15
0732-OCQOC,0.0135514774773909,Low Risk,Two year,52,25.05
6408-WHTEF,0.0135477691957562,Low Risk,Two year,72,89.4
7340-KEFQE,0.013543537215236063,Low Risk,Two year,51,34.2
9639-BUJXT,0.01353572994208251,Low Risk,One year,63,20.5
6115-ZTBFQ,0.013533950834939959,Low Risk,Two year,72,65.5
1492-KGETH,0.013518473749433855,Low Risk,One year,70,78.35
9135-MGVPY,0.013489638623227046,Low Risk,Two year,69,84.7
4475-NVTLU,0.013478584621290212,Low Risk,Two year,45,19.2
5676-CFLYY,0.013478460834303837,Low Risk,Two year,71,73.35
5968-HYJRZ,0.013450186267394235,Low Risk,Two year,47,24.55
5201-CBWYG,0.013419290237334708,Low Risk,One year,62,24.8
4188-PCPIG,0.013398523321198966,Low Risk,Two year,57,70.35
0019-GFNTW,0.013384087289647444,Low Risk,Two year,56,45.05
5248-KWLAR,0.013378856928731003,Low Risk,Two year,71,90.35
9477-LGWQI,0.0133721466636837,Low Risk,Two year,70,80.15
8241-JUIQO,0.013369939460240796,Low Risk,One year,61,19.45
7579-KKLOE,0.01336286378704936,Low Risk,Two year,71,91.25
0795-LAFGP,0.013362218567307786,Low Risk,Two year,71,90.4
2796-NNUFI,0.013359528934257358,Low Risk,Two year,46,19.95
4779-ZGICK,0.01335087427741749,Low Risk,Two year,48,23.55
8242-PDSGJ,0.013341935534084606,Low Risk,Two year,70,39.15
7359-SSBJK,0.013337971630315058,Low Risk,Two year,64,70.2
3451-VAWLI,0.013323066505326685,Low Risk,Two year,35,19.7
3662-FXJFO,0.013317245718192115,Low Risk,Two year,54,20.5
4701-LKOZD,0.013298694124038776,Low Risk,Two year,70,89.75
1722-LDZJS,0.013291608937128128,Low Risk,One year,53,20.2
4782-OSFXZ,0.013289540733819563,Low Risk,Two year,71,82.7
1568-LJSZU,0.013276376495744799,Low Risk,Two year,68,92.2
1459-QNFQT,0.013197256758724536,Low Risk,Two year,70,59.5
7872-BAAZR,0.013197143281599278,Low Risk,One year,53,19.55
0848-SOMKO,0.013190421767283555,Low Risk,Two year,70,48.4
1084-MNSMJ,0.013187580069185563,Low Risk,Two year,51,85.5
4335-BSMJS,0.013170078482085805,Low Risk,Two year,62,25.8
9415-ZNBSX,0.013167072625585014,Low Risk,Two year,70,89.0
7975-JMZNT,0.013132543455920557,Low Risk,Two year,66,91.7
4723-BEGSG,0.013114464513157474,Low Risk,Two year,72,86.65
5324-KTGCG,0.013109995860476675,Low Risk,One year,71,20.85
6122-LJADA,0.013097292252759312,Low Risk,Two year,70,90.15
6051-PTVNS,0.013059983057462126,Low Risk,One year,55,19.15
0440-EKDCF,0.013057301579185828,Low Risk,Two year,62,60.15
5296-BFCYD,0.013034538781323648,Low Risk,Two year,46,20.1
0506-YLVKJ,0.013002127075479684,Low Risk,Two year,46,20.2
7649-SIJJF,0.013001342644212512,Low Risk,Two year,71,80.1
5699-BNCAS,0.012993028910569358,Low Risk,Two year,71,24.65
1209-VFFOC,0.012961420559279015,Low Risk,Two year,68,56.4
5707-ZMDJP,0.012917765330300313,Low Risk,Two year,53,69.7
5016-LIPDW,0.01290461545851349,Low Risk,One year,57,19.4
3508-VLHCZ,0.01282032266755866,Low Risk,Two year,71,90.55
4915-BFSXL,0.012801147894334931,Low Risk,Two year,70,68.95
3120-FAZKD,0.012754467147573886,Low Risk,Two year,54,24.05
5485-ITNPC,0.01274314533047093,Low Risk,Two year,66,85.9
3161-ONRWK,0.01273499073571629,Low Risk,One year,60,65.85
5930-GBIWP,0.012720278256391453,Low Risk,Two year,69,81.5
6479-SZPLM,0.012711573330100421,Low Risk,Two year,36,19.45
5529-GIBVH,0.01267138667470747,Low Risk,Two year,47,20.15
8807-OPMBM,0.012665031338147238,Low Risk,Two year,55,25.65
5804-JMYIO,0.012664246116187527,Low Risk,Two year,39,19.75
3638-VBZTA,0.012660256552715547,Low Risk,Two year,68,86.5
2194-IIQOF,0.012659378815006882,Low Risk,Two year,71,89.3
2661-GKBTK,0.012655222340697499,Low Risk,Two year,60,76.95
6770-UAYGJ,0.012652339302544115,Low Risk,Two year,49,25.25
9028-LIHRP,0.012632314326001412,Low Risk,Two year,71,100.2
0744-BIKKF,0.012617815817662139,Low Risk,Two year,72,86.65
7009-PCARS,0.012601772271989992,Low Risk,One year,55,19.1
4698-KVLLG,0.012600931418295238,Low Risk,Two year,51,19.6
7873-CVMAW,0.012578871472397985,Low Risk,Two year,72,88.55
9073-ZZIAY,0.01256833614597162,Low Risk,Two year,62,86.1
4625-LAMOB,0.012545697947093329,Low Risk,Two year,44,20.4
4077-HWUYD,0.012532086152367134,Low Risk,Two year,72,87.55
6461-SZMCV,0.012525797875051007,Low Risk,Two year,71,87.95
2908-WGAXL,0.012477848680312957,Low Risk,Two year,56,24.95
6388-TABGU,0.012457356653701776,Low Risk,One year,62,56.15
6614-YOLAC,0.012401500482629186,Low Risk,Two year,71,58.65
1930-QPBVZ,0.012381652061637835,Low Risk,Two year,68,95.1
5472-CVMDX,0.012255407297938241,Low Risk,Two year,68,38.9
6169-PPETC,0.01223678503215567,Low Risk,Two year,35,20.5
9646-NMHXE,0.012215654746747958,Low Risk,Two year,47,19.65
4102-HLENU,0.012203211012053938,Low Risk,Two year,67,65.65
2208-MPXIO,0.012173740126323716,Low Risk,Two year,45,20.0
2642-MAWLJ,0.012173394044784727,Low Risk,Two year,36,20.25
1951-IEYXM,0.012140522790234776,Low Risk,Two year,72,90.6
5148-ORICT,0.012135678689689596,Low Risk,Two year,64,74.35
1207-BLKSA,0.012129685573712853,Low Risk,Two year,52,23.05
2162-FRZAA,0.012122705238478873,Low Risk,Two year,63,39.35
3764-MNMOI,0.012116983838166943,Low Risk,Two year,46,19.2
9803-FTJCG,0.0121090094191757,Low Risk,One year,71,66.85
5879-HMFFH,0.012097087772413983,Low Risk,Two year,72,88.05
5549-ZGHFB,0.012086304658937735,Low Risk,Two year,50,24.95
5727-MYATE,0.012080165230057983,Low Risk,Two year,72,90.8
1106-HRLKZ,0.012052547178176866,Low Risk,Two year,40,19.6
1240-HCBOH,0.012045145479332369,Low Risk,Two year,67,26.1
4973-MGTON,0.012011411915260358,Low Risk,Two year,71,84.4
9140-CZQZZ,0.011997609008389467,Low Risk,Two year,68,79.6
2451-YMUXS,0.011970142737654023,Low Risk,Two year,67,64.55
6425-JWTDV,0.011945383804840467,Low Risk,Two year,48,19.25
7722-VJRQD,0.011932182044587448,Low Risk,Two year,72,60.95
2649-HWLYB,0.011836102263028104,Low Risk,Two year,65,76.15
6625-IUTTT,0.011827187008620644,Low Risk,Two year,67,65.55
5181-OABFK,0.011825543110932391,Low Risk,Two year,56,61.3
6374-AFWOX,0.011814060433812777,Low Risk,Two year,46,65.65
4458-KVRBJ,0.011810801228004557,Low Risk,Two year,59,25.0
7996-MHXLW,0.011761387983778161,Low Risk,Two year,66,25.15
4018-PPNDW,0.011743297444079677,Low Risk,Two year,61,24.1
3050-RLLXC,0.011740409583886174,Low Risk,Two year,56,81.25
4718-WXBGI,0.011738818249025422,Low Risk,Two year,72,91.95
3950-VPYJB,0.011738127846393411,Low Risk,One year,57,59.6
2580-ATZSQ,0.011727882105374454,Low Risk,One year,65,61.35
5458-CQJTA,0.011727235941321683,Low Risk,Two year,65,74.8
3580-GICBM,0.011714058432839743,Low Risk,Two year,61,24.2
2160-GPFXD,0.011710625817779666,Low Risk,Two year,54,65.65
4632-XJMEX,0.011699531021244984,Low Risk,One year,53,62.85
8361-LBRDI,0.01168862715290601,Low Risk,Two year,58,24.35
9087-EYCPR,0.011676589407777766,Low Risk,Two year,60,25.0
7696-CFTAT,0.011672102805706823,Low Risk,Two year,37,19.8
0932-YIXYU,0.011669861807987118,Low Risk,Two year,47,20.25
4940-KHCWD,0.01154437758847083,Low Risk,Two year,60,37.7
0839-JTCUD,0.011519873446592391,Low Risk,Two year,66,89.9
7018-FPXHH,0.011501272779059386,Low Risk,Two year,56,59.8
7398-HPYZQ,0.01149684963248159,Low Risk,Two year,71,90.55
6614-YWYSC,0.011495545468564773,Low Risk,Two year,61,25.0
3779-OSWCF,0.011486887892413334,Low Risk,Two year,71,93.2
5334-AFQJB,0.011484786099404953,Low Risk,Two year,72,25.1
0562-KBDVM,0.011443475527284284,Low Risk,Two year,70,44.6
2207-RYYRL,0.01144256617894602,Low Risk,Two year,52,24.55
8215-NGSPE,0.011421786829103808,Low Risk,Two year,42,20.0
1414-YADCW,0.011407124702318312,Low Risk,Two year,70,84.6
5666-MBJPT,0.011395518766518528,Low Risk,Two year,65,25.1
5795-BKOYE,0.011393091041093383,Low Risk,One year,69,59.1
1248-DYXUB,0.011371450468292974,Low Risk,Two year,52,24.8
8922-NPKBJ,0.011367981938635075,Low Risk,Two year,42,19.35
7608-RGIRO,0.011367010479372264,Low Risk,Two year,62,24.4
3902-MIVLE,0.011359556437363211,Low Risk,Two year,63,75.7
2068-WWXQZ,0.011349184523385092,Low Risk,Two year,46,20.05
1073-XXCZD,0.011343251643779535,Low Risk,Two year,55,25.7
8690-ZVLCL,0.01132177688414473,Low Risk,Two year,68,88.0
4299-OPXEJ,0.011290660335427203,Low Risk,Two year,56,19.55
8374-UULRV,0.011254442932871865,Low Risk,Two year,72,86.05
2452-MRMZF,0.011232223082399326,Low Risk,Two year,72,25.7
9916-AYHTC,0.011175124862284665,Low Risk,Two year,48,19.85
7599-NTMDP,0.01116390886385719,Low Risk,Two year,62,48.7
6164-HAQTX,0.011163658758599662,Low Risk,Two year,71,53.95
4785-FCIFB,0.011156040290462934,Low Risk,Two year,61,24.4
3967-KXAPS,0.011137882593622217,Low Risk,Two year,72,92.3
8532-UEFWH,0.01110517333256383,Low Risk,Two year,52,25.75
8197-BFWVU,0.01110202518320124,Low Risk,Two year,72,93.25
4361-FEBGN,0.011091809514142606,Low Risk,Two year,48,20.15
1468-DEFNC,0.011063467830982492,Low Risk,Two year,64,24.4
6248-BSHKG,0.011059378414370985,Low Risk,One year,61,20.4
2888-ADFAO,0.011046945722456987,Low Risk,Two year,47,21.3
3262-EIDHV,0.01104681848120677,Low Risk,Two year,72,84.7
2143-LJULT,0.011042592843064282,Low Risk,Two year,67,25.25
2990-IAJSV,0.011042464156859187,Low Risk,Two year,72,92.0
8896-RAZCR,0.011039580241861396,Low Risk,Two year,44,19.9
5093-FEGLU,0.01101742045061938,Low Risk,Two year,47,19.65
5939-SXWHM,0.011011657144467644,Low Risk,Two year,48,26.3
5338-YHWYT,0.011008844653296278,Low Risk,Two year,37,61.45
4878-BUNFV,0.010991554744114394,Low Risk,Two year,42,20.7
3084-DOWLE,0.01096241296197176,Low Risk,Two year,72,92.0
3227-WLKLI,0.01092434368408745,Low Risk,Two year,65,91.55
4139-DETXS,0.0109168669700255,Low Risk,Two year,72,64.45
3500-NSDOA,0.010912873475814754,Low Risk,Two year,68,70.8
2481-SBOYW,0.010904004158590809,Low Risk,Two year,61,25.0
6961-MJKBO,0.01087856706504296,Low Risk,Two year,47,20.45
8722-PRFDV,0.010850731412175447,Low Risk,Two year,71,77.55
1814-WFGVS,0.010843301180279789,Low Risk,Two year,72,48.9
1215-EXRMO,0.010839493998335854,Low Risk,Two year,50,20.55
8701-DGLVH,0.01082144160692125,Low Risk,Two year,51,20.45
0621-CXBKL,0.010819760536546947,Low Risk,Two year,53,18.7
2817-LVCPP,0.010816822413984234,Low Risk,Two year,50,19.4
1705-GUHPV,0.010809568906077604,Low Risk,Two year,63,24.2
5736-YEJAX,0.010799765720192802,Low Risk,Two year,69,79.45
2885-HIJDH,0.010795632359139318,Low Risk,Two year,69,86.9
5176-OLSKT,0.010790946610635675,Low Risk,Two year,66,66.9
9435-JMLSX,0.010785938946410804,Low Risk,Two year,71,86.1
8441-SHIPE,0.010771854713800183,Low Risk,Two year,67,25.6
1619-YWUBB,0.010771081140482112,Low Risk,Two year,68,24.95
1697-LYYYX,0.010769408518881344,Low Risk,One year,61,19.1
5406-KGRMX,0.010768374591051608,Low Risk,Two year,71,24.55
6348-SNFUS,0.010765931055583213,Low Risk,Two year,72,55.45
8580-QVLOC,0.010765480396145161,Low Risk,Two year,72,92.45
8336-TAVKX,0.010758044841263631,Low Risk,Two year,72,78.45
5993-JSUWV,0.010756563560807704,Low Risk,Two year,66,61.15
0379-DJQHR,0.010755390170722058,Low Risk,Two year,67,81.35
5115-GZDEL,0.010732535955495495,Low Risk,Two year,72,67.2
1080-BWSYE,0.010728725123256313,Low Risk,Two year,64,25.65
9068-FHQHD,0.010721971440992104,Low Risk,Two year,40,20.15
1085-LDWAM,0.01071550644695018,Low Risk,One year,69,20.35
5605-XNWEN,0.010708138411108356,Low Risk,Two year,72,25.0
2296-DKZFP,0.010690426908351253,Low Risk,Two year,65,71.0
1241-FPMOF,0.010687851504846496,Low Risk,Two year,52,19.65
0774-RMNUW,0.010670219257904527,Low Risk,Two year,71,59.7
7503-EPSZW,0.010669809488223325,Low Risk,Two year,64,24.05
6439-PKTRR,0.01066927812988433,Low Risk,Two year,70,80.7
5915-ANOEI,0.010617565301835408,Low Risk,Two year,70,79.15
7416-CKTEP,0.01061356135030495,Low Risk,Two year,57,19.6
5465-BUBFA,0.010602819196581221,Low Risk,Two year,41,19.3
2560-WBWXF,0.010588713886061373,Low Risk,Two year,68,24.15
3067-SVMTC,0.010587229198396364,Low Risk,One year,68,55.9
0463-TXOAK,0.010584834578622986,Low Risk,Two year,52,25.6
7560-QJAVJ,0.010583926456023185,Low Risk,Two year,70,79.6
0769-MURVM,0.010581595474630306,Low Risk,Two year,72,65.7
6518-PPLMZ,0.01057601269239167,Low Risk,Two year,53,19.4
8631-NBHFZ,0.010534283192981617,Low Risk,Two year,66,79.4
5614-DNZCE,0.010526508795308044,Low Risk,Two year,58,64.9
4291-TPNFG,0.010524442083665623,Low Risk,Two year,72,82.3
9938-PRCVK,0.010497490504483405,Low Risk,Two year,41,19.7
1231-YNDEK,0.01046725136909391,Low Risk,Two year,58,19.15
4302-ZYFEL,0.01044111490662287,Low Risk,One year,69,20.55
3148-AOIQT,0.010427793729460583,Low Risk,Two year,69,24.95
9504-YAZWB,0.010409197356018703,Low Risk,Two year,53,20.25
9281-CEDRU,0.010396002785453396,Low Risk,Two year,68,64.1
2234-EOFPT,0.010386653445929497,Low Risk,Two year,72,79.35
5377-NDTOU,0.01031322455411311,Low Risk,Two year,71,91.05
9953-ZMKSM,0.010311662671789842,Low Risk,Two year,63,25.25
0526-SXDJP,0.010299118959415541,Low Risk,Two year,72,42.1
5010-IPEAQ,0.010294367504034086,Low Risk,Two year,67,54.2
1852-QSWCD,0.010254799111456199,Low Risk,Two year,64,24.8
2969-VAPYH,0.010248964233741727,Low Risk,One year,67,60.5
5494-WOZRZ,0.010247101291776386,Low Risk,Two year,71,82.0
2378-YIZKA,0.010243999530068215,Low Risk,Two year,68,85.0
8205-VSLRB,0.010225511143180389,Low Risk,Two year,70,77.3
6139-ZZRBQ,0.010192570541162828,Low Risk,Two year,64,20.05
0386-CWRGM,0.010185440021267717,Low Risk,Two year,46,19.4
4176-RELJR,0.010152290697353227,Low Risk,Two year,67,25.1
6619-RPLQZ,0.010146802294801192,Low Risk,Two year,45,20.85
5296-PSYVW,0.010134921821912399,Low Risk,Two year,72,24.55
3487-EARAT,0.01013004982661509,Low Risk,One year,70,74.1
4194-FJARJ,0.010129765120951954,Low Risk,Two year,54,60.0
8990-YOZLV,0.01011560887222792,Low Risk,Two year,69,66.9
2228-BZDEE,0.010115142579933727,Low Risk,Two year,54,20.1
5135-RDDQL,0.010113463012804344,Low Risk,Two year,63,50.65
5242-UOWHD,0.010061185646143828,Low Risk,Two year,45,20.35
4872-JCVCA,0.00999357700722873,Low Risk,Two year,71,47.6
6288-CHQJB,0.009989288916974601,Low Risk,Two year,54,69.95
6917-FIJHC,0.009984686232441689,Low Risk,Two year,72,26.0
3088-FVYWK,0.009974517242639865,Low Risk,Two year,53,25.55
7014-ZZXAW,0.009945749200534367,Low Risk,Two year,71,24.25
9507-HSMMZ,0.009930097021809416,Low Risk,Two year,54,20.0
7706-YLMQA,0.009929886445383744,Low Risk,One year,70,19.7
8838-GPHZP,0.009927737584349592,Low Risk,Two year,63,20.6
9964-WBQDJ,0.009908559700927116,Low Risk,Two year,71,24.4
0363-SVHYR,0.00990448836913356,Low Risk,Two year,71,86.85
3612-YVGSJ,0.00989619381992365,Low Risk,Two year,71,24.45
1955-IBMMB,0.009871282581665036,Low Risk,Two year,59,20.2
1027-LKKQQ,0.00986453484792545,Low Risk,Two year,72,80.45
6134-KWTBV,0.00985047623234723,Low Risk,Two year,62,23.4
3913-RDSJZ,0.009836442721682022,Low Risk,Two year,64,25.55
3970-XGJDU,0.009802947831468862,Low Risk,Two year,62,19.2
8028-PNXHQ,0.009795588785452182,Low Risk,Two year,62,24.25
1709-EJDOX,0.009774803717326629,Low Risk,Two year,47,19.75
7639-OPLNG,0.009772218981094071,Low Risk,Two year,70,79.25
2632-TACXW,0.00971810263990719,Low Risk,Two year,62,23.65
4807-IZYOZ,0.00970998256815517,Low Risk,Two year,51,20.65
6349-JDHQP,0.00970521053527409,Low Risk,Two year,53,19.85
8597-CTXVJ,0.009702884410327831,Low Risk,One year,70,64.95
0626-QXNGV,0.009652594287392086,Low Risk,Two year,72,24.15
0973-KYVNF,0.009639842342070685,Low Risk,Two year,72,70.65
6370-ZVHDV,0.009632970212575217,Low Risk,Two year,61,25.3
7242-EDTYC,0.009630557953586447,Low Risk,Two year,44,19.55
8395-ETZKQ,0.009630122146626832,Low Risk,One year,68,19.5
5227-JSCFE,0.009596507016024594,Low Risk,Two year,71,46.35
4674-HGNUA,0.009594226277322001,Low Risk,Two year,71,89.9
9814-AOUDH,0.009587288321881663,Low Risk,Two year,53,19.5
8468-FZTOE,0.009579966309019597,Low Risk,Two year,72,74.35
1716-LSAMB,0.00957634552708788,Low Risk,Two year,45,54.65
2925-VDZHY,0.009570815883681088,Low Risk,Two year,72,88.7
4636-TVXVG,0.009561843369371019,Low Risk,One year,62,19.95
2097-YVPKN,0.00954448494662828,Low Risk,Two year,65,25.75
2961-VNFKL,0.009532239463447154,Low Risk,Two year,71,25.95
9489-JMTTN,0.009520575608943423,Low Risk,Two year,72,89.75
9755-JHNMN,0.00951938856658289,Low Risk,Two year,49,67.4
7197-VOJMM,0.009514704249279577,Low Risk,Two year,67,69.2
3533-UVMOM,0.009510700728124757,Low Risk,Two year,68,70.95
2230-XTUWL,0.009510371947855254,Low Risk,Two year,48,19.55
7408-OFWXJ,0.009508689281804655,Low Risk,Two year,72,89.8
6217-KDYWC,0.009508656814715681,Low Risk,Two year,57,19.6
0730-BGQGF,0.009498820782216137,Low Risk,Two year,71,90.3
3967-VQOGC,0.009477961455998423,Low Risk,Two year,67,24.9
3884-UEBXB,0.009470265449019032,Low Risk,Two year,67,36.15
5095-ETBRJ,0.009448024884325952,Low Risk,Two year,55,56.8
4565-NLZBV,0.009419564716483945,Low Risk,Two year,71,24.65
8146-QQKZH,0.009416765794911647,Low Risk,Two year,71,81.85
8207-VVMYB,0.009407282659212222,Low Risk,Two year,70,26.0
9251-AWQGT,0.009404035628648033,Low Risk,Two year,48,20.0
6762-NSODU,0.009401998619521687,Low Risk,Two year,46,19.4
3635-QQRQD,0.009397820957898238,Low Risk,Two year,62,20.05
1241-EZFMJ,0.009397770589778184,Low Risk,Two year,61,25.45
1767-CJKBA,0.00939124222617026,Low Risk,Two year,66,25.1
5117-ZSMHQ,0.0093723207938678,Low Risk,Two year,71,89.9
3454-JFUBC,0.009370807657649622,Low Risk,Two year,68,20.0
2235-EZAIK,0.009368755392140304,Low Risk,Two year,72,79.2
4012-YCFAI,0.00934306492163404,Low Risk,Two year,60,61.35
0238-WHBIQ,0.00933463350828499,Low Risk,Two year,72,89.7
9453-PATOS,0.009306084388515186,Low Risk,Two year,72,85.1
1775-KWJKQ,0.009299707649945654,Low Risk,Two year,72,89.85
2954-PIBKO,0.009294224782888594,Low Risk,Two year,69,64.15
5766-FTRTS,0.009262152611557597,Low Risk,Two year,72,84.45
3511-BFTJW,0.0092506843329106,Low Risk,Two year,72,38.5
7427-AUFPY,0.009246647380964137,Low Risk,Two year,54,19.65
3569-JFODW,0.009239324463831232,Low Risk,Two year,72,90.95
1657-DYMBM,0.009227440300589062,Low Risk,Two year,53,19.9
0885-HMGPY,0.009221916642391146,Low Risk,Two year,62,69.4
3154-HMWUU,0.00922071314717757,Low Risk,Two year,60,20.5
3027-YNWZU,0.00920527937804569,Low Risk,Two year,64,25.0
6384-VMJHP,0.00919792443297161,Low Risk,Two year,72,73.0
1813-JLKWR,0.009185651268143552,Low Risk,One year,64,19.8
5781-RFZRP,0.009182121025758366,Low Risk,Two year,71,73.5
7921-BEPCI,0.009181058147252109,Low Risk,Two year,72,59.75
1167-OYZJF,0.00918078448239156,Low Risk,Two year,67,20.05
6734-PSBAW,0.00917855850383473,Low Risk,Two year,72,23.55
2675-IJRGJ,0.00913681148772293,Low Risk,Two year,53,19.65
9975-GPKZU,0.009126648626051786,Low Risk,Two year,46,19.75
3212-KXOCR,0.009124894712846289,Low Risk,Two year,52,21.0
0603-TPMIB,0.00910670073898254,Low Risk,Two year,59,25.45
8540-ZQGEA,0.009088174716042778,Low Risk,Two year,54,20.05
3359-DSRKA,0.009081447879283609,Low Risk,Two year,58,19.85
5970-GHJAW,0.009081137036008085,Low Risk,Two year,46,19.95
9488-FVZCC,0.009051793349811982,Low Risk,Two year,72,79.5
7647-GYYKX,0.009016080412676335,Low Risk,Two year,54,20.35
9337-SRRNI,0.009012518891376772,Low Risk,Two year,66,25.3
1926-QUZNN,0.008983206980477764,Low Risk,Two year,72,25.25
5803-NQJZO,0.008976828388577945,Low Risk,Two year,72,67.8
8587-XYZSF,0.008975600409085089,Low Risk,Two year,67,50.55
4979-HPRFL,0.008965277639033082,Low Risk,Two year,56,24.15
7898-PDWQE,0.008956593824822489,Low Risk,Two year,71,80.4
2418-TPEUN,0.008955501922268442,Low Risk,Two year,56,19.8
7634-HLQJR,0.008955246501100892,Low Risk,Two year,47,20.05
6484-LATFU,0.008923156087778772,Low Risk,Two year,68,24.55
9081-WWXKP,0.00891058195073293,Low Risk,Two year,47,20.25
7101-HRBLJ,0.00889157832561566,Low Risk,Two year,72,83.7
6695-AMZUF,0.008861437269047957,Low Risk,Two year,70,86.45
2251-PYLPB,0.00885688441145088,Low Risk,Two year,72,79.55
4990-ALDGW,0.008842220564589826,Low Risk,Two year,57,20.75
2799-TSLAG,0.008840741539851333,Low Risk,Two year,65,25.3
8882-TLVRW,0.008827909861434117,Low Risk,Two year,69,39.1
2900-PHPLN,0.008816973251906352,Low Risk,Two year,70,19.55
3190-ITQXP,0.008804702520025146,Low Risk,Two year,46,20.25
9823-EALYC,0.00879946209881135,Low Risk,Two year,72,80.85
7998-WNZEM,0.008769377207754862,Low Risk,Two year,71,80.6
7008-LZVOZ,0.008761250131552488,Low Risk,Two year,66,25.3
4534-WGCIR,0.008748207194875322,Low Risk,Two year,58,25.15
4742-TXUEX,0.008728467863866352,Low Risk,Two year,47,19.3
7596-ZYWBB,0.00871831417682553,Low Risk,Two year,65,59.6
7167-PCEYD,0.008711287123724537,Low Risk,Two year,67,19.8
7941-RCJOW,0.00863350399317055,Low Risk,Two year,65,19.55
9065-ZCPQX,0.008621787635357946,Low Risk,Two year,72,78.85
1635-NZATJ,0.008593158551754857,Low Risk,Two year,71,25.45
6323-AYBRX,0.008581785995136012,Low Risk,Two year,59,19.35
8464-EETCQ,0.008569203454047962,Low Risk,Two year,57,18.8
9084-OAYKL,0.008549179070890723,Low Risk,Two year,58,20.8
1306-RPWXZ,0.008547306712251544,Low Risk,Two year,49,20.45
1574-DYCWE,0.008542537765792653,Low Risk,Two year,51,19.95
1131-QQZEB,0.008534070861495664,Low Risk,Two year,71,23.95
0281-CNTZX,0.008481276915708326,Low Risk,Two year,63,19.95
0244-LGNFY,0.008470283688669209,Low Risk,Two year,72,92.65
3646-ITDGM,0.008454509550075276,Low Risk,Two year,56,19.7
5982-XMDEX,0.008446058936005288,Low Risk,Two year,65,26.5
3620-EHIMZ,0.008394739769142592,Low Risk,Two year,52,19.35
1676-MQAOA,0.008394235259391354,Low Risk,Two year,72,75.1
5196-WPYOW,0.008393839216825509,Low Risk,One year,67,60.05
9091-WTUUY,0.008369447479424858,Low Risk,Two year,64,69.25
3512-IZIKN,0.008366659743385423,Low Risk,Two year,70,65.3
8735-SDUFN,0.008363236975977163,Low Risk,Two year,72,24.3
3836-FZSDJ,0.008344104427326476,Low Risk,Two year,71,24.85
8957-THMOA,0.008336631107426181,Low Risk,Two year,50,20.15
6625-FLENO,0.008321121265539931,Low Risk,Two year,58,20.75
9500-WBGRP,0.008307925195598951,Low Risk,Two year,69,19.1
9371-BITHB,0.008290396730576369,Low Risk,Two year,52,19.85
3470-OBUET,0.008278402103686614,Low Risk,Two year,67,74.0
7033-CLAMM,0.008261620383907422,Low Risk,Two year,48,20.2
9565-AXSMR,0.008251219835043113,Low Risk,Two year,52,19.2
3948-KXDUF,0.008232004422054729,Low Risk,Two year,66,68.75
0508-SQWPL,0.008230910813216221,Low Risk,Two year,57,20.1
2525-GVKQU,0.008222777394183768,Low Risk,Two year,60,20.6
2314-TNDJQ,0.008221287546864972,Low Risk,Two year,72,55.65
0374-FIUCA,0.008216138033791343,Low Risk,Two year,65,20.4
3768-VHXQO,0.008208599062558388,Low Risk,Two year,67,24.85
7493-GVFIO,0.008202184302272132,Low Risk,Two year,57,20.55
0795-XCCTE,0.00819581126369049,Low Risk,Two year,72,25.4
7161-DFHUF,0.008178351434628668,Low Risk,Two year,71,23.85
1862-QRWPE,0.008169131311727425,Low Risk,Two year,48,20.65
9397-TZSHA,0.00813189514415575,Low Risk,Two year,69,24.6
8069-RHUXK,0.008121835066485387,Low Risk,Two year,67,35.7
5220-AGAAX,0.008113369064366941,Low Risk,Two year,68,24.0
3873-WOSBC,0.008055999470056936,Low Risk,Two year,67,25.6
6340-DACFT,0.00802334481212567,Low Risk,Two year,50,20.55
5567-GZKQY,0.007989943545042509,Low Risk,Two year,58,20.3
7293-LSCDV,0.007973977783914087,Low Risk,Two year,60,19.25
1460-UZPRJ,0.007955564571155283,Low Risk,Two year,60,19.95
7162-WPHPM,0.007929410984536835,Low Risk,Two year,58,71.6
3118-UHVVQ,0.007924350636772505,Low Risk,Two year,68,25.8
5821-MMEIL,0.007916354880737286,Low Risk,Two year,57,19.9
2696-RZVZW,0.007906652351931984,Low Risk,Two year,68,25.05
9481-WHGWY,0.00789193646461023,Low Risk,Two year,70,75.35
8946-BFWSG,0.007870964615198288,Low Risk,Two year,63,25.25
3696-DFHHB,0.007856243863489916,Low Risk,Two year,68,25.5
4992-LTJNE,0.00784481977359579,Low Risk,Two year,72,55.3
0780-XNZFN,0.007826063016300238,Low Risk,Two year,57,20.65
9173-IVZVP,0.007817391298096762,Low Risk,Two year,53,20.9
6582-PLFUU,0.007798237739640296,Low Risk,Two year,51,19.55
8338-QIUNR,0.007785408370572671,Low Risk,Two year,72,66.5
5067-WJEUN,0.007781183099541414,Low Risk,Two year,67,54.2
3170-NMYVV,0.0077517740785976496,Low Risk,Two year,50,20.15
4656-CAURT,0.007741640029512959,Low Risk,Two year,69,23.95
5115-SQAAU,0.007705997140263931,Low Risk,Two year,69,25.6
9764-REAFF,0.007702234541535885,Low Risk,Two year,59,18.4
9769-TSBZE,0.007698039339087733,Low Risk,Two year,70,66.0
3498-LZGQZ,0.007693934383626454,Low Risk,Two year,63,19.15
3200-MNQTF,0.007674383580242846,Low Risk,Two year,67,70.9
5846-NEQVZ,0.007664553466106599,Low Risk,Two year,71,70.85
9993-LHIEB,0.00765768276008492,Low Risk,Two year,67,67.85
7643-RCHXS,0.007653098644403265,Low Risk,Two year,63,19.35
0971-QIFJK,0.007627833712217548,Low Risk,Two year,69,24.25
7860-KSUGX,0.00759061971175141,Low Risk,Two year,72,64.45
2077-DDHJK,0.0075868149914167845,Low Risk,Two year,68,70.9
6087-YPWHO,0.007572347568659822,Low Risk,Two year,72,68.15
7306-YDSOI,0.007554333138188209,Low Risk,Two year,69,59.75
0336-PIKEI,0.007549070925654961,Low Risk,Two year,72,74.4
2072-ZVJJX,0.0075251169978140945,Low Risk,Two year,68,25.25
0562-FGDCR,0.007520872287839155,Low Risk,Two year,72,74.55
7480-SPLEF,0.007470583910631002,Low Risk,Two year,69,26.0
7139-JZFVG,0.007460144307175703,Low Risk,Two year,60,60.5
8774-GSBUN,0.007457408665906615,Low Risk,Two year,72,25.4
4312-KFRXN,0.007457408665906615,Low Risk,Two year,72,25.4
8380-MQINP,0.007436466055396271,Low Risk,Two year,55,20.3
3486-HOOGQ,0.007414124778913404,Low Risk,Two year,70,79.7
6485-QXWWE,0.0074005133867092706,Low Risk,Two year,62,26.0
8039-ACLPL,0.007396735147997456,Low Risk,Two year,72,68.75
7114-AEOZE,0.007396699941056152,Low Risk,Two year,60,19.85
8780-IHCRN,0.0073742062351886606,Low Risk,Two year,63,24.65
8857-CUPFQ,0.007344369311050702,Low Risk,Two year,63,19.25
1987-AUELQ,0.007324700790502644,Low Risk,Two year,71,25.05
5793-YOLJN,0.007307258340949843,Low Risk,Two year,55,21.0
3308-DGHKL,0.007297685998051666,Low Risk,Two year,69,19.3
9359-JANWS,0.007281366221778588,Low Risk,Two year,65,58.9
9257-AZMTZ,0.007273160979886027,Low Risk,Two year,52,20.1
1820-DJFPH,0.007266896147684689,Low Risk,Two year,72,24.05
2616-FLVQC,0.007259019039633124,Low Risk,Two year,64,19.55
5208-FVQKB,0.007249372385696291,Low Risk,Two year,70,67.95
9430-NKQLY,0.007246279409122011,Low Risk,Two year,72,25.1
2400-FEQME,0.0072454258089077305,Low Risk,Two year,55,20.5
8129-GMVGI,0.007243894404035803,Low Risk,Two year,56,20.05
4589-IUAJB,0.007230400301138589,Low Risk,Two year,70,24.25
2169-RRLFW,0.007224509016254222,Low Risk,Two year,71,25.6
8544-JNBOX,0.007222558571393093,Low Risk,Two year,72,20.8
5598-IKHQQ,0.007221470044371889,Low Risk,Two year,72,25.45
0704-VCUMB,0.007204231680120094,Low Risk,Two year,61,20.25
6685-XSHHU,0.007157442793005295,Low Risk,Two year,60,20.95
0607-DAAHE,0.007154624254821535,Low Risk,Two year,53,19.75
8237-ULIXL,0.007126073166065825,Low Risk,Two year,72,24.85
4836-WNFNO,0.007099351496033082,Low Risk,Two year,72,25.0
6010-DDPPW,0.007069246359578631,Low Risk,Two year,70,25.15
4443-EMBNA,0.007058906097249681,Low Risk,Two year,71,24.75
3973-SKMLN,0.007042774105601925,Low Risk,Two year,71,19.9
1098-KFQEC,0.007019489108111667,Low Risk,Two year,55,19.4
9153-BTBVV,0.0070148415679230905,Low Risk,Two year,71,25.0
8749-TZYEC,0.006986567146723513,Low Risk,Two year,72,24.8
5743-KHMNA,0.006969590585688996,Low Risk,Two year,71,25.55
5846-ABOBJ,0.00696418318374051,Low Risk,Two year,71,24.45
3399-BMLVW,0.006958065025637788,Low Risk,Two year,51,60.5
2882-WDTBA,0.006946658846085498,Low Risk,Two year,69,75.75
0040-HALCW,0.006924907221688416,Low Risk,Two year,54,20.4
6024-RUGGH,0.006913686759798603,Low Risk,Two year,72,25.2
0485-ZBSLN,0.006892792920509202,Low Risk,Two year,65,24.75
8092-NLTGF,0.006883220488943288,Low Risk,Two year,72,24.75
4625-XMOYM,0.006877297753639059,Low Risk,Two year,72,26.25
7729-XBTWX,0.006875129659368203,Low Risk,Two year,66,19.75
4900-MSOMT,0.0068610265997882565,Low Risk,Two year,72,80.2
7115-IRDHS,0.00685025328326463,Low Risk,Two year,72,24.65
7096-ZNBZI,0.006846117192526938,Low Risk,Two year,72,26.45
7860-UXCRM,0.006839836542045405,Low Risk,Two year,63,74.5
7606-BPHHN,0.006834594851785258,Low Risk,Two year,72,19.8
2509-TFPJU,0.00682225914166492,Low Risk,Two year,72,25.75
2050-ONYDQ,0.006822244012051671,Low Risk,Two year,65,26.0
4707-MAXGU,0.0068051883894865205,Low Risk,Two year,72,25.85
3795-GWTRD,0.006803833570810954,Low Risk,Two year,63,75.55
6283-GITPX,0.006802225734605733,Low Risk,Two year,71,76.9
5656-JAMLX,0.006786945864020732,Low Risk,Two year,62,19.85
7515-LODFU,0.006763674964888622,Low Risk,Two year,69,20.3
8727-JQFHV,0.006746958037136214,Low Risk,Two year,57,20.75
3913-FCUUW,0.006734233593550107,Low Risk,Two year,72,70.45
6651-RLGGM,0.006732137503236592,Low Risk,Two year,67,26.3
9114-DPSIA,0.0067043673232718886,Low Risk,Two year,72,81.0
4231-LZUYM,0.0066807543287780114,Low Risk,Two year,72,25.65
6848-HJTXY,0.00666705647160879,Low Risk,Two year,64,19.45
8347-GDTMP,0.00666705647160879,Low Risk,Two year,64,19.45
0229-LFJAF,0.006622845928893225,Low Risk,Two year,72,69.65
7225-IILWY,0.006607169486009406,Low Risk,Two year,68,25.75
6365-HITVU,0.006599819396194408,Low Risk,Two year,71,87.25
6963-KQYQB,0.006597866790007274,Low Risk,Two year,70,24.05
2075-PUEPR,0.006582544196357833,Low Risk,Two year,55,19.35
0988-AADSA,0.006573522970040226,Low Risk,Two year,72,80.85
3429-IFLEM,0.0065730237365242035,Low Risk,Two year,71,77.35
9372-TXXPS,0.006569637416306289,Low Risk,Two year,60,59.85
6734-JDTTV,0.006538032652592263,Low Risk,Two year,65,19.85
5457-COLHT,0.006536734884391012,Low Risk,Two year,69,80.65
8514-VZHEB,0.006523261057149122,Low Risk,Two year,59,19.5
6892-BOGQE,0.006521777970175822,Low Risk,Two year,71,20.9
1945-XISKS,0.006520154364711556,Low Risk,Two year,67,19.65
2253-KPMNB,0.006505210364315623,Low Risk,Two year,69,46.25
9135-HSWOC,0.006484492625881735,Low Risk,Two year,64,19.7
7558-IMLMT,0.006482343942413406,Low Risk,Two year,67,20.8
8164-OCKUJ,0.006480787464546704,Low Risk,Two year,59,20.6
6997-UVGOX,0.006466351178915523,Low Risk,Two year,71,85.45
8711-LOBKY,0.006466292226758358,Low Risk,Two year,59,19.85
2569-WGERO,0.0064540077779658206,Low Risk,Two year,72,21.15
6695-FRVEC,0.006431575680668898,Low Risk,Two year,67,60.4
3507-GASNP,0.006423197877139688,Low Risk,Two year,60,19.95
6479-VDGRK,0.006416556273672775,Low Risk,Two year,72,85.3
3889-VWBID,0.006390587334085548,Low Risk,Two year,68,82.85
9365-CSLBQ,0.006385388028222965,Low Risk,Two year,71,24.35
3071-MVJCD,0.006373835786511429,Low Risk,Two year,72,82.3
3777-XROBG,0.006343154220613654,Low Risk,Two year,58,19.55
6897-RWMUB,0.006308832120980072,Low Risk,Two year,61,68.05
3400-ESFUW,0.006291761033393097,Low Risk,Two year,55,57.55
9220-CXRSC,0.006282590258595146,Low Risk,Two year,69,61.4
8755-OGKNA,0.006275449625035017,Low Risk,Two year,57,19.5
3810-PJUHR,0.0062534124191229255,Low Risk,Two year,70,25.35
2176-OSJUV,0.006252369089680303,Low Risk,Two year,71,65.15
0613-WUXUM,0.006250351231405929,Low Risk,Two year,70,19.2
7157-SMCFK,0.006248862874105173,Low Risk,Two year,61,19.75
5854-KSRBJ,0.006245579386272653,Low Risk,Two year,70,25.4
9499-XPZXM,0.0062432161696299665,Low Risk,Two year,72,64.75
1399-OUPJN,0.0062362450298185474,Low Risk,Two year,57,19.75
3457-PQBYH,0.006225015978087761,Low Risk,Two year,58,20.3
2626-VEEWG,0.0061957154215148726,Low Risk,Two year,67,19.4
2346-LOCWC,0.00619388342635926,Low Risk,Two year,58,20.5
9286-BHDQG,0.006193842124907959,Low Risk,Two year,72,45.25
6857-TKDJV,0.006193073209825981,Low Risk,Two year,67,24.65
8747-UDCOI,0.006188224779964952,Low Risk,Two year,65,19.35
9795-SHUHB,0.006154607790166549,Low Risk,Two year,66,58.2
7717-BICXI,0.006150453585777195,Low Risk,Two year,60,20.55
7328-ZJAJO,0.006147815838386258,Low Risk,Two year,59,19.5
9972-EWRJS,0.006074737353584558,Low Risk,Two year,67,19.25
7980-MHFLQ,0.006051946574558075,Low Risk,Two year,72,24.9
2146-EGVDT,0.0060500560171205826,Low Risk,Two year,59,19.3
1302-TPUBN,0.0060340774388148045,Low Risk,Two year,66,19.35
3274-NSDWE,0.005999329220810881,Low Risk,Two year,68,19.6
5730-DBDSI,0.005981355017410421,Low Risk,Two year,66,19.7
6345-FZOQH,0.005944839991070543,Low Risk,Two year,69,19.9
5893-KCLGT,0.005942492898897422,Low Risk,Two year,72,19.75
1555-HAPSU,0.005915944299032165,Low Risk,Two year,71,23.9
9574-BOSMD,0.005883119378062778,Low Risk,Two year,68,25.4
2007-QVGAW,0.005865510849157632,Low Risk,Two year,68,19.35
7695-PKLCZ,0.005865451752928132,Low Risk,Two year,68,20.5
0531-XBKMM,0.005857194206287605,Low Risk,Two year,66,65.7
4195-PNGZS,0.005832032124990813,Low Risk,Two year,69,24.45
6253-GNHWH,0.005822509193594405,Low Risk,Two year,71,71.1
8917-SZTTJ,0.005805164087884185,Low Risk,Two year,60,19.65
0394-YONDK,0.005799668242367804,Low Risk,Two year,70,25.15
0562-HKHML,0.005792722005765565,Low Risk,Two year,71,23.9
5146-YYFRZ,0.005753640175202403,Low Risk,Two year,67,19.95
9838-BFCQT,0.005750232263936483,Low Risk,Two year,72,26.1
9786-YWNHU,0.00574882729931017,Low Risk,Two year,63,63.55
7602-DBTOU,0.00573165431013726,Low Risk,Two year,71,19.6
1299-AURJA,0.0057293272491532364,Low Risk,Two year,70,24.7
1830-IPXVJ,0.005724425555029724,Low Risk,Two year,61,19.75
8043-PNYSD,0.005720023128499449,Low Risk,Two year,63,19.55
9625-RZFUK,0.005698543667168091,Low Risk,Two year,63,19.7
0480-KYJVA,0.0056764498919926795,Low Risk,Two year,72,24.25
0397-ZXWQF,0.005674815485587439,Low Risk,Two year,67,20.5
5848-FHRFC,0.005673614150246693,Low Risk,Two year,68,20.05
1266-NZYUI,0.005660883627330147,Low Risk,Two year,72,66.85
2181-TIDSV,0.00565754892656462,Low Risk,Two year,68,19.95
1293-BSEUN,0.005640310089275174,Low Risk,Two year,72,20.7
8232-UTFOZ,0.005636559058328684,Low Risk,Two year,69,19.95
5902-WBLSE,0.00563201581513167,Low Risk,Two year,70,20.15
0174-QRVVY,0.005585833052865973,Low Risk,Two year,71,25.35
7010-BRBUU,0.005579141488503517,Low Risk,Two year,72,24.1
3774-VBNXY,0.005563179194227204,Low Risk,Two year,64,20.2
5799-JRCZO,0.005552657086185686,Low Risk,Two year,63,19.5
7711-GQBZC,0.005545825801392139,Low Risk,Two year,71,24.7
8165-ZJRNM,0.005497651307410888,Low Risk,Two year,72,23.75
8434-VGEQQ,0.00549380476514919,Low Risk,Two year,61,20.55
6181-AXXYF,0.005488907028125004,Low Risk,Two year,72,24.75
6585-WCEWR,0.005453689237839489,Low Risk,Two year,72,20.35
3261-CQXOL,0.005442456087311701,Low Risk,Two year,71,25.45
8285-ABVLB,0.005429843564773116,Low Risk,Two year,70,19.85
6855-VLGOS,0.005426393181872798,Low Risk,Two year,72,20.55
0402-OAMEN,0.00540194693191267,Low Risk,Two year,72,24.45
7064-JHXCE,0.005384939520984852,Low Risk,Two year,62,20.05
6285-FTQBF,0.0053798393562859564,Low Risk,Two year,72,25.55
0825-CPPQH,0.005355728591489006,Low Risk,Two year,71,19.1
6621-NRZAK,0.005330037110296014,Low Risk,Two year,63,20.0
6060-QBMGV,0.005316692037458997,Low Risk,Two year,70,19.85
5884-FBCTL,0.00531456301827881,Low Risk,Two year,72,25.1
7969-FFOWG,0.005312589707404276,Low Risk,Two year,65,19.9
7684-XSZIY,0.005309319062224276,Low Risk,Two year,72,24.3
0847-HGRML,0.0053051578781127505,Low Risk,Two year,62,20.0
2236-HILPA,0.005304479995765125,Low Risk,Two year,62,20.65
6976-BWGLQ,0.005301244707674419,Low Risk,Two year,72,25.2
4821-WQOYN,0.005283584756519894,Low Risk,Two year,72,20.1
7688-AWMDX,0.005260841533111347,Low Risk,Two year,71,54.5
1591-XWLGB,0.005255883409067971,Low Risk,Two year,71,19.85
4193-IBKSW,0.005249706132294202,Low Risk,Two year,72,24.75
8966-SNIZF,0.005245592346913064,Low Risk,Two year,70,19.45
0962-CQPWQ,0.005226980494431131,Low Risk,Two year,62,20.3
8224-KDLKN,0.005216876019427254,Low Risk,Two year,72,25.0
2607-DHDAK,0.005212559681328601,Low Risk,Two year,72,19.8
2804-ETQDK,0.005204812452421685,Low Risk,Two year,66,20.55
0505-SPOOW,0.005199723230690905,Low Risk,Two year,70,19.8
7083-MIOPC,0.005181657366188165,Low Risk,Two year,72,20.25
2718-YSKCS,0.005176308354097462,Low Risk,Two year,71,19.6
7268-WNTCP,0.00509880413423617,Low Risk,Two year,62,20.45
8590-YFFQO,0.0050896590920275165,Low Risk,Two year,70,64.95
5787-KXGIY,0.005050657584834762,Low Risk,Two year,72,19.3
0270-THENM,0.005025519161501876,Low Risk,Two year,72,69.85
1927-QEWMY,0.005005145656869711,Low Risk,Two year,72,20.5
0404-AHASP,0.0050002054726404664,Low Risk,Two year,72,19.7
3976-HXHCE,0.0049695630842508135,Low Risk,Two year,72,19.3
4737-AQCPU,0.004966070871576783,Low Risk,Two year,72,72.1
3910-MRQOY,0.004920949506162204,Low Risk,Two year,72,19.4
2429-AYKKO,0.0049014272711555154,Low Risk,Two year,72,19.85
3996-ZNWYK,0.004894085104391888,Low Risk,Two year,71,19.8
1764-VUUMT,0.004875495421268269,Low Risk,Two year,66,19.95
7399-QHBJS,0.0048704880466143245,Low Risk,Two year,72,66.75
7463-IFMQU,0.004841308512939045,Low Risk,Two year,72,20.05
5346-BZCHP,0.004823059249734388,Low Risk,Two year,69,19.4
7113-HIPFI,0.00481881639672036,Low Risk,Two year,66,65.85
7169-YWAMK,0.0047760956235171625,Low Risk,Two year,72,68.4
9800-OUIGR,0.004733070052157825,Low Risk,Two year,66,20.0
2545-LXYVJ,0.004663630841632051,Low Risk,Two year,72,20.7
3563-SVYLG,0.00451431326730714,Low Risk,Two year,68,62.65
3279-DYZQM,0.004418967669122472,Low Risk,Two year,71,19.45
7876-DNYAP,0.0044057449875827635,Low Risk,Two year,69,19.8
0831-JNISG,0.004380294991255442,Low Risk,Two year,71,19.8
3678-MNGZX,0.004246318969534032,Low Risk,Two year,68,19.95
0042-RLHYP,0.004224144477902985,Low Risk,Two year,69,19.7
2984-RGEYA,0.004218842517614495,Low Risk,Two year,69,19.75
7673-BQGKU,0.0041766647053997,Low Risk,Two year,69,20.15
6980-IMXXE,0.004171422089984112,Low Risk,Two year,69,20.2
1403-GYAFU,0.004149345581062738,Low Risk,Two year,70,20.05
3173-WSSUE,0.004138057609518469,Low Risk,Two year,71,19.7
4957-SREEC,0.00411819228079442,Low Risk,Two year,70,20.35
1052-QJIBV,0.004117319111723494,Low Risk,Two year,71,19.9
9537-JALFH,0.004115285512215351,Low Risk,Two year,69,19.9
0902-XKXPN,0.004084386886231904,Low Risk,Two year,69,20.2
8750-QWZAJ,0.0040783946768222275,Low Risk,Two year,70,19.8
4086-WITJG,0.004051715711141217,Low Risk,Two year,71,19.7
8619-IJNDK,0.004036503406431113,Low Risk,Two year,71,64.05
0784-ZQJZX,0.004014549199659702,Low Risk,Two year,72,19.9
6928-ONTRW,0.004005316744460218,Low Risk,Two year,72,19.7
2848-YXSMW,0.003951406646265073,Low Risk,Two year,72,19.4
4817-KEQSP,0.003942603918203283,Low Risk,Two year,71,19.85
3642-BYHDO,0.003937653937857345,Low Risk,Two year,71,19.9
0264-CNITK,0.003917915841868277,Low Risk,Two year,71,20.1
8229-BUJHX,0.0038787348207462193,Low Risk,Two year,71,20.5
1166-PQLGG,0.0038449857251701388,Low Risk,Two year,72,19.55
0464-WJTKO,0.0037922098070916764,Low Risk,Two year,72,20.1
4277-BWBML,0.003727080869196263,Low Risk,Two year,72,19.95
0794-YVSGE,0.0036944407821935944,Low Risk,Two year,72,20.3
0640-YJTPY,0.003630012530741954,Low Risk,Two year,72,21.0
